step,base-mem,mlu-mem,diff_abs,diff_relative,max_error_range,success
1,63776.9248046875,63740.9189453125,36.00585938,0.0005645593525442861,0.002,1
2,64422.04297,64354.037109375,68.00585938,0.0010556302818274244,0.002,1
3,69013.11376953125,68945.10791015625,68.00585938,0.0009854048840935512,0.002,1
4,69013.11376953125,68945.10791015625,68.00585938,0.0009854048840935512,0.002,1
5,69013.11376953125,68945.10791015625,68.00585938,0.0009854048840935512,0.002,1
6,69013.11376953125,68945.10791015625,68.00585938,0.0009854048840935512,0.002,1
7,69013.11376953125,68945.10791015625,68.00585938,0.0009854048840935512,0.002,1
8,69013.11376953125,68945.10791015625,68.00585938,0.0009854048840935512,0.002,1
9,69013.11376953125,68945.10791015625,68.00585938,0.0009854048840935512,0.002,1
10,69013.11474609375,68945.10888671875,68.00585938,0.0009854048701496876,0.002,1
11,69013.11474609375,68945.10888671875,68.00585938,0.0009854048701496876,0.002,1
12,69013.11474609375,68945.10888671875,68.00585938,0.0009854048701496876,0.002,1
13,69013.11474609375,68945.10888671875,68.00585938,0.0009854048701496876,0.002,1
14,69013.11474609375,68945.10888671875,68.00585938,0.0009854048701496876,0.002,1
15,69013.11474609375,68945.10888671875,68.00585938,0.0009854048701496876,0.002,1
16,69013.11474609375,68945.10888671875,68.00585938,0.0009854048701496876,0.002,1
17,69013.11474609375,68945.10888671875,68.00585938,0.0009854048701496876,0.002,1
18,69013.115234375,68945.10938,68.00585938,0.0009854048631777559,0.002,1
19,69013.115234375,68945.10938,68.00585938,0.0009854048631777559,0.002,1
20,69013.115234375,68945.10938,68.00585938,0.0009854048631777559,0.002,1
21,69013.11572265625,68945.10986328125,68.00585938,0.0009854048562058244,0.002,1
22,69013.11572265625,68945.10986328125,68.00585938,0.0009854048562058244,0.002,1
23,69013.11572265625,68945.10986328125,68.00585938,0.0009854048562058244,0.002,1
24,69013.11572265625,68945.10986328125,68.00585938,0.0009854048562058244,0.002,1
25,69013.11572265625,68945.10986328125,68.00585938,0.0009854048562058244,0.002,1
26,69013.11572265625,68945.10986328125,68.00585938,0.0009854048562058244,0.002,1
27,69013.11572265625,68945.10986328125,68.00585938,0.0009854048562058244,0.002,1
28,69013.11572265625,68945.10986328125,68.00585938,0.0009854048562058244,0.002,1
29,69013.11572265625,68945.10986328125,68.00585938,0.0009854048562058244,0.002,1
30,69013.11572265625,68945.10986328125,68.00585938,0.0009854048562058244,0.002,1
31,69013.11572265625,68945.10986328125,68.00585938,0.0009854048562058244,0.002,1
32,69013.11572265625,68945.10986328125,68.00585938,0.0009854048562058244,0.002,1
33,69013.11572265625,68945.10986328125,68.00585938,0.0009854048562058244,0.002,1
34,69013.11572265625,68945.10986328125,68.00585938,0.0009854048562058244,0.002,1
35,69013.11572265625,68945.10986328125,68.00585938,0.0009854048562058244,0.002,1
36,69013.11572265625,68945.10986328125,68.00585938,0.0009854048562058244,0.002,1
37,69013.11572265625,68945.10986328125,68.00585938,0.0009854048562058244,0.002,1
38,69013.11572265625,68945.10986328125,68.00585938,0.0009854048562058244,0.002,1
39,69013.1162109375,68945.1103515625,68.00585938,0.000985404849233893,0.002,1
40,69013.1162109375,68945.1103515625,68.00585938,0.000985404849233893,0.002,1
41,69013.1162109375,68945.1103515625,68.00585938,0.000985404849233893,0.002,1
42,69013.1162109375,68945.1103515625,68.00585938,0.000985404849233893,0.002,1
43,69013.1162109375,68945.1103515625,68.00585938,0.000985404849233893,0.002,1
44,69013.1162109375,68945.1103515625,68.00585938,0.000985404849233893,0.002,1
45,69013.1162109375,68945.1103515625,68.00585938,0.000985404849233893,0.002,1
46,69013.1162109375,68945.1103515625,68.00585938,0.000985404849233893,0.002,1
47,69013.1162109375,68945.1103515625,68.00585938,0.000985404849233893,0.002,1
48,69013.1162109375,68945.1103515625,68.00585938,0.000985404849233893,0.002,1
49,69013.1162109375,68945.1103515625,68.00585938,0.000985404849233893,0.002,1
50,69013.1162109375,68945.1103515625,68.00585938,0.000985404849233893,0.002,1
51,69013.1162109375,68945.1103515625,68.00585938,0.000985404849233893,0.002,1
52,69013.1162109375,68945.1103515625,68.00585938,0.000985404849233893,0.002,1
53,69013.1162109375,68945.1103515625,68.00585938,0.000985404849233893,0.002,1
54,69013.1162109375,68945.1103515625,68.00585938,0.000985404849233893,0.002,1
55,69013.1162109375,68945.1103515625,68.00585938,0.000985404849233893,0.002,1
56,69013.1162109375,68945.1103515625,68.00585938,0.000985404849233893,0.002,1
57,69013.1162109375,68945.1103515625,68.00585938,0.000985404849233893,0.002,1
58,69013.1162109375,68945.1103515625,68.00585938,0.000985404849233893,0.002,1
59,69013.1162109375,68945.1103515625,68.00585938,0.000985404849233893,0.002,1
60,69013.1162109375,68945.1103515625,68.00585938,0.000985404849233893,0.002,1
61,69013.1162109375,68945.1103515625,68.00585938,0.000985404849233893,0.002,1
62,69013.1162109375,68945.1103515625,68.00585938,0.000985404849233893,0.002,1
63,69013.1162109375,68945.1103515625,68.00585938,0.000985404849233893,0.002,1
64,69013.1162109375,68945.1103515625,68.00585938,0.000985404849233893,0.002,1
65,69013.1162109375,68945.1103515625,68.00585938,0.000985404849233893,0.002,1
66,69013.1162109375,68945.1103515625,68.00585938,0.000985404849233893,0.002,1
67,69013.1162109375,68945.1103515625,68.00585938,0.000985404849233893,0.002,1
68,69013.1162109375,68945.1103515625,68.00585938,0.000985404849233893,0.002,1
69,69013.1162109375,68945.1103515625,68.00585938,0.000985404849233893,0.002,1
70,69013.1162109375,68945.1103515625,68.00585938,0.000985404849233893,0.002,1
71,69013.1162109375,68945.1103515625,68.00585938,0.000985404849233893,0.002,1
72,69013.1162109375,68945.1103515625,68.00585938,0.000985404849233893,0.002,1
73,69013.1162109375,68945.1103515625,68.00585938,0.000985404849233893,0.002,1
74,69013.1162109375,68945.1103515625,68.00585938,0.000985404849233893,0.002,1
75,69013.1162109375,68945.1103515625,68.00585938,0.000985404849233893,0.002,1
76,69013.1162109375,68945.1103515625,68.00585938,0.000985404849233893,0.002,1
77,69013.1162109375,68945.1103515625,68.00585938,0.000985404849233893,0.002,1
78,69013.1162109375,68945.1103515625,68.00585938,0.000985404849233893,0.002,1
79,69013.1162109375,68945.1103515625,68.00585938,0.000985404849233893,0.002,1
80,69013.1162109375,68945.1103515625,68.00585938,0.000985404849233893,0.002,1
81,69013.1162109375,68945.1103515625,68.00585938,0.000985404849233893,0.002,1
82,69013.1162109375,68945.1103515625,68.00585938,0.000985404849233893,0.002,1
83,69013.1162109375,68945.1103515625,68.00585938,0.000985404849233893,0.002,1
84,69013.1162109375,68945.1103515625,68.00585938,0.000985404849233893,0.002,1
85,69013.1162109375,68945.1103515625,68.00585938,0.000985404849233893,0.002,1
86,69013.1162109375,68945.1103515625,68.00585938,0.000985404849233893,0.002,1
87,69013.1162109375,68945.1103515625,68.00585938,0.000985404849233893,0.002,1
88,69013.1162109375,68945.1103515625,68.00585938,0.000985404849233893,0.002,1
89,69013.1162109375,68945.1103515625,68.00585938,0.000985404849233893,0.002,1
90,69013.1162109375,68945.1103515625,68.00585938,0.000985404849233893,0.002,1
91,69013.1162109375,68945.1103515625,68.00585938,0.000985404849233893,0.002,1
92,69013.1162109375,68945.1103515625,68.00585938,0.000985404849233893,0.002,1
93,69013.1162109375,68945.1103515625,68.00585938,0.000985404849233893,0.002,1
94,69013.1162109375,68945.1103515625,68.00585938,0.000985404849233893,0.002,1
95,69013.1162109375,68945.1103515625,68.00585938,0.000985404849233893,0.002,1
96,69013.1162109375,68945.1103515625,68.00585938,0.000985404849233893,0.002,1
97,69013.1162109375,68945.1103515625,68.00585938,0.000985404849233893,0.002,1
98,69013.1162109375,68945.1103515625,68.00585938,0.000985404849233893,0.002,1
99,69013.1162109375,68945.1103515625,68.00585938,0.000985404849233893,0.002,1
100,69013.1162109375,68945.1103515625,68.00585938,0.000985404849233893,0.002,1
101,69013.1162109375,68945.1103515625,68.00585938,0.000985404849233893,0.002,1
102,69013.1162109375,68945.1103515625,68.00585938,0.000985404849233893,0.002,1
103,69013.1162109375,68945.1103515625,68.00585938,0.000985404849233893,0.002,1
104,69013.1162109375,68945.1103515625,68.00585938,0.000985404849233893,0.002,1
105,69013.1162109375,68945.1103515625,68.00585938,0.000985404849233893,0.002,1
106,69013.1162109375,68945.1103515625,68.00585938,0.000985404849233893,0.002,1
107,69013.1162109375,68945.1103515625,68.00585938,0.000985404849233893,0.002,1
108,69013.1162109375,68945.1103515625,68.00585938,0.000985404849233893,0.002,1
109,69013.1162109375,68945.1103515625,68.00585938,0.000985404849233893,0.002,1
110,69013.1162109375,68945.1103515625,68.00585938,0.000985404849233893,0.002,1
111,69013.1162109375,68945.1103515625,68.00585938,0.000985404849233893,0.002,1
112,69013.1162109375,68945.1103515625,68.00585938,0.000985404849233893,0.002,1
113,69013.1162109375,68945.1103515625,68.00585938,0.000985404849233893,0.002,1
114,69013.1162109375,68945.1103515625,68.00585938,0.000985404849233893,0.002,1
115,69013.1162109375,68945.1103515625,68.00585938,0.000985404849233893,0.002,1
116,69013.1162109375,68945.1103515625,68.00585938,0.000985404849233893,0.002,1
117,69013.1162109375,68945.1103515625,68.00585938,0.000985404849233893,0.002,1
118,69013.1162109375,68945.1103515625,68.00585938,0.000985404849233893,0.002,1
119,69013.1162109375,68945.1103515625,68.00585938,0.000985404849233893,0.002,1
120,69013.1162109375,68945.1103515625,68.00585938,0.000985404849233893,0.002,1
121,69013.1162109375,68945.1103515625,68.00585938,0.000985404849233893,0.002,1
122,69013.1162109375,68945.1103515625,68.00585938,0.000985404849233893,0.002,1
123,69013.1162109375,68945.1103515625,68.00585938,0.000985404849233893,0.002,1
124,69013.1162109375,68945.1103515625,68.00585938,0.000985404849233893,0.002,1
125,69013.1162109375,68945.1103515625,68.00585938,0.000985404849233893,0.002,1
126,69013.1162109375,68945.1103515625,68.00585938,0.000985404849233893,0.002,1
127,69013.1162109375,68945.1103515625,68.00585938,0.000985404849233893,0.002,1
128,69013.1162109375,68945.1103515625,68.00585938,0.000985404849233893,0.002,1
129,69013.1162109375,68945.1103515625,68.00585938,0.000985404849233893,0.002,1
130,69013.1162109375,68945.1103515625,68.00585938,0.000985404849233893,0.002,1
131,69013.1162109375,68945.1103515625,68.00585938,0.000985404849233893,0.002,1
132,69013.1162109375,68945.1103515625,68.00585938,0.000985404849233893,0.002,1
133,69013.1162109375,68945.1103515625,68.00585938,0.000985404849233893,0.002,1
134,69013.1162109375,68945.1103515625,68.00585938,0.000985404849233893,0.002,1
135,69013.1162109375,68945.1103515625,68.00585938,0.000985404849233893,0.002,1
136,69013.1162109375,68945.1103515625,68.00585938,0.000985404849233893,0.002,1
137,69013.1162109375,68945.1103515625,68.00585938,0.000985404849233893,0.002,1
138,69013.1162109375,68945.1103515625,68.00585938,0.000985404849233893,0.002,1
139,69013.1162109375,68945.1103515625,68.00585938,0.000985404849233893,0.002,1
140,69013.1162109375,68945.1103515625,68.00585938,0.000985404849233893,0.002,1
141,69013.1162109375,68945.1103515625,68.00585938,0.000985404849233893,0.002,1
142,69013.1162109375,68945.1103515625,68.00585938,0.000985404849233893,0.002,1
143,69013.1162109375,68945.1103515625,68.00585938,0.000985404849233893,0.002,1
144,69013.1162109375,68945.1103515625,68.00585938,0.000985404849233893,0.002,1
145,69013.1162109375,68945.1103515625,68.00585938,0.000985404849233893,0.002,1
146,69013.1162109375,68945.1103515625,68.00585938,0.000985404849233893,0.002,1
147,69013.1162109375,68945.1103515625,68.00585938,0.000985404849233893,0.002,1
148,69013.1162109375,68945.1103515625,68.00585938,0.000985404849233893,0.002,1
149,69013.1162109375,68945.1103515625,68.00585938,0.000985404849233893,0.002,1
150,69013.1162109375,68945.1103515625,68.00585938,0.000985404849233893,0.002,1
151,69013.1162109375,68945.1103515625,68.00585938,0.000985404849233893,0.002,1
152,69013.1162109375,68945.1103515625,68.00585938,0.000985404849233893,0.002,1
153,69013.1162109375,68945.1103515625,68.00585938,0.000985404849233893,0.002,1
154,69013.1162109375,68945.1103515625,68.00585938,0.000985404849233893,0.002,1
155,69013.1162109375,68945.1103515625,68.00585938,0.000985404849233893,0.002,1
156,69013.1162109375,68945.1103515625,68.00585938,0.000985404849233893,0.002,1
157,69013.1162109375,68945.1103515625,68.00585938,0.000985404849233893,0.002,1
158,69013.1162109375,68945.1103515625,68.00585938,0.000985404849233893,0.002,1
159,69013.1162109375,68945.1103515625,68.00585938,0.000985404849233893,0.002,1
160,69013.1162109375,68945.1103515625,68.00585938,0.000985404849233893,0.002,1
161,69013.1162109375,68945.1103515625,68.00585938,0.000985404849233893,0.002,1
162,69013.1162109375,68945.1103515625,68.00585938,0.000985404849233893,0.002,1
163,69013.1162109375,68945.1103515625,68.00585938,0.000985404849233893,0.002,1
164,69013.1162109375,68945.1103515625,68.00585938,0.000985404849233893,0.002,1
165,69013.1162109375,68945.1103515625,68.00585938,0.000985404849233893,0.002,1
166,69013.1162109375,68945.1103515625,68.00585938,0.000985404849233893,0.002,1
167,69013.1162109375,68945.1103515625,68.00585938,0.000985404849233893,0.002,1
168,69013.1162109375,68945.1103515625,68.00585938,0.000985404849233893,0.002,1
169,69013.1162109375,68945.1103515625,68.00585938,0.000985404849233893,0.002,1
170,69013.1162109375,68945.1103515625,68.00585938,0.000985404849233893,0.002,1
171,69013.1162109375,68945.1103515625,68.00585938,0.000985404849233893,0.002,1
172,69013.1162109375,68945.1103515625,68.00585938,0.000985404849233893,0.002,1
173,69013.1162109375,68945.1103515625,68.00585938,0.000985404849233893,0.002,1
174,69013.1162109375,68945.1103515625,68.00585938,0.000985404849233893,0.002,1
175,69013.1162109375,68945.1103515625,68.00585938,0.000985404849233893,0.002,1
176,69013.1162109375,68945.1103515625,68.00585938,0.000985404849233893,0.002,1
177,69013.1162109375,68945.1103515625,68.00585938,0.000985404849233893,0.002,1
178,69013.1162109375,68945.1103515625,68.00585938,0.000985404849233893,0.002,1
179,69013.1162109375,68945.1103515625,68.00585938,0.000985404849233893,0.002,1
180,69013.1162109375,68945.1103515625,68.00585938,0.000985404849233893,0.002,1
181,69013.1162109375,68945.1103515625,68.00585938,0.000985404849233893,0.002,1
182,69013.1162109375,68945.1103515625,68.00585938,0.000985404849233893,0.002,1
183,69013.1162109375,68945.1103515625,68.00585938,0.000985404849233893,0.002,1
184,69013.1162109375,68945.1103515625,68.00585938,0.000985404849233893,0.002,1
185,69013.1162109375,68945.1103515625,68.00585938,0.000985404849233893,0.002,1
186,69013.1162109375,68945.1103515625,68.00585938,0.000985404849233893,0.002,1
187,69013.1162109375,68945.1103515625,68.00585938,0.000985404849233893,0.002,1
188,69013.1162109375,68945.1103515625,68.00585938,0.000985404849233893,0.002,1
189,69013.1162109375,68945.1103515625,68.00585938,0.000985404849233893,0.002,1
190,69013.1162109375,68945.1103515625,68.00585938,0.000985404849233893,0.002,1
191,69013.1162109375,68945.1103515625,68.00585938,0.000985404849233893,0.002,1
192,69013.1162109375,68945.1103515625,68.00585938,0.000985404849233893,0.002,1
193,69013.1162109375,68945.1103515625,68.00585938,0.000985404849233893,0.002,1
194,69013.1162109375,68945.1103515625,68.00585938,0.000985404849233893,0.002,1
195,69013.1162109375,68945.1103515625,68.00585938,0.000985404849233893,0.002,1
196,69013.1162109375,68945.1103515625,68.00585938,0.000985404849233893,0.002,1
197,69013.1162109375,68945.1103515625,68.00585938,0.000985404849233893,0.002,1
198,69013.1162109375,68945.1103515625,68.00585938,0.000985404849233893,0.002,1
199,69013.1162109375,68945.1103515625,68.00585938,0.000985404849233893,0.002,1
200,69013.1162109375,68945.1103515625,68.00585938,0.000985404849233893,0.002,1
201,69013.1162109375,68945.1103515625,68.00585938,0.000985404849233893,0.002,1
202,69013.1162109375,68945.1103515625,68.00585938,0.000985404849233893,0.002,1
203,69013.1162109375,68945.1103515625,68.00585938,0.000985404849233893,0.002,1
204,69013.1162109375,68945.1103515625,68.00585938,0.000985404849233893,0.002,1
205,69013.1162109375,68945.1103515625,68.00585938,0.000985404849233893,0.002,1
206,69013.1162109375,68945.1103515625,68.00585938,0.000985404849233893,0.002,1
207,69013.1162109375,68945.1103515625,68.00585938,0.000985404849233893,0.002,1
208,69013.1162109375,68945.1103515625,68.00585938,0.000985404849233893,0.002,1
209,69013.1162109375,68945.1103515625,68.00585938,0.000985404849233893,0.002,1
210,69013.1162109375,68945.1103515625,68.00585938,0.000985404849233893,0.002,1
211,69013.1162109375,68945.1103515625,68.00585938,0.000985404849233893,0.002,1
212,69013.1162109375,68945.1103515625,68.00585938,0.000985404849233893,0.002,1
213,69013.1162109375,68945.1103515625,68.00585938,0.000985404849233893,0.002,1
214,69013.1162109375,68945.1103515625,68.00585938,0.000985404849233893,0.002,1
215,69013.1162109375,68945.1103515625,68.00585938,0.000985404849233893,0.002,1
216,69013.1162109375,68945.1103515625,68.00585938,0.000985404849233893,0.002,1
217,69013.1162109375,68945.1103515625,68.00585938,0.000985404849233893,0.002,1
218,69013.1162109375,68945.1103515625,68.00585938,0.000985404849233893,0.002,1
219,69013.1162109375,68945.1103515625,68.00585938,0.000985404849233893,0.002,1
220,69013.1162109375,68945.1103515625,68.00585938,0.000985404849233893,0.002,1
221,69013.1162109375,68945.1103515625,68.00585938,0.000985404849233893,0.002,1
222,69013.1162109375,68945.1103515625,68.00585938,0.000985404849233893,0.002,1
223,69013.1162109375,68945.1103515625,68.00585938,0.000985404849233893,0.002,1
224,69013.1162109375,68945.1103515625,68.00585938,0.000985404849233893,0.002,1
225,69013.1162109375,68945.1103515625,68.00585938,0.000985404849233893,0.002,1
226,69013.1162109375,68945.1103515625,68.00585938,0.000985404849233893,0.002,1
227,69013.1162109375,68945.1103515625,68.00585938,0.000985404849233893,0.002,1
228,69013.1162109375,68945.1103515625,68.00585938,0.000985404849233893,0.002,1
229,69013.1162109375,68945.1103515625,68.00585938,0.000985404849233893,0.002,1
230,69013.1162109375,68945.1103515625,68.00585938,0.000985404849233893,0.002,1
231,69013.1162109375,68945.1103515625,68.00585938,0.000985404849233893,0.002,1
232,69013.1162109375,68945.1103515625,68.00585938,0.000985404849233893,0.002,1
233,69013.1162109375,68945.1103515625,68.00585938,0.000985404849233893,0.002,1
234,69013.1162109375,68945.1103515625,68.00585938,0.000985404849233893,0.002,1
235,69013.1162109375,68945.1103515625,68.00585938,0.000985404849233893,0.002,1
236,69013.1162109375,68945.1103515625,68.00585938,0.000985404849233893,0.002,1
237,69013.1162109375,68945.1103515625,68.00585938,0.000985404849233893,0.002,1
238,69013.1162109375,68945.1103515625,68.00585938,0.000985404849233893,0.002,1
239,69013.1162109375,68945.1103515625,68.00585938,0.000985404849233893,0.002,1
240,69013.1162109375,68945.1103515625,68.00585938,0.000985404849233893,0.002,1
241,69013.1162109375,68945.1103515625,68.00585938,0.000985404849233893,0.002,1
242,69013.1162109375,68945.1103515625,68.00585938,0.000985404849233893,0.002,1
243,69013.1162109375,68945.1103515625,68.00585938,0.000985404849233893,0.002,1
244,69013.1162109375,68945.1103515625,68.00585938,0.000985404849233893,0.002,1
245,69013.1162109375,68945.1103515625,68.00585938,0.000985404849233893,0.002,1
246,69013.1162109375,68945.1103515625,68.00585938,0.000985404849233893,0.002,1
247,69013.1162109375,68945.1103515625,68.00585938,0.000985404849233893,0.002,1
248,69013.1162109375,68945.1103515625,68.00585938,0.000985404849233893,0.002,1
249,69013.1162109375,68945.1103515625,68.00585938,0.000985404849233893,0.002,1
250,69013.1162109375,68945.1103515625,68.00585938,0.000985404849233893,0.002,1
251,69013.1162109375,68945.1103515625,68.00585938,0.000985404849233893,0.002,1
252,69013.1162109375,68945.1103515625,68.00585938,0.000985404849233893,0.002,1
253,69013.1162109375,68945.1103515625,68.00585938,0.000985404849233893,0.002,1
254,69013.1162109375,68945.1103515625,68.00585938,0.000985404849233893,0.002,1
255,69013.1162109375,68945.1103515625,68.00585938,0.000985404849233893,0.002,1
256,69013.1162109375,68945.1103515625,68.00585938,0.000985404849233893,0.002,1
257,69013.1162109375,68945.1103515625,68.00585938,0.000985404849233893,0.002,1
258,69013.1162109375,68945.1103515625,68.00585938,0.000985404849233893,0.002,1
259,69013.1162109375,68945.1103515625,68.00585938,0.000985404849233893,0.002,1
260,69013.1162109375,68945.1103515625,68.00585938,0.000985404849233893,0.002,1
261,69013.1162109375,68945.1103515625,68.00585938,0.000985404849233893,0.002,1
262,69013.1162109375,68945.1103515625,68.00585938,0.000985404849233893,0.002,1
263,69013.1162109375,68945.1103515625,68.00585938,0.000985404849233893,0.002,1
264,69013.1162109375,68945.1103515625,68.00585938,0.000985404849233893,0.002,1
265,69013.1162109375,68945.1103515625,68.00585938,0.000985404849233893,0.002,1
266,69013.1162109375,68945.1103515625,68.00585938,0.000985404849233893,0.002,1
267,69013.1162109375,68945.1103515625,68.00585938,0.000985404849233893,0.002,1
268,69013.1162109375,68945.1103515625,68.00585938,0.000985404849233893,0.002,1
269,69013.1162109375,68945.1103515625,68.00585938,0.000985404849233893,0.002,1
270,69013.1162109375,68945.1103515625,68.00585938,0.000985404849233893,0.002,1
271,69013.1162109375,68945.1103515625,68.00585938,0.000985404849233893,0.002,1
272,69013.1162109375,68945.1103515625,68.00585938,0.000985404849233893,0.002,1
273,69013.1162109375,68945.1103515625,68.00585938,0.000985404849233893,0.002,1
274,69013.1162109375,68945.1103515625,68.00585938,0.000985404849233893,0.002,1
275,69013.1162109375,68945.1103515625,68.00585938,0.000985404849233893,0.002,1
276,69013.1162109375,68945.1103515625,68.00585938,0.000985404849233893,0.002,1
277,69013.1162109375,68945.1103515625,68.00585938,0.000985404849233893,0.002,1
278,69013.1162109375,68945.1103515625,68.00585938,0.000985404849233893,0.002,1
279,69013.1162109375,68945.1103515625,68.00585938,0.000985404849233893,0.002,1
280,69013.1162109375,68945.1103515625,68.00585938,0.000985404849233893,0.002,1
281,69013.1162109375,68945.1103515625,68.00585938,0.000985404849233893,0.002,1
282,69013.1162109375,68945.1103515625,68.00585938,0.000985404849233893,0.002,1
283,69013.1162109375,68945.1103515625,68.00585938,0.000985404849233893,0.002,1
284,69013.1162109375,68945.1103515625,68.00585938,0.000985404849233893,0.002,1
285,69013.1162109375,68945.1103515625,68.00585938,0.000985404849233893,0.002,1
286,69013.1162109375,68945.1103515625,68.00585938,0.000985404849233893,0.002,1
287,69013.1162109375,68945.1103515625,68.00585938,0.000985404849233893,0.002,1
288,69013.1162109375,68945.1103515625,68.00585938,0.000985404849233893,0.002,1
289,69013.1162109375,68945.1103515625,68.00585938,0.000985404849233893,0.002,1
290,69013.1162109375,68945.1103515625,68.00585938,0.000985404849233893,0.002,1
291,69013.1162109375,68945.1103515625,68.00585938,0.000985404849233893,0.002,1
292,69013.1162109375,68945.1103515625,68.00585938,0.000985404849233893,0.002,1
293,69013.1162109375,68945.1103515625,68.00585938,0.000985404849233893,0.002,1
294,69013.1162109375,68945.1103515625,68.00585938,0.000985404849233893,0.002,1
295,69013.1162109375,68945.1103515625,68.00585938,0.000985404849233893,0.002,1
296,69013.1162109375,68945.1103515625,68.00585938,0.000985404849233893,0.002,1
297,69013.1162109375,68945.1103515625,68.00585938,0.000985404849233893,0.002,1
298,69013.1162109375,68945.1103515625,68.00585938,0.000985404849233893,0.002,1
299,69013.1162109375,68945.1103515625,68.00585938,0.000985404849233893,0.002,1
300,69013.1162109375,68945.1103515625,68.00585938,0.000985404849233893,0.002,1
301,69013.1162109375,68945.1103515625,68.00585938,0.000985404849233893,0.002,1
302,69013.1162109375,68945.1103515625,68.00585938,0.000985404849233893,0.002,1
303,69013.1162109375,68945.1103515625,68.00585938,0.000985404849233893,0.002,1
304,69013.1162109375,68945.1103515625,68.00585938,0.000985404849233893,0.002,1
305,69013.1162109375,68945.1103515625,68.00585938,0.000985404849233893,0.002,1
306,69013.1162109375,68945.1103515625,68.00585938,0.000985404849233893,0.002,1
307,69013.1162109375,68945.1103515625,68.00585938,0.000985404849233893,0.002,1
308,69013.1162109375,68945.1103515625,68.00585938,0.000985404849233893,0.002,1
309,69013.1162109375,68945.1103515625,68.00585938,0.000985404849233893,0.002,1
310,69013.1162109375,68945.1103515625,68.00585938,0.000985404849233893,0.002,1
311,69013.1162109375,68945.1103515625,68.00585938,0.000985404849233893,0.002,1
312,69013.1162109375,68945.1103515625,68.00585938,0.000985404849233893,0.002,1
313,69013.1162109375,68945.1103515625,68.00585938,0.000985404849233893,0.002,1
314,69013.1162109375,68945.1103515625,68.00585938,0.000985404849233893,0.002,1
315,69013.1162109375,68945.1103515625,68.00585938,0.000985404849233893,0.002,1
316,69013.1162109375,68945.1103515625,68.00585938,0.000985404849233893,0.002,1
317,69013.1162109375,68945.1103515625,68.00585938,0.000985404849233893,0.002,1
318,69013.1162109375,68945.1103515625,68.00585938,0.000985404849233893,0.002,1
319,69013.1162109375,68945.1103515625,68.00585938,0.000985404849233893,0.002,1
320,69013.1162109375,68945.1103515625,68.00585938,0.000985404849233893,0.002,1
321,69013.1162109375,68945.1103515625,68.00585938,0.000985404849233893,0.002,1
322,69013.1162109375,68945.1103515625,68.00585938,0.000985404849233893,0.002,1
323,69013.1162109375,68945.1103515625,68.00585938,0.000985404849233893,0.002,1
324,69013.1162109375,68945.1103515625,68.00585938,0.000985404849233893,0.002,1
325,69013.1162109375,68945.1103515625,68.00585938,0.000985404849233893,0.002,1
326,69013.1162109375,68945.1103515625,68.00585938,0.000985404849233893,0.002,1
327,69013.1162109375,68945.1103515625,68.00585938,0.000985404849233893,0.002,1
328,69013.1162109375,68945.1103515625,68.00585938,0.000985404849233893,0.002,1
329,69013.1162109375,68945.1103515625,68.00585938,0.000985404849233893,0.002,1
330,69013.1162109375,68945.1103515625,68.00585938,0.000985404849233893,0.002,1
331,69013.1162109375,68945.1103515625,68.00585938,0.000985404849233893,0.002,1
332,69013.1162109375,68945.1103515625,68.00585938,0.000985404849233893,0.002,1
333,69013.1162109375,68945.1103515625,68.00585938,0.000985404849233893,0.002,1
334,69013.1162109375,68945.1103515625,68.00585938,0.000985404849233893,0.002,1
335,69013.1162109375,68945.1103515625,68.00585938,0.000985404849233893,0.002,1
336,69013.1162109375,68945.1103515625,68.00585938,0.000985404849233893,0.002,1
337,69013.1162109375,68945.1103515625,68.00585938,0.000985404849233893,0.002,1
338,69013.1162109375,68945.1103515625,68.00585938,0.000985404849233893,0.002,1
339,69013.1162109375,68945.1103515625,68.00585938,0.000985404849233893,0.002,1
340,69013.1162109375,68945.1103515625,68.00585938,0.000985404849233893,0.002,1
341,69013.1162109375,68945.1103515625,68.00585938,0.000985404849233893,0.002,1
342,69013.1162109375,68945.1103515625,68.00585938,0.000985404849233893,0.002,1
343,69013.1162109375,68945.1103515625,68.00585938,0.000985404849233893,0.002,1
344,69013.1162109375,68945.1103515625,68.00585938,0.000985404849233893,0.002,1
345,69013.1162109375,68945.1103515625,68.00585938,0.000985404849233893,0.002,1
346,69013.1162109375,68945.1103515625,68.00585938,0.000985404849233893,0.002,1
347,69013.1162109375,68945.1103515625,68.00585938,0.000985404849233893,0.002,1
348,69013.1162109375,68945.1103515625,68.00585938,0.000985404849233893,0.002,1
349,69013.1162109375,68945.1103515625,68.00585938,0.000985404849233893,0.002,1
350,69013.1162109375,68945.1103515625,68.00585938,0.000985404849233893,0.002,1
351,69013.1162109375,68945.1103515625,68.00585938,0.000985404849233893,0.002,1
352,69013.1162109375,68945.1103515625,68.00585938,0.000985404849233893,0.002,1
353,69013.1162109375,68945.1103515625,68.00585938,0.000985404849233893,0.002,1
354,69013.1162109375,68945.1103515625,68.00585938,0.000985404849233893,0.002,1
355,69013.1162109375,68945.1103515625,68.00585938,0.000985404849233893,0.002,1
356,69013.1162109375,68945.1103515625,68.00585938,0.000985404849233893,0.002,1
357,69013.1162109375,68945.1103515625,68.00585938,0.000985404849233893,0.002,1
358,69013.1162109375,68945.1103515625,68.00585938,0.000985404849233893,0.002,1
359,69013.1162109375,68945.1103515625,68.00585938,0.000985404849233893,0.002,1
360,69013.1162109375,68945.1103515625,68.00585938,0.000985404849233893,0.002,1
361,69013.1162109375,68945.1103515625,68.00585938,0.000985404849233893,0.002,1
362,69013.1162109375,68945.1103515625,68.00585938,0.000985404849233893,0.002,1
363,69013.1162109375,68945.1103515625,68.00585938,0.000985404849233893,0.002,1
364,69013.1162109375,68945.1103515625,68.00585938,0.000985404849233893,0.002,1
365,69013.1162109375,68945.1103515625,68.00585938,0.000985404849233893,0.002,1
366,69013.1162109375,68945.1103515625,68.00585938,0.000985404849233893,0.002,1
367,69013.1162109375,68945.1103515625,68.00585938,0.000985404849233893,0.002,1
368,69013.1162109375,68945.1103515625,68.00585938,0.000985404849233893,0.002,1
369,69013.1162109375,68945.1103515625,68.00585938,0.000985404849233893,0.002,1
370,69013.1162109375,68945.1103515625,68.00585938,0.000985404849233893,0.002,1
371,69013.1162109375,68945.1103515625,68.00585938,0.000985404849233893,0.002,1
372,69013.1162109375,68945.1103515625,68.00585938,0.000985404849233893,0.002,1
373,69013.1162109375,68945.1103515625,68.00585938,0.000985404849233893,0.002,1
374,69013.1162109375,68945.1103515625,68.00585938,0.000985404849233893,0.002,1
375,69013.1162109375,68945.1103515625,68.00585938,0.000985404849233893,0.002,1
376,69013.1162109375,68945.1103515625,68.00585938,0.000985404849233893,0.002,1
377,69013.1162109375,68945.1103515625,68.00585938,0.000985404849233893,0.002,1
378,69013.1162109375,68945.1103515625,68.00585938,0.000985404849233893,0.002,1
379,69013.1162109375,68945.1103515625,68.00585938,0.000985404849233893,0.002,1
380,69013.1162109375,68945.1103515625,68.00585938,0.000985404849233893,0.002,1
381,69013.1162109375,68945.1103515625,68.00585938,0.000985404849233893,0.002,1
382,69013.1162109375,68945.1103515625,68.00585938,0.000985404849233893,0.002,1
383,69013.1162109375,68945.1103515625,68.00585938,0.000985404849233893,0.002,1
384,69013.1162109375,68945.1103515625,68.00585938,0.000985404849233893,0.002,1
385,69013.1162109375,68945.1103515625,68.00585938,0.000985404849233893,0.002,1
386,69013.1162109375,68945.1103515625,68.00585938,0.000985404849233893,0.002,1
387,69013.1162109375,68945.1103515625,68.00585938,0.000985404849233893,0.002,1
388,69013.1162109375,68945.1103515625,68.00585938,0.000985404849233893,0.002,1
389,69013.1162109375,68945.1103515625,68.00585938,0.000985404849233893,0.002,1
390,69013.1162109375,68945.1103515625,68.00585938,0.000985404849233893,0.002,1
391,69013.1162109375,68945.1103515625,68.00585938,0.000985404849233893,0.002,1
392,69013.1162109375,68945.1103515625,68.00585938,0.000985404849233893,0.002,1
393,69013.1162109375,68945.1103515625,68.00585938,0.000985404849233893,0.002,1
394,69013.1162109375,68945.1103515625,68.00585938,0.000985404849233893,0.002,1
395,69013.1162109375,68945.1103515625,68.00585938,0.000985404849233893,0.002,1
396,69013.1162109375,68945.1103515625,68.00585938,0.000985404849233893,0.002,1
397,69013.1162109375,68945.1103515625,68.00585938,0.000985404849233893,0.002,1
398,69013.1162109375,68945.1103515625,68.00585938,0.000985404849233893,0.002,1
399,69013.1162109375,68945.1103515625,68.00585938,0.000985404849233893,0.002,1
400,69013.1162109375,68945.1103515625,68.00585938,0.000985404849233893,0.002,1
401,69013.1162109375,68945.1103515625,68.00585938,0.000985404849233893,0.002,1
402,69013.1162109375,68945.1103515625,68.00585938,0.000985404849233893,0.002,1
403,69013.1162109375,68945.1103515625,68.00585938,0.000985404849233893,0.002,1
404,69013.1162109375,68945.1103515625,68.00585938,0.000985404849233893,0.002,1
405,69013.1162109375,68945.1103515625,68.00585938,0.000985404849233893,0.002,1
406,69013.1162109375,68945.1103515625,68.00585938,0.000985404849233893,0.002,1
407,69013.1162109375,68945.1103515625,68.00585938,0.000985404849233893,0.002,1
408,69013.1162109375,68945.1103515625,68.00585938,0.000985404849233893,0.002,1
409,69013.1162109375,68945.1103515625,68.00585938,0.000985404849233893,0.002,1
410,69013.1162109375,68945.1103515625,68.00585938,0.000985404849233893,0.002,1
411,69013.1162109375,68945.1103515625,68.00585938,0.000985404849233893,0.002,1
412,69013.1162109375,68945.1103515625,68.00585938,0.000985404849233893,0.002,1
413,69013.1162109375,68945.1103515625,68.00585938,0.000985404849233893,0.002,1
414,69013.1162109375,68945.1103515625,68.00585938,0.000985404849233893,0.002,1
415,69013.1162109375,68945.1103515625,68.00585938,0.000985404849233893,0.002,1
416,69013.11669921875,68945.11083984375,68.00585938,0.0009854048422619616,0.002,1
417,69013.11669921875,68945.11083984375,68.00585938,0.0009854048422619616,0.002,1
418,69013.11669921875,68945.11083984375,68.00585938,0.0009854048422619616,0.002,1
419,69013.11669921875,68945.11083984375,68.00585938,0.0009854048422619616,0.002,1
420,69013.11669921875,68945.11083984375,68.00585938,0.0009854048422619616,0.002,1
421,69013.11669921875,68945.11083984375,68.00585938,0.0009854048422619616,0.002,1
422,69013.11669921875,68945.11083984375,68.00585938,0.0009854048422619616,0.002,1
423,69013.11669921875,68945.11083984375,68.00585938,0.0009854048422619616,0.002,1
424,69013.11669921875,68945.11083984375,68.00585938,0.0009854048422619616,0.002,1
425,69013.11669921875,68945.11083984375,68.00585938,0.0009854048422619616,0.002,1
426,69013.11669921875,68945.11083984375,68.00585938,0.0009854048422619616,0.002,1
427,69013.11669921875,68945.11083984375,68.00585938,0.0009854048422619616,0.002,1
428,69013.11669921875,68945.11083984375,68.00585938,0.0009854048422619616,0.002,1
429,69013.11669921875,68945.11083984375,68.00585938,0.0009854048422619616,0.002,1
430,69013.11669921875,68945.11083984375,68.00585938,0.0009854048422619616,0.002,1
431,69013.11669921875,68945.11083984375,68.00585938,0.0009854048422619616,0.002,1
432,69013.11669921875,68945.11083984375,68.00585938,0.0009854048422619616,0.002,1
433,69013.11669921875,68945.11083984375,68.00585938,0.0009854048422619616,0.002,1
434,69013.11669921875,68945.11083984375,68.00585938,0.0009854048422619616,0.002,1
435,69013.11669921875,68945.11083984375,68.00585938,0.0009854048422619616,0.002,1
436,69013.11669921875,68945.11083984375,68.00585938,0.0009854048422619616,0.002,1
437,69013.11669921875,68945.11083984375,68.00585938,0.0009854048422619616,0.002,1
438,69013.11669921875,68945.11083984375,68.00585938,0.0009854048422619616,0.002,1
439,69013.11669921875,68945.11083984375,68.00585938,0.0009854048422619616,0.002,1
440,69013.11669921875,68945.11083984375,68.00585938,0.0009854048422619616,0.002,1
441,69013.11669921875,68945.11083984375,68.00585938,0.0009854048422619616,0.002,1
442,69013.11669921875,68945.11083984375,68.00585938,0.0009854048422619616,0.002,1
443,69013.11669921875,68945.11083984375,68.00585938,0.0009854048422619616,0.002,1
444,69013.11669921875,68945.11083984375,68.00585938,0.0009854048422619616,0.002,1
445,69013.11669921875,68945.11083984375,68.00585938,0.0009854048422619616,0.002,1
446,69013.11669921875,68945.11083984375,68.00585938,0.0009854048422619616,0.002,1
447,69013.11669921875,68945.11083984375,68.00585938,0.0009854048422619616,0.002,1
448,69013.11669921875,68945.11083984375,68.00585938,0.0009854048422619616,0.002,1
449,69013.11669921875,68945.11083984375,68.00585938,0.0009854048422619616,0.002,1
450,69013.11669921875,68945.11083984375,68.00585938,0.0009854048422619616,0.002,1
451,69013.11669921875,68945.11083984375,68.00585938,0.0009854048422619616,0.002,1
452,69013.11669921875,68945.11083984375,68.00585938,0.0009854048422619616,0.002,1
453,69013.11669921875,68945.11083984375,68.00585938,0.0009854048422619616,0.002,1
454,69013.11669921875,68945.11083984375,68.00585938,0.0009854048422619616,0.002,1
455,69013.11669921875,68945.11083984375,68.00585938,0.0009854048422619616,0.002,1
456,69013.11669921875,68945.11083984375,68.00585938,0.0009854048422619616,0.002,1
457,69013.11669921875,68945.11083984375,68.00585938,0.0009854048422619616,0.002,1
458,69013.11669921875,68945.11083984375,68.00585938,0.0009854048422619616,0.002,1
459,69013.11669921875,68945.11083984375,68.00585938,0.0009854048422619616,0.002,1
460,69013.11669921875,68945.11083984375,68.00585938,0.0009854048422619616,0.002,1
461,69013.11669921875,68945.11083984375,68.00585938,0.0009854048422619616,0.002,1
462,69013.11669921875,68945.11083984375,68.00585938,0.0009854048422619616,0.002,1
463,69013.11669921875,68945.11083984375,68.00585938,0.0009854048422619616,0.002,1
464,69013.11669921875,68945.11083984375,68.00585938,0.0009854048422619616,0.002,1
465,69013.11669921875,68945.11083984375,68.00585938,0.0009854048422619616,0.002,1
466,69013.11669921875,68945.11083984375,68.00585938,0.0009854048422619616,0.002,1
467,69013.11669921875,68945.11083984375,68.00585938,0.0009854048422619616,0.002,1
468,69013.11669921875,68945.11083984375,68.00585938,0.0009854048422619616,0.002,1
469,69013.11669921875,68945.11083984375,68.00585938,0.0009854048422619616,0.002,1
470,69013.11669921875,68945.11083984375,68.00585938,0.0009854048422619616,0.002,1
471,69013.11669921875,68945.11083984375,68.00585938,0.0009854048422619616,0.002,1
472,69013.11669921875,68945.11083984375,68.00585938,0.0009854048422619616,0.002,1
473,69013.11669921875,68945.11083984375,68.00585938,0.0009854048422619616,0.002,1
474,69013.11669921875,68945.11083984375,68.00585938,0.0009854048422619616,0.002,1
475,69013.11669921875,68945.11083984375,68.00585938,0.0009854048422619616,0.002,1
476,69013.11669921875,68945.11083984375,68.00585938,0.0009854048422619616,0.002,1
477,69013.11669921875,68945.11083984375,68.00585938,0.0009854048422619616,0.002,1
478,69013.11669921875,68945.11083984375,68.00585938,0.0009854048422619616,0.002,1
479,69013.11669921875,68945.11083984375,68.00585938,0.0009854048422619616,0.002,1
480,69013.11669921875,68945.11083984375,68.00585938,0.0009854048422619616,0.002,1
481,69013.11669921875,68945.11083984375,68.00585938,0.0009854048422619616,0.002,1
482,69013.11669921875,68945.11083984375,68.00585938,0.0009854048422619616,0.002,1
483,69013.11669921875,68945.11083984375,68.00585938,0.0009854048422619616,0.002,1
484,69013.11669921875,68945.11083984375,68.00585938,0.0009854048422619616,0.002,1
485,69013.11669921875,68945.11083984375,68.00585938,0.0009854048422619616,0.002,1
486,69013.11669921875,68945.11083984375,68.00585938,0.0009854048422619616,0.002,1
487,69013.11669921875,68945.11083984375,68.00585938,0.0009854048422619616,0.002,1
488,69013.11669921875,68945.11083984375,68.00585938,0.0009854048422619616,0.002,1
489,69013.11669921875,68945.11083984375,68.00585938,0.0009854048422619616,0.002,1
490,69013.11669921875,68945.11083984375,68.00585938,0.0009854048422619616,0.002,1
491,69013.11669921875,68945.11083984375,68.00585938,0.0009854048422619616,0.002,1
492,69013.11669921875,68945.11083984375,68.00585938,0.0009854048422619616,0.002,1
493,69013.11669921875,68945.11083984375,68.00585938,0.0009854048422619616,0.002,1
494,69013.11669921875,68945.11083984375,68.00585938,0.0009854048422619616,0.002,1
495,69013.11669921875,68945.11083984375,68.00585938,0.0009854048422619616,0.002,1
496,69013.11669921875,68945.11083984375,68.00585938,0.0009854048422619616,0.002,1
497,69013.11669921875,68945.11083984375,68.00585938,0.0009854048422619616,0.002,1
498,69013.11669921875,68945.11083984375,68.00585938,0.0009854048422619616,0.002,1
499,69013.11669921875,68945.11083984375,68.00585938,0.0009854048422619616,0.002,1
500,69013.11669921875,68945.11083984375,68.00585938,0.0009854048422619616,0.002,1
501,69013.11669921875,68945.11083984375,68.00585938,0.0009854048422619616,0.002,1
502,69013.11669921875,68945.11083984375,68.00585938,0.0009854048422619616,0.002,1
503,69013.11669921875,68945.11083984375,68.00585938,0.0009854048422619616,0.002,1
504,69013.11669921875,68945.11083984375,68.00585938,0.0009854048422619616,0.002,1
505,69013.11669921875,68945.11083984375,68.00585938,0.0009854048422619616,0.002,1
506,69013.11669921875,68945.11083984375,68.00585938,0.0009854048422619616,0.002,1
507,69013.11669921875,68945.11083984375,68.00585938,0.0009854048422619616,0.002,1
508,69013.11669921875,68945.11083984375,68.00585938,0.0009854048422619616,0.002,1
509,69013.11669921875,68945.11083984375,68.00585938,0.0009854048422619616,0.002,1
510,69013.11669921875,68945.11083984375,68.00585938,0.0009854048422619616,0.002,1
511,69013.11669921875,68945.11083984375,68.00585938,0.0009854048422619616,0.002,1
512,69013.11669921875,68945.11083984375,68.00585938,0.0009854048422619616,0.002,1
513,69013.11669921875,68945.11083984375,68.00585938,0.0009854048422619616,0.002,1
514,69013.11669921875,68945.11083984375,68.00585938,0.0009854048422619616,0.002,1
515,69013.11669921875,68945.11083984375,68.00585938,0.0009854048422619616,0.002,1
516,69013.11669921875,68945.11083984375,68.00585938,0.0009854048422619616,0.002,1
517,69013.11669921875,68945.11083984375,68.00585938,0.0009854048422619616,0.002,1
518,69013.11669921875,68945.11083984375,68.00585938,0.0009854048422619616,0.002,1
519,69013.11669921875,68945.11083984375,68.00585938,0.0009854048422619616,0.002,1
520,69013.11669921875,68945.11083984375,68.00585938,0.0009854048422619616,0.002,1
521,69013.11669921875,68945.11083984375,68.00585938,0.0009854048422619616,0.002,1
522,69013.11669921875,68945.11083984375,68.00585938,0.0009854048422619616,0.002,1
523,69013.11669921875,68945.11083984375,68.00585938,0.0009854048422619616,0.002,1
524,69013.11669921875,68945.11083984375,68.00585938,0.0009854048422619616,0.002,1
525,69013.11669921875,68945.11083984375,68.00585938,0.0009854048422619616,0.002,1
526,69013.11669921875,68945.11083984375,68.00585938,0.0009854048422619616,0.002,1
527,69013.11669921875,68945.11083984375,68.00585938,0.0009854048422619616,0.002,1
528,69013.11669921875,68945.11083984375,68.00585938,0.0009854048422619616,0.002,1
529,69013.11669921875,68945.11083984375,68.00585938,0.0009854048422619616,0.002,1
530,69013.11669921875,68945.11083984375,68.00585938,0.0009854048422619616,0.002,1
531,69013.11669921875,68945.11083984375,68.00585938,0.0009854048422619616,0.002,1
532,69013.11669921875,68945.11083984375,68.00585938,0.0009854048422619616,0.002,1
533,69013.11669921875,68945.11083984375,68.00585938,0.0009854048422619616,0.002,1
534,69013.11669921875,68945.11083984375,68.00585938,0.0009854048422619616,0.002,1
535,69013.11669921875,68945.11083984375,68.00585938,0.0009854048422619616,0.002,1
536,69013.11669921875,68945.11083984375,68.00585938,0.0009854048422619616,0.002,1
537,69013.11669921875,68945.11083984375,68.00585938,0.0009854048422619616,0.002,1
538,69013.11669921875,68945.11083984375,68.00585938,0.0009854048422619616,0.002,1
539,69013.11669921875,68945.11083984375,68.00585938,0.0009854048422619616,0.002,1
540,69013.11669921875,68945.11083984375,68.00585938,0.0009854048422619616,0.002,1
541,69013.11669921875,68945.11083984375,68.00585938,0.0009854048422619616,0.002,1
542,69013.11669921875,68945.11083984375,68.00585938,0.0009854048422619616,0.002,1
543,69013.11669921875,68945.11083984375,68.00585938,0.0009854048422619616,0.002,1
544,69013.11669921875,68945.11083984375,68.00585938,0.0009854048422619616,0.002,1
545,69013.11669921875,68945.11083984375,68.00585938,0.0009854048422619616,0.002,1
546,69013.11669921875,68945.11083984375,68.00585938,0.0009854048422619616,0.002,1
547,69013.11669921875,68945.11083984375,68.00585938,0.0009854048422619616,0.002,1
548,69013.11669921875,68945.11083984375,68.00585938,0.0009854048422619616,0.002,1
549,69013.11669921875,68945.11083984375,68.00585938,0.0009854048422619616,0.002,1
550,69013.11669921875,68945.11083984375,68.00585938,0.0009854048422619616,0.002,1
551,69013.11669921875,68945.11083984375,68.00585938,0.0009854048422619616,0.002,1
552,69013.11669921875,68945.11083984375,68.00585938,0.0009854048422619616,0.002,1
553,69013.11669921875,68945.11083984375,68.00585938,0.0009854048422619616,0.002,1
554,69013.11669921875,68945.11083984375,68.00585938,0.0009854048422619616,0.002,1
555,69013.11669921875,68945.11083984375,68.00585938,0.0009854048422619616,0.002,1
556,69013.11669921875,68945.11083984375,68.00585938,0.0009854048422619616,0.002,1
557,69013.11669921875,68945.11083984375,68.00585938,0.0009854048422619616,0.002,1
558,69013.11669921875,68945.11083984375,68.00585938,0.0009854048422619616,0.002,1
559,69013.11669921875,68945.11083984375,68.00585938,0.0009854048422619616,0.002,1
560,69013.11669921875,68945.11083984375,68.00585938,0.0009854048422619616,0.002,1
561,69013.11669921875,68945.11083984375,68.00585938,0.0009854048422619616,0.002,1
562,69013.11669921875,68945.11083984375,68.00585938,0.0009854048422619616,0.002,1
563,69013.11669921875,68945.11083984375,68.00585938,0.0009854048422619616,0.002,1
564,69013.11669921875,68945.11083984375,68.00585938,0.0009854048422619616,0.002,1
565,69013.11669921875,68945.11083984375,68.00585938,0.0009854048422619616,0.002,1
566,69013.11669921875,68945.11083984375,68.00585938,0.0009854048422619616,0.002,1
567,69013.11669921875,68945.11083984375,68.00585938,0.0009854048422619616,0.002,1
568,69013.11669921875,68945.11083984375,68.00585938,0.0009854048422619616,0.002,1
569,69013.11669921875,68945.11083984375,68.00585938,0.0009854048422619616,0.002,1
570,69013.11669921875,68945.11083984375,68.00585938,0.0009854048422619616,0.002,1
571,69013.11669921875,68945.11083984375,68.00585938,0.0009854048422619616,0.002,1
572,69013.11669921875,68945.11083984375,68.00585938,0.0009854048422619616,0.002,1
573,69013.11669921875,68945.11083984375,68.00585938,0.0009854048422619616,0.002,1
574,69013.11669921875,68945.11083984375,68.00585938,0.0009854048422619616,0.002,1
575,69013.11669921875,68945.11083984375,68.00585938,0.0009854048422619616,0.002,1
576,69013.11669921875,68945.11083984375,68.00585938,0.0009854048422619616,0.002,1
577,69013.11669921875,68945.11083984375,68.00585938,0.0009854048422619616,0.002,1
578,69013.11669921875,68945.11083984375,68.00585938,0.0009854048422619616,0.002,1
579,69013.11669921875,68945.11083984375,68.00585938,0.0009854048422619616,0.002,1
580,69013.11669921875,68945.11083984375,68.00585938,0.0009854048422619616,0.002,1
581,69013.11669921875,68945.11083984375,68.00585938,0.0009854048422619616,0.002,1
582,69013.11669921875,68945.11083984375,68.00585938,0.0009854048422619616,0.002,1
583,69013.11669921875,68945.11083984375,68.00585938,0.0009854048422619616,0.002,1
584,69013.11669921875,68945.11083984375,68.00585938,0.0009854048422619616,0.002,1
585,69013.11669921875,68945.11083984375,68.00585938,0.0009854048422619616,0.002,1
586,69013.11669921875,68945.11083984375,68.00585938,0.0009854048422619616,0.002,1
587,69013.11669921875,68945.11083984375,68.00585938,0.0009854048422619616,0.002,1
588,69013.11669921875,68945.11083984375,68.00585938,0.0009854048422619616,0.002,1
589,69013.11669921875,68945.11083984375,68.00585938,0.0009854048422619616,0.002,1
590,69013.11669921875,68945.11083984375,68.00585938,0.0009854048422619616,0.002,1
591,69013.11669921875,68945.11083984375,68.00585938,0.0009854048422619616,0.002,1
592,69013.11669921875,68945.11083984375,68.00585938,0.0009854048422619616,0.002,1
593,69013.11669921875,68945.11083984375,68.00585938,0.0009854048422619616,0.002,1
594,69013.11669921875,68945.11083984375,68.00585938,0.0009854048422619616,0.002,1
595,69013.11669921875,68945.11083984375,68.00585938,0.0009854048422619616,0.002,1
596,69013.11669921875,68945.11083984375,68.00585938,0.0009854048422619616,0.002,1
597,69013.11669921875,68945.11083984375,68.00585938,0.0009854048422619616,0.002,1
598,69013.11669921875,68945.11083984375,68.00585938,0.0009854048422619616,0.002,1
599,69013.11669921875,68945.11083984375,68.00585938,0.0009854048422619616,0.002,1
600,69013.11669921875,68945.11083984375,68.00585938,0.0009854048422619616,0.002,1
601,69013.11669921875,68945.11083984375,68.00585938,0.0009854048422619616,0.002,1
602,69013.11669921875,68945.11083984375,68.00585938,0.0009854048422619616,0.002,1
603,69013.11669921875,68945.11083984375,68.00585938,0.0009854048422619616,0.002,1
604,69013.11669921875,68945.11083984375,68.00585938,0.0009854048422619616,0.002,1
605,69013.11669921875,68945.11083984375,68.00585938,0.0009854048422619616,0.002,1
606,69013.11669921875,68945.11083984375,68.00585938,0.0009854048422619616,0.002,1
607,69013.11669921875,68945.11083984375,68.00585938,0.0009854048422619616,0.002,1
608,69013.11669921875,68945.11083984375,68.00585938,0.0009854048422619616,0.002,1
609,69013.11669921875,68945.11083984375,68.00585938,0.0009854048422619616,0.002,1
610,69013.11669921875,68945.11083984375,68.00585938,0.0009854048422619616,0.002,1
611,69013.11669921875,68945.11083984375,68.00585938,0.0009854048422619616,0.002,1
612,69013.11669921875,68945.11083984375,68.00585938,0.0009854048422619616,0.002,1
613,69013.11669921875,68945.11083984375,68.00585938,0.0009854048422619616,0.002,1
614,69013.11669921875,68945.11083984375,68.00585938,0.0009854048422619616,0.002,1
615,69013.11669921875,68945.11083984375,68.00585938,0.0009854048422619616,0.002,1
616,69013.11669921875,68945.11083984375,68.00585938,0.0009854048422619616,0.002,1
617,69013.11669921875,68945.11083984375,68.00585938,0.0009854048422619616,0.002,1
618,69013.11669921875,68945.11083984375,68.00585938,0.0009854048422619616,0.002,1
619,69013.11669921875,68945.11083984375,68.00585938,0.0009854048422619616,0.002,1
620,69013.11669921875,68945.11083984375,68.00585938,0.0009854048422619616,0.002,1
621,69013.11669921875,68945.11083984375,68.00585938,0.0009854048422619616,0.002,1
622,69013.11669921875,68945.11083984375,68.00585938,0.0009854048422619616,0.002,1
623,69013.11669921875,68945.11083984375,68.00585938,0.0009854048422619616,0.002,1
624,69013.11669921875,68945.11083984375,68.00585938,0.0009854048422619616,0.002,1
625,69013.11669921875,68945.11083984375,68.00585938,0.0009854048422619616,0.002,1
626,69013.11669921875,68945.11083984375,68.00585938,0.0009854048422619616,0.002,1
627,69013.11669921875,68945.11083984375,68.00585938,0.0009854048422619616,0.002,1
628,69013.11669921875,68945.11083984375,68.00585938,0.0009854048422619616,0.002,1
629,69013.11669921875,68945.11083984375,68.00585938,0.0009854048422619616,0.002,1
630,69013.11669921875,68945.11083984375,68.00585938,0.0009854048422619616,0.002,1
631,69013.11669921875,68945.11083984375,68.00585938,0.0009854048422619616,0.002,1
632,69013.11669921875,68945.11083984375,68.00585938,0.0009854048422619616,0.002,1
633,69013.11669921875,68945.11083984375,68.00585938,0.0009854048422619616,0.002,1
634,69013.11669921875,68945.11083984375,68.00585938,0.0009854048422619616,0.002,1
635,69013.11669921875,68945.11083984375,68.00585938,0.0009854048422619616,0.002,1
636,69013.11669921875,68945.11083984375,68.00585938,0.0009854048422619616,0.002,1
637,69013.11669921875,68945.11083984375,68.00585938,0.0009854048422619616,0.002,1
638,69013.11669921875,68945.11083984375,68.00585938,0.0009854048422619616,0.002,1
639,69013.11669921875,68945.11083984375,68.00585938,0.0009854048422619616,0.002,1
640,69013.11669921875,68945.11083984375,68.00585938,0.0009854048422619616,0.002,1
641,69013.11669921875,68945.11083984375,68.00585938,0.0009854048422619616,0.002,1
642,69013.11669921875,68945.11083984375,68.00585938,0.0009854048422619616,0.002,1
643,69013.11669921875,68945.11083984375,68.00585938,0.0009854048422619616,0.002,1
644,69013.11669921875,68945.11083984375,68.00585938,0.0009854048422619616,0.002,1
645,69013.11669921875,68945.11083984375,68.00585938,0.0009854048422619616,0.002,1
646,69013.11669921875,68945.11083984375,68.00585938,0.0009854048422619616,0.002,1
647,69013.11669921875,68945.11083984375,68.00585938,0.0009854048422619616,0.002,1
648,69013.11669921875,68945.11083984375,68.00585938,0.0009854048422619616,0.002,1
649,69013.11669921875,68945.11083984375,68.00585938,0.0009854048422619616,0.002,1
650,69013.11669921875,68945.11083984375,68.00585938,0.0009854048422619616,0.002,1
651,69013.11669921875,68945.11083984375,68.00585938,0.0009854048422619616,0.002,1
652,69013.11669921875,68945.11083984375,68.00585938,0.0009854048422619616,0.002,1
653,69013.11669921875,68945.11083984375,68.00585938,0.0009854048422619616,0.002,1
654,69013.11669921875,68945.11083984375,68.00585938,0.0009854048422619616,0.002,1
655,69013.11669921875,68945.11083984375,68.00585938,0.0009854048422619616,0.002,1
656,69013.11669921875,68945.11083984375,68.00585938,0.0009854048422619616,0.002,1
657,69013.11669921875,68945.11083984375,68.00585938,0.0009854048422619616,0.002,1
658,69013.11669921875,68945.11083984375,68.00585938,0.0009854048422619616,0.002,1
659,69013.11669921875,68945.11083984375,68.00585938,0.0009854048422619616,0.002,1
660,69013.11669921875,68945.11083984375,68.00585938,0.0009854048422619616,0.002,1
661,69013.11669921875,68945.11083984375,68.00585938,0.0009854048422619616,0.002,1
662,69013.11669921875,68945.11083984375,68.00585938,0.0009854048422619616,0.002,1
663,69013.11669921875,68945.11083984375,68.00585938,0.0009854048422619616,0.002,1
664,69013.11669921875,68945.11083984375,68.00585938,0.0009854048422619616,0.002,1
665,69013.11669921875,68945.11083984375,68.00585938,0.0009854048422619616,0.002,1
666,69013.11669921875,68945.11083984375,68.00585938,0.0009854048422619616,0.002,1
667,69013.11669921875,68945.11083984375,68.00585938,0.0009854048422619616,0.002,1
668,69013.11669921875,68945.11083984375,68.00585938,0.0009854048422619616,0.002,1
669,69013.11669921875,68945.11083984375,68.00585938,0.0009854048422619616,0.002,1
670,69013.11669921875,68945.11083984375,68.00585938,0.0009854048422619616,0.002,1
671,69013.11669921875,68945.11083984375,68.00585938,0.0009854048422619616,0.002,1
672,69013.11669921875,68945.11083984375,68.00585938,0.0009854048422619616,0.002,1
673,69013.11669921875,68945.11083984375,68.00585938,0.0009854048422619616,0.002,1
674,69013.11669921875,68945.11083984375,68.00585938,0.0009854048422619616,0.002,1
675,69013.11669921875,68945.11083984375,68.00585938,0.0009854048422619616,0.002,1
676,69013.11669921875,68945.11083984375,68.00585938,0.0009854048422619616,0.002,1
677,69013.11669921875,68945.11083984375,68.00585938,0.0009854048422619616,0.002,1
678,69013.11669921875,68945.11083984375,68.00585938,0.0009854048422619616,0.002,1
679,69013.11669921875,68945.11083984375,68.00585938,0.0009854048422619616,0.002,1
680,69013.11669921875,68945.11083984375,68.00585938,0.0009854048422619616,0.002,1
681,69013.11669921875,68945.11083984375,68.00585938,0.0009854048422619616,0.002,1
682,69013.11669921875,68945.11083984375,68.00585938,0.0009854048422619616,0.002,1
683,69013.11669921875,68945.11083984375,68.00585938,0.0009854048422619616,0.002,1
684,69013.11669921875,68945.11083984375,68.00585938,0.0009854048422619616,0.002,1
685,69013.11669921875,68945.11083984375,68.00585938,0.0009854048422619616,0.002,1
686,69013.11669921875,68945.11083984375,68.00585938,0.0009854048422619616,0.002,1
687,69013.11669921875,68945.11083984375,68.00585938,0.0009854048422619616,0.002,1
688,69013.11669921875,68945.11083984375,68.00585938,0.0009854048422619616,0.002,1
689,69013.11669921875,68945.11083984375,68.00585938,0.0009854048422619616,0.002,1
690,69013.11669921875,68945.11083984375,68.00585938,0.0009854048422619616,0.002,1
691,69013.11669921875,68945.11083984375,68.00585938,0.0009854048422619616,0.002,1
692,69013.11669921875,68945.11083984375,68.00585938,0.0009854048422619616,0.002,1
693,69013.11669921875,68945.11083984375,68.00585938,0.0009854048422619616,0.002,1
694,69013.11669921875,68945.11083984375,68.00585938,0.0009854048422619616,0.002,1
695,69013.11669921875,68945.11083984375,68.00585938,0.0009854048422619616,0.002,1
696,69013.11669921875,68945.11083984375,68.00585938,0.0009854048422619616,0.002,1
697,69013.11669921875,68945.11083984375,68.00585938,0.0009854048422619616,0.002,1
698,69013.11669921875,68945.11083984375,68.00585938,0.0009854048422619616,0.002,1
699,69013.11669921875,68945.11083984375,68.00585938,0.0009854048422619616,0.002,1
700,69013.11669921875,68945.11083984375,68.00585938,0.0009854048422619616,0.002,1
701,69013.11669921875,68945.11083984375,68.00585938,0.0009854048422619616,0.002,1
702,69013.11669921875,68945.11083984375,68.00585938,0.0009854048422619616,0.002,1
703,69013.11669921875,68945.11083984375,68.00585938,0.0009854048422619616,0.002,1
704,69013.11669921875,68945.11083984375,68.00585938,0.0009854048422619616,0.002,1
705,69013.11669921875,68945.11083984375,68.00585938,0.0009854048422619616,0.002,1
706,69013.11669921875,68945.11083984375,68.00585938,0.0009854048422619616,0.002,1
707,69013.11669921875,68945.11083984375,68.00585938,0.0009854048422619616,0.002,1
708,69013.11669921875,68945.11083984375,68.00585938,0.0009854048422619616,0.002,1
709,69013.11669921875,68945.11083984375,68.00585938,0.0009854048422619616,0.002,1
710,69013.11669921875,68945.11083984375,68.00585938,0.0009854048422619616,0.002,1
711,69013.11669921875,68945.11083984375,68.00585938,0.0009854048422619616,0.002,1
712,69013.11669921875,68945.11083984375,68.00585938,0.0009854048422619616,0.002,1
713,69013.11669921875,68945.11083984375,68.00585938,0.0009854048422619616,0.002,1
714,69013.11669921875,68945.11083984375,68.00585938,0.0009854048422619616,0.002,1
715,69013.11669921875,68945.11083984375,68.00585938,0.0009854048422619616,0.002,1
716,69013.11669921875,68945.11083984375,68.00585938,0.0009854048422619616,0.002,1
717,69013.11669921875,68945.11083984375,68.00585938,0.0009854048422619616,0.002,1
718,69013.11669921875,68945.11083984375,68.00585938,0.0009854048422619616,0.002,1
719,69013.11669921875,68945.11083984375,68.00585938,0.0009854048422619616,0.002,1
720,69013.11669921875,68945.11083984375,68.00585938,0.0009854048422619616,0.002,1
721,69013.11669921875,68945.11083984375,68.00585938,0.0009854048422619616,0.002,1
722,69013.11669921875,68945.11083984375,68.00585938,0.0009854048422619616,0.002,1
723,69013.11669921875,68945.11083984375,68.00585938,0.0009854048422619616,0.002,1
724,69013.11669921875,68945.11083984375,68.00585938,0.0009854048422619616,0.002,1
725,69013.11669921875,68945.11083984375,68.00585938,0.0009854048422619616,0.002,1
726,69013.11669921875,68945.11083984375,68.00585938,0.0009854048422619616,0.002,1
727,69013.11669921875,68945.11083984375,68.00585938,0.0009854048422619616,0.002,1
728,69013.11669921875,68945.11083984375,68.00585938,0.0009854048422619616,0.002,1
729,69013.11669921875,68945.11083984375,68.00585938,0.0009854048422619616,0.002,1
730,69013.11669921875,68945.11083984375,68.00585938,0.0009854048422619616,0.002,1
731,69013.11669921875,68945.11083984375,68.00585938,0.0009854048422619616,0.002,1
732,69013.11669921875,68945.11083984375,68.00585938,0.0009854048422619616,0.002,1
733,69013.11669921875,68945.11083984375,68.00585938,0.0009854048422619616,0.002,1
734,69013.11669921875,68945.11083984375,68.00585938,0.0009854048422619616,0.002,1
735,69013.11669921875,68945.11083984375,68.00585938,0.0009854048422619616,0.002,1
736,69013.11669921875,68945.11083984375,68.00585938,0.0009854048422619616,0.002,1
737,69013.11669921875,68945.11083984375,68.00585938,0.0009854048422619616,0.002,1
738,69013.11669921875,68945.11083984375,68.00585938,0.0009854048422619616,0.002,1
739,69013.11669921875,68945.11083984375,68.00585938,0.0009854048422619616,0.002,1
740,69013.11669921875,68945.11083984375,68.00585938,0.0009854048422619616,0.002,1
741,69013.11669921875,68945.11083984375,68.00585938,0.0009854048422619616,0.002,1
742,69013.11669921875,68945.11083984375,68.00585938,0.0009854048422619616,0.002,1
743,69013.11669921875,68945.11083984375,68.00585938,0.0009854048422619616,0.002,1
744,69013.11669921875,68945.11083984375,68.00585938,0.0009854048422619616,0.002,1
745,69013.11669921875,68945.11083984375,68.00585938,0.0009854048422619616,0.002,1
746,69013.11669921875,68945.11083984375,68.00585938,0.0009854048422619616,0.002,1
747,69013.11669921875,68945.11083984375,68.00585938,0.0009854048422619616,0.002,1
748,69013.11669921875,68945.11083984375,68.00585938,0.0009854048422619616,0.002,1
749,69013.11669921875,68945.11083984375,68.00585938,0.0009854048422619616,0.002,1
750,69013.11669921875,68945.11083984375,68.00585938,0.0009854048422619616,0.002,1
751,69013.11669921875,68945.11083984375,68.00585938,0.0009854048422619616,0.002,1
752,69013.11669921875,68945.11083984375,68.00585938,0.0009854048422619616,0.002,1
753,69013.11669921875,68945.11083984375,68.00585938,0.0009854048422619616,0.002,1
754,69013.11669921875,68945.11083984375,68.00585938,0.0009854048422619616,0.002,1
755,69013.11669921875,68945.11083984375,68.00585938,0.0009854048422619616,0.002,1
756,69013.11669921875,68945.11083984375,68.00585938,0.0009854048422619616,0.002,1
757,69013.11669921875,68945.11083984375,68.00585938,0.0009854048422619616,0.002,1
758,69013.11669921875,68945.11083984375,68.00585938,0.0009854048422619616,0.002,1
759,69013.11669921875,68945.11083984375,68.00585938,0.0009854048422619616,0.002,1
760,69013.11669921875,68945.11083984375,68.00585938,0.0009854048422619616,0.002,1
761,69013.11669921875,68945.11083984375,68.00585938,0.0009854048422619616,0.002,1
762,69013.11669921875,68945.11083984375,68.00585938,0.0009854048422619616,0.002,1
763,69013.11669921875,68945.11083984375,68.00585938,0.0009854048422619616,0.002,1
764,69013.11669921875,68945.11083984375,68.00585938,0.0009854048422619616,0.002,1
765,69013.11669921875,68945.11083984375,68.00585938,0.0009854048422619616,0.002,1
766,69013.11669921875,68945.11083984375,68.00585938,0.0009854048422619616,0.002,1
767,69013.11669921875,68945.11083984375,68.00585938,0.0009854048422619616,0.002,1
768,69013.11669921875,68945.11083984375,68.00585938,0.0009854048422619616,0.002,1
769,69013.11669921875,68945.11083984375,68.00585938,0.0009854048422619616,0.002,1
770,69013.11669921875,68945.11083984375,68.00585938,0.0009854048422619616,0.002,1
771,69013.11669921875,68945.11083984375,68.00585938,0.0009854048422619616,0.002,1
772,69013.11669921875,68945.11083984375,68.00585938,0.0009854048422619616,0.002,1
773,69013.11669921875,68945.11083984375,68.00585938,0.0009854048422619616,0.002,1
774,69013.11669921875,68945.11083984375,68.00585938,0.0009854048422619616,0.002,1
775,69013.11669921875,68945.11083984375,68.00585938,0.0009854048422619616,0.002,1
776,69013.11669921875,68945.11083984375,68.00585938,0.0009854048422619616,0.002,1
777,69013.11669921875,68945.11083984375,68.00585938,0.0009854048422619616,0.002,1
778,69013.11669921875,68945.11083984375,68.00585938,0.0009854048422619616,0.002,1
779,69013.11669921875,68945.11083984375,68.00585938,0.0009854048422619616,0.002,1
780,69013.11669921875,68945.11083984375,68.00585938,0.0009854048422619616,0.002,1
781,69013.11669921875,68945.11083984375,68.00585938,0.0009854048422619616,0.002,1
782,69013.11669921875,68945.11083984375,68.00585938,0.0009854048422619616,0.002,1
783,69013.11669921875,68945.11083984375,68.00585938,0.0009854048422619616,0.002,1
784,69013.11669921875,68945.11083984375,68.00585938,0.0009854048422619616,0.002,1
785,69013.11669921875,68945.11083984375,68.00585938,0.0009854048422619616,0.002,1
786,69013.11669921875,68945.11083984375,68.00585938,0.0009854048422619616,0.002,1
787,69013.11669921875,68945.11083984375,68.00585938,0.0009854048422619616,0.002,1
788,69013.11669921875,68945.11083984375,68.00585938,0.0009854048422619616,0.002,1
789,69013.11669921875,68945.11083984375,68.00585938,0.0009854048422619616,0.002,1
790,69013.11669921875,68945.11083984375,68.00585938,0.0009854048422619616,0.002,1
791,69013.11669921875,68945.11083984375,68.00585938,0.0009854048422619616,0.002,1
792,69013.11669921875,68945.11083984375,68.00585938,0.0009854048422619616,0.002,1
793,69013.11669921875,68945.11083984375,68.00585938,0.0009854048422619616,0.002,1
794,69013.11669921875,68945.11083984375,68.00585938,0.0009854048422619616,0.002,1
795,69013.11669921875,68945.11083984375,68.00585938,0.0009854048422619616,0.002,1
796,69013.11669921875,68945.11083984375,68.00585938,0.0009854048422619616,0.002,1
797,69013.11669921875,68945.11083984375,68.00585938,0.0009854048422619616,0.002,1
798,69013.11669921875,68945.11083984375,68.00585938,0.0009854048422619616,0.002,1
799,69013.11669921875,68945.11083984375,68.00585938,0.0009854048422619616,0.002,1
800,69013.11669921875,68945.11083984375,68.00585938,0.0009854048422619616,0.002,1
801,69013.11669921875,68945.11083984375,68.00585938,0.0009854048422619616,0.002,1
802,69013.11669921875,68945.11083984375,68.00585938,0.0009854048422619616,0.002,1
803,69013.11669921875,68945.11083984375,68.00585938,0.0009854048422619616,0.002,1
804,69013.11669921875,68945.11083984375,68.00585938,0.0009854048422619616,0.002,1
805,69013.11669921875,68945.11083984375,68.00585938,0.0009854048422619616,0.002,1
806,69013.11669921875,68945.11083984375,68.00585938,0.0009854048422619616,0.002,1
807,69013.11669921875,68945.11083984375,68.00585938,0.0009854048422619616,0.002,1
808,69013.11669921875,68945.11083984375,68.00585938,0.0009854048422619616,0.002,1
809,69013.11669921875,68945.11083984375,68.00585938,0.0009854048422619616,0.002,1
810,69013.11669921875,68945.11083984375,68.00585938,0.0009854048422619616,0.002,1
811,69013.11669921875,68945.11083984375,68.00585938,0.0009854048422619616,0.002,1
812,69013.11669921875,68945.11083984375,68.00585938,0.0009854048422619616,0.002,1
813,69013.11669921875,68945.11083984375,68.00585938,0.0009854048422619616,0.002,1
814,69013.11669921875,68945.11083984375,68.00585938,0.0009854048422619616,0.002,1
815,69013.11669921875,68945.11083984375,68.00585938,0.0009854048422619616,0.002,1
816,69013.11669921875,68945.11083984375,68.00585938,0.0009854048422619616,0.002,1
817,69013.11669921875,68945.11083984375,68.00585938,0.0009854048422619616,0.002,1
818,69013.11669921875,68945.11083984375,68.00585938,0.0009854048422619616,0.002,1
819,69013.11669921875,68945.11083984375,68.00585938,0.0009854048422619616,0.002,1
820,69013.11669921875,68945.11083984375,68.00585938,0.0009854048422619616,0.002,1
821,69013.11669921875,68945.11083984375,68.00585938,0.0009854048422619616,0.002,1
822,69013.11669921875,68945.11083984375,68.00585938,0.0009854048422619616,0.002,1
823,69013.11669921875,68945.11083984375,68.00585938,0.0009854048422619616,0.002,1
824,69013.11669921875,68945.11083984375,68.00585938,0.0009854048422619616,0.002,1
825,69013.11669921875,68945.11083984375,68.00585938,0.0009854048422619616,0.002,1
826,69013.11669921875,68945.11083984375,68.00585938,0.0009854048422619616,0.002,1
827,69013.11669921875,68945.11083984375,68.00585938,0.0009854048422619616,0.002,1
828,69013.11669921875,68945.11083984375,68.00585938,0.0009854048422619616,0.002,1
829,69013.11669921875,68945.11083984375,68.00585938,0.0009854048422619616,0.002,1
830,69013.11669921875,68945.11083984375,68.00585938,0.0009854048422619616,0.002,1
831,69013.11669921875,68945.11083984375,68.00585938,0.0009854048422619616,0.002,1
832,69013.11669921875,68945.11083984375,68.00585938,0.0009854048422619616,0.002,1
833,69013.11669921875,68945.11083984375,68.00585938,0.0009854048422619616,0.002,1
834,69013.11669921875,68945.11083984375,68.00585938,0.0009854048422619616,0.002,1
835,69013.11669921875,68945.11083984375,68.00585938,0.0009854048422619616,0.002,1
836,69013.11669921875,68945.11083984375,68.00585938,0.0009854048422619616,0.002,1
837,69013.11669921875,68945.11083984375,68.00585938,0.0009854048422619616,0.002,1
838,69013.11669921875,68945.11083984375,68.00585938,0.0009854048422619616,0.002,1
839,69013.11669921875,68945.11083984375,68.00585938,0.0009854048422619616,0.002,1
840,69013.11669921875,68945.11083984375,68.00585938,0.0009854048422619616,0.002,1
841,69013.11669921875,68945.11083984375,68.00585938,0.0009854048422619616,0.002,1
842,69013.11669921875,68945.11083984375,68.00585938,0.0009854048422619616,0.002,1
843,69013.11669921875,68945.11083984375,68.00585938,0.0009854048422619616,0.002,1
844,69013.11669921875,68945.11083984375,68.00585938,0.0009854048422619616,0.002,1
845,69013.11669921875,68945.11083984375,68.00585938,0.0009854048422619616,0.002,1
846,69013.11669921875,68945.11083984375,68.00585938,0.0009854048422619616,0.002,1
847,69013.11669921875,68945.11083984375,68.00585938,0.0009854048422619616,0.002,1
848,69013.11669921875,68945.11083984375,68.00585938,0.0009854048422619616,0.002,1
849,69013.11669921875,68945.11083984375,68.00585938,0.0009854048422619616,0.002,1
850,69013.11669921875,68945.11083984375,68.00585938,0.0009854048422619616,0.002,1
851,69013.11669921875,68945.11083984375,68.00585938,0.0009854048422619616,0.002,1
852,69013.11669921875,68945.11083984375,68.00585938,0.0009854048422619616,0.002,1
853,69013.11669921875,68945.11083984375,68.00585938,0.0009854048422619616,0.002,1
854,69013.11669921875,68945.11083984375,68.00585938,0.0009854048422619616,0.002,1
855,69013.11669921875,68945.11083984375,68.00585938,0.0009854048422619616,0.002,1
856,69013.11669921875,68945.11083984375,68.00585938,0.0009854048422619616,0.002,1
857,69013.11669921875,68945.11083984375,68.00585938,0.0009854048422619616,0.002,1
858,69013.11669921875,68945.11083984375,68.00585938,0.0009854048422619616,0.002,1
859,69013.11669921875,68945.11083984375,68.00585938,0.0009854048422619616,0.002,1
860,69013.11669921875,68945.11083984375,68.00585938,0.0009854048422619616,0.002,1
861,69013.11669921875,68945.11083984375,68.00585938,0.0009854048422619616,0.002,1
862,69013.11669921875,68945.11083984375,68.00585938,0.0009854048422619616,0.002,1
863,69013.11669921875,68945.11083984375,68.00585938,0.0009854048422619616,0.002,1
864,69013.11669921875,68945.11083984375,68.00585938,0.0009854048422619616,0.002,1
865,69013.11669921875,68945.11083984375,68.00585938,0.0009854048422619616,0.002,1
866,69013.11669921875,68945.11083984375,68.00585938,0.0009854048422619616,0.002,1
867,69013.11669921875,68945.11083984375,68.00585938,0.0009854048422619616,0.002,1
868,69013.11669921875,68945.11083984375,68.00585938,0.0009854048422619616,0.002,1
869,69013.11669921875,68945.11083984375,68.00585938,0.0009854048422619616,0.002,1
870,69013.11669921875,68945.11083984375,68.00585938,0.0009854048422619616,0.002,1
871,69013.11669921875,68945.11083984375,68.00585938,0.0009854048422619616,0.002,1
872,69013.11669921875,68945.11083984375,68.00585938,0.0009854048422619616,0.002,1
873,69013.11669921875,68945.11083984375,68.00585938,0.0009854048422619616,0.002,1
874,69013.11669921875,68945.11083984375,68.00585938,0.0009854048422619616,0.002,1
875,69013.11669921875,68945.11083984375,68.00585938,0.0009854048422619616,0.002,1
876,69013.11669921875,68945.11083984375,68.00585938,0.0009854048422619616,0.002,1
877,69013.11669921875,68945.11083984375,68.00585938,0.0009854048422619616,0.002,1
878,69013.11669921875,68945.11083984375,68.00585938,0.0009854048422619616,0.002,1
879,69013.11669921875,68945.11083984375,68.00585938,0.0009854048422619616,0.002,1
880,69013.11669921875,68945.11083984375,68.00585938,0.0009854048422619616,0.002,1
881,69013.11669921875,68945.11083984375,68.00585938,0.0009854048422619616,0.002,1
882,69013.11669921875,68945.11083984375,68.00585938,0.0009854048422619616,0.002,1
883,69013.11669921875,68945.11083984375,68.00585938,0.0009854048422619616,0.002,1
884,69013.11669921875,68945.11083984375,68.00585938,0.0009854048422619616,0.002,1
885,69013.11669921875,68945.11083984375,68.00585938,0.0009854048422619616,0.002,1
886,69013.11669921875,68945.11083984375,68.00585938,0.0009854048422619616,0.002,1
887,69013.11669921875,68945.11083984375,68.00585938,0.0009854048422619616,0.002,1
888,69013.11669921875,68945.11083984375,68.00585938,0.0009854048422619616,0.002,1
889,69013.11669921875,68945.11083984375,68.00585938,0.0009854048422619616,0.002,1
890,69013.11669921875,68945.11083984375,68.00585938,0.0009854048422619616,0.002,1
891,69013.11669921875,68945.11083984375,68.00585938,0.0009854048422619616,0.002,1
892,69013.11669921875,68945.11083984375,68.00585938,0.0009854048422619616,0.002,1
893,69013.11669921875,68945.11083984375,68.00585938,0.0009854048422619616,0.002,1
894,69013.11669921875,68945.11083984375,68.00585938,0.0009854048422619616,0.002,1
895,69013.11669921875,68945.11083984375,68.00585938,0.0009854048422619616,0.002,1
896,69013.11669921875,68945.11083984375,68.00585938,0.0009854048422619616,0.002,1
897,69013.11669921875,68945.11083984375,68.00585938,0.0009854048422619616,0.002,1
898,69013.11669921875,68945.11083984375,68.00585938,0.0009854048422619616,0.002,1
899,69013.11669921875,68945.11083984375,68.00585938,0.0009854048422619616,0.002,1
900,69013.11669921875,68945.11083984375,68.00585938,0.0009854048422619616,0.002,1
901,69013.11669921875,68945.11083984375,68.00585938,0.0009854048422619616,0.002,1
902,69013.11669921875,68945.11083984375,68.00585938,0.0009854048422619616,0.002,1
903,69013.11669921875,68945.11083984375,68.00585938,0.0009854048422619616,0.002,1
904,69013.11669921875,68945.11083984375,68.00585938,0.0009854048422619616,0.002,1
905,69013.11669921875,68945.11083984375,68.00585938,0.0009854048422619616,0.002,1
906,69013.11669921875,68945.11083984375,68.00585938,0.0009854048422619616,0.002,1
907,69013.11669921875,68945.11083984375,68.00585938,0.0009854048422619616,0.002,1
908,69013.11669921875,68945.11083984375,68.00585938,0.0009854048422619616,0.002,1
909,69013.11669921875,68945.11083984375,68.00585938,0.0009854048422619616,0.002,1
910,69013.11669921875,68945.11083984375,68.00585938,0.0009854048422619616,0.002,1
911,69013.11669921875,68945.11083984375,68.00585938,0.0009854048422619616,0.002,1
912,69013.11669921875,68945.11083984375,68.00585938,0.0009854048422619616,0.002,1
913,69013.11669921875,68945.11083984375,68.00585938,0.0009854048422619616,0.002,1
914,69013.11669921875,68945.11083984375,68.00585938,0.0009854048422619616,0.002,1
915,69013.11669921875,68945.11083984375,68.00585938,0.0009854048422619616,0.002,1
916,69013.11669921875,68945.11083984375,68.00585938,0.0009854048422619616,0.002,1
917,69013.11669921875,68945.11083984375,68.00585938,0.0009854048422619616,0.002,1
918,69013.11669921875,68945.11083984375,68.00585938,0.0009854048422619616,0.002,1
919,69013.11669921875,68945.11083984375,68.00585938,0.0009854048422619616,0.002,1
920,69013.11669921875,68945.11083984375,68.00585938,0.0009854048422619616,0.002,1
921,69013.11669921875,68945.11083984375,68.00585938,0.0009854048422619616,0.002,1
922,69013.11669921875,68945.11083984375,68.00585938,0.0009854048422619616,0.002,1
923,69013.11669921875,68945.11083984375,68.00585938,0.0009854048422619616,0.002,1
924,69013.11669921875,68945.11083984375,68.00585938,0.0009854048422619616,0.002,1
925,69013.11669921875,68945.11083984375,68.00585938,0.0009854048422619616,0.002,1
926,69013.11669921875,68945.11083984375,68.00585938,0.0009854048422619616,0.002,1
927,69013.11669921875,68945.11083984375,68.00585938,0.0009854048422619616,0.002,1
928,69013.11669921875,68945.11083984375,68.00585938,0.0009854048422619616,0.002,1
929,69013.11669921875,68945.11083984375,68.00585938,0.0009854048422619616,0.002,1
930,69013.11669921875,68945.11083984375,68.00585938,0.0009854048422619616,0.002,1
931,69013.11669921875,68945.11083984375,68.00585938,0.0009854048422619616,0.002,1
932,69013.11669921875,68945.11083984375,68.00585938,0.0009854048422619616,0.002,1
933,69013.11669921875,68945.11083984375,68.00585938,0.0009854048422619616,0.002,1
934,69013.11669921875,68945.11083984375,68.00585938,0.0009854048422619616,0.002,1
935,69013.11669921875,68945.11083984375,68.00585938,0.0009854048422619616,0.002,1
936,69013.11669921875,68945.11083984375,68.00585938,0.0009854048422619616,0.002,1
937,69013.11669921875,68945.11083984375,68.00585938,0.0009854048422619616,0.002,1
938,69013.11669921875,68945.11083984375,68.00585938,0.0009854048422619616,0.002,1
939,69013.11669921875,68945.11083984375,68.00585938,0.0009854048422619616,0.002,1
940,69013.11669921875,68945.11083984375,68.00585938,0.0009854048422619616,0.002,1
941,69013.11669921875,68945.11083984375,68.00585938,0.0009854048422619616,0.002,1
942,69013.11669921875,68945.11083984375,68.00585938,0.0009854048422619616,0.002,1
943,69013.11669921875,68945.11083984375,68.00585938,0.0009854048422619616,0.002,1
944,69013.11669921875,68945.11083984375,68.00585938,0.0009854048422619616,0.002,1
945,69013.11669921875,68945.11083984375,68.00585938,0.0009854048422619616,0.002,1
946,69013.11669921875,68945.11083984375,68.00585938,0.0009854048422619616,0.002,1
947,69013.11669921875,68945.11083984375,68.00585938,0.0009854048422619616,0.002,1
948,69013.11669921875,68945.11083984375,68.00585938,0.0009854048422619616,0.002,1
949,69013.11669921875,68945.11083984375,68.00585938,0.0009854048422619616,0.002,1
950,69013.11669921875,68945.11083984375,68.00585938,0.0009854048422619616,0.002,1
951,69013.11669921875,68945.11083984375,68.00585938,0.0009854048422619616,0.002,1
952,69013.11669921875,68945.11083984375,68.00585938,0.0009854048422619616,0.002,1
953,69013.11669921875,68945.11083984375,68.00585938,0.0009854048422619616,0.002,1
954,69013.11669921875,68945.11083984375,68.00585938,0.0009854048422619616,0.002,1
955,69013.11669921875,68945.11083984375,68.00585938,0.0009854048422619616,0.002,1
956,69013.11669921875,68945.11083984375,68.00585938,0.0009854048422619616,0.002,1
957,69013.11669921875,68945.11083984375,68.00585938,0.0009854048422619616,0.002,1
958,69013.11669921875,68945.11083984375,68.00585938,0.0009854048422619616,0.002,1
959,69013.11669921875,68945.11083984375,68.00585938,0.0009854048422619616,0.002,1
960,69013.11669921875,68945.11083984375,68.00585938,0.0009854048422619616,0.002,1
961,69013.11669921875,68945.11083984375,68.00585938,0.0009854048422619616,0.002,1
962,69013.11669921875,68945.11083984375,68.00585938,0.0009854048422619616,0.002,1
963,69013.11669921875,68945.11083984375,68.00585938,0.0009854048422619616,0.002,1
964,69013.11669921875,68945.11083984375,68.00585938,0.0009854048422619616,0.002,1
965,69013.11669921875,68945.11083984375,68.00585938,0.0009854048422619616,0.002,1
966,69013.11669921875,68945.11083984375,68.00585938,0.0009854048422619616,0.002,1
967,69013.11669921875,68945.11083984375,68.00585938,0.0009854048422619616,0.002,1
968,69013.11669921875,68945.11083984375,68.00585938,0.0009854048422619616,0.002,1
969,69013.11669921875,68945.11083984375,68.00585938,0.0009854048422619616,0.002,1
970,69013.11669921875,68945.11083984375,68.00585938,0.0009854048422619616,0.002,1
971,69013.11669921875,68945.11083984375,68.00585938,0.0009854048422619616,0.002,1
972,69013.11669921875,68945.11083984375,68.00585938,0.0009854048422619616,0.002,1
973,69013.11669921875,68945.11083984375,68.00585938,0.0009854048422619616,0.002,1
974,69013.11669921875,68945.11083984375,68.00585938,0.0009854048422619616,0.002,1
975,69013.11669921875,68945.11083984375,68.00585938,0.0009854048422619616,0.002,1
976,69013.11669921875,68945.11083984375,68.00585938,0.0009854048422619616,0.002,1
977,69013.11669921875,68945.11083984375,68.00585938,0.0009854048422619616,0.002,1
978,69013.11669921875,68945.11083984375,68.00585938,0.0009854048422619616,0.002,1
979,69013.11669921875,68945.11083984375,68.00585938,0.0009854048422619616,0.002,1
980,69013.11669921875,68945.11083984375,68.00585938,0.0009854048422619616,0.002,1
981,69013.11669921875,68945.11083984375,68.00585938,0.0009854048422619616,0.002,1
982,69013.11669921875,68945.11083984375,68.00585938,0.0009854048422619616,0.002,1
983,69013.11669921875,68945.11083984375,68.00585938,0.0009854048422619616,0.002,1
984,69013.11669921875,68945.11083984375,68.00585938,0.0009854048422619616,0.002,1
985,69013.11669921875,68945.11083984375,68.00585938,0.0009854048422619616,0.002,1
986,69013.11669921875,68945.11083984375,68.00585938,0.0009854048422619616,0.002,1
987,69013.11669921875,68945.11083984375,68.00585938,0.0009854048422619616,0.002,1
988,69013.11669921875,68945.11083984375,68.00585938,0.0009854048422619616,0.002,1
989,69013.11669921875,68945.11083984375,68.00585938,0.0009854048422619616,0.002,1
990,69013.11669921875,68945.11083984375,68.00585938,0.0009854048422619616,0.002,1
991,69013.11669921875,68945.11083984375,68.00585938,0.0009854048422619616,0.002,1
992,69013.11669921875,68945.11083984375,68.00585938,0.0009854048422619616,0.002,1
993,69013.11669921875,68945.11083984375,68.00585938,0.0009854048422619616,0.002,1
994,69013.11669921875,68945.11083984375,68.00585938,0.0009854048422619616,0.002,1
995,69013.11669921875,68945.11083984375,68.00585938,0.0009854048422619616,0.002,1
996,69013.11669921875,68945.11083984375,68.00585938,0.0009854048422619616,0.002,1
997,69013.11669921875,68945.11083984375,68.00585938,0.0009854048422619616,0.002,1
998,69013.11669921875,68945.11083984375,68.00585938,0.0009854048422619616,0.002,1
999,69013.11669921875,68945.11083984375,68.00585938,0.0009854048422619616,0.002,1
1000,69013.11669921875,68945.11083984375,68.00585938,0.0009854048422619616,0.002,1
1001,69013.11669921875,68945.11083984375,68.00585938,0.0009854048422619616,0.002,1
1002,69013.11669921875,68945.11083984375,68.00585938,0.0009854048422619616,0.002,1
1003,69013.11669921875,68945.11083984375,68.00585938,0.0009854048422619616,0.002,1
1004,69013.11669921875,68945.11083984375,68.00585938,0.0009854048422619616,0.002,1
1005,69013.11669921875,68945.11083984375,68.00585938,0.0009854048422619616,0.002,1
1006,69013.11669921875,68945.11083984375,68.00585938,0.0009854048422619616,0.002,1
1007,69013.11669921875,68945.11083984375,68.00585938,0.0009854048422619616,0.002,1
1008,69013.11669921875,68945.11083984375,68.00585938,0.0009854048422619616,0.002,1
1009,69013.11669921875,68945.11083984375,68.00585938,0.0009854048422619616,0.002,1
1010,69013.11669921875,68945.11083984375,68.00585938,0.0009854048422619616,0.002,1
1011,69013.11669921875,68945.11083984375,68.00585938,0.0009854048422619616,0.002,1
1012,69013.11669921875,68945.11083984375,68.00585938,0.0009854048422619616,0.002,1
1013,69013.11669921875,68945.11083984375,68.00585938,0.0009854048422619616,0.002,1
1014,69013.11669921875,68945.11083984375,68.00585938,0.0009854048422619616,0.002,1
1015,69013.11669921875,68945.11083984375,68.00585938,0.0009854048422619616,0.002,1
1016,69013.11669921875,68945.11083984375,68.00585938,0.0009854048422619616,0.002,1
1017,69013.11669921875,68945.11083984375,68.00585938,0.0009854048422619616,0.002,1
1018,69013.11669921875,68945.11083984375,68.00585938,0.0009854048422619616,0.002,1
1019,69013.11669921875,68945.11083984375,68.00585938,0.0009854048422619616,0.002,1
1020,69013.11669921875,68945.11083984375,68.00585938,0.0009854048422619616,0.002,1
1021,69013.11669921875,68945.11083984375,68.00585938,0.0009854048422619616,0.002,1
1022,69013.11669921875,68945.11083984375,68.00585938,0.0009854048422619616,0.002,1
1023,69013.11669921875,68945.11083984375,68.00585938,0.0009854048422619616,0.002,1
1024,69013.11669921875,68945.11083984375,68.00585938,0.0009854048422619616,0.002,1
1025,69013.11669921875,68945.11083984375,68.00585938,0.0009854048422619616,0.002,1
1026,69013.11669921875,68945.11083984375,68.00585938,0.0009854048422619616,0.002,1
1027,69013.11669921875,68945.11083984375,68.00585938,0.0009854048422619616,0.002,1
1028,69013.11669921875,68945.11083984375,68.00585938,0.0009854048422619616,0.002,1
1029,69013.11669921875,68945.11083984375,68.00585938,0.0009854048422619616,0.002,1
1030,69013.11669921875,68945.11083984375,68.00585938,0.0009854048422619616,0.002,1
1031,69013.11669921875,68945.11083984375,68.00585938,0.0009854048422619616,0.002,1
1032,69013.11669921875,68945.11083984375,68.00585938,0.0009854048422619616,0.002,1
1033,69013.11669921875,68945.11083984375,68.00585938,0.0009854048422619616,0.002,1
1034,69013.11669921875,68945.11083984375,68.00585938,0.0009854048422619616,0.002,1
1035,69013.11669921875,68945.11083984375,68.00585938,0.0009854048422619616,0.002,1
1036,69013.11669921875,68945.11083984375,68.00585938,0.0009854048422619616,0.002,1
1037,69013.11669921875,68945.11083984375,68.00585938,0.0009854048422619616,0.002,1
1038,69013.11669921875,68945.11083984375,68.00585938,0.0009854048422619616,0.002,1
1039,69013.11669921875,68945.11083984375,68.00585938,0.0009854048422619616,0.002,1
1040,69013.11669921875,68945.11083984375,68.00585938,0.0009854048422619616,0.002,1
1041,69013.11669921875,68945.11083984375,68.00585938,0.0009854048422619616,0.002,1
1042,69013.11669921875,68945.11083984375,68.00585938,0.0009854048422619616,0.002,1
1043,69013.11669921875,68945.11083984375,68.00585938,0.0009854048422619616,0.002,1
1044,69013.11669921875,68945.11083984375,68.00585938,0.0009854048422619616,0.002,1
1045,69013.11669921875,68945.11083984375,68.00585938,0.0009854048422619616,0.002,1
1046,69013.11669921875,68945.11083984375,68.00585938,0.0009854048422619616,0.002,1
1047,69013.11669921875,68945.11083984375,68.00585938,0.0009854048422619616,0.002,1
1048,69013.11669921875,68945.11083984375,68.00585938,0.0009854048422619616,0.002,1
1049,69013.11669921875,68945.11083984375,68.00585938,0.0009854048422619616,0.002,1
1050,69013.11669921875,68945.11083984375,68.00585938,0.0009854048422619616,0.002,1
1051,69013.11669921875,68945.11083984375,68.00585938,0.0009854048422619616,0.002,1
1052,69013.11669921875,68945.11083984375,68.00585938,0.0009854048422619616,0.002,1
1053,69013.11669921875,68945.11083984375,68.00585938,0.0009854048422619616,0.002,1
1054,69013.11669921875,68945.11083984375,68.00585938,0.0009854048422619616,0.002,1
1055,69013.11669921875,68945.11083984375,68.00585938,0.0009854048422619616,0.002,1
1056,69013.11669921875,68945.11083984375,68.00585938,0.0009854048422619616,0.002,1
1057,69013.11669921875,68945.11083984375,68.00585938,0.0009854048422619616,0.002,1
1058,69013.11669921875,68945.11083984375,68.00585938,0.0009854048422619616,0.002,1
1059,69013.11669921875,68945.11083984375,68.00585938,0.0009854048422619616,0.002,1
1060,69013.11669921875,68945.11083984375,68.00585938,0.0009854048422619616,0.002,1
1061,69013.11669921875,68945.11083984375,68.00585938,0.0009854048422619616,0.002,1
1062,69013.11669921875,68945.11083984375,68.00585938,0.0009854048422619616,0.002,1
1063,69013.11669921875,68945.11083984375,68.00585938,0.0009854048422619616,0.002,1
1064,69013.11669921875,68945.11083984375,68.00585938,0.0009854048422619616,0.002,1
1065,69013.11669921875,68945.11083984375,68.00585938,0.0009854048422619616,0.002,1
1066,69013.11669921875,68945.11083984375,68.00585938,0.0009854048422619616,0.002,1
1067,69013.11669921875,68945.11083984375,68.00585938,0.0009854048422619616,0.002,1
1068,69013.11669921875,68945.11083984375,68.00585938,0.0009854048422619616,0.002,1
1069,69013.11669921875,68945.11083984375,68.00585938,0.0009854048422619616,0.002,1
1070,69013.11669921875,68945.11083984375,68.00585938,0.0009854048422619616,0.002,1
1071,69013.11669921875,68945.11083984375,68.00585938,0.0009854048422619616,0.002,1
1072,69013.11669921875,68945.11083984375,68.00585938,0.0009854048422619616,0.002,1
1073,69013.11669921875,68945.11083984375,68.00585938,0.0009854048422619616,0.002,1
1074,69013.11669921875,68945.11083984375,68.00585938,0.0009854048422619616,0.002,1
1075,69013.11669921875,68945.11083984375,68.00585938,0.0009854048422619616,0.002,1
1076,69013.11669921875,68945.11083984375,68.00585938,0.0009854048422619616,0.002,1
1077,69013.11669921875,68945.11083984375,68.00585938,0.0009854048422619616,0.002,1
1078,69013.11669921875,68945.11083984375,68.00585938,0.0009854048422619616,0.002,1
1079,69013.11669921875,68945.11083984375,68.00585938,0.0009854048422619616,0.002,1
1080,69013.11669921875,68945.11083984375,68.00585938,0.0009854048422619616,0.002,1
1081,69013.11669921875,68945.11083984375,68.00585938,0.0009854048422619616,0.002,1
1082,69013.11669921875,68945.11083984375,68.00585938,0.0009854048422619616,0.002,1
1083,69013.11669921875,68945.11083984375,68.00585938,0.0009854048422619616,0.002,1
1084,69013.11669921875,68945.11083984375,68.00585938,0.0009854048422619616,0.002,1
1085,69013.11669921875,68945.11083984375,68.00585938,0.0009854048422619616,0.002,1
1086,69013.11669921875,68945.11083984375,68.00585938,0.0009854048422619616,0.002,1
1087,69013.11669921875,68945.11083984375,68.00585938,0.0009854048422619616,0.002,1
1088,69013.11669921875,68945.11083984375,68.00585938,0.0009854048422619616,0.002,1
1089,69013.11669921875,68945.11083984375,68.00585938,0.0009854048422619616,0.002,1
1090,69013.11669921875,68945.11083984375,68.00585938,0.0009854048422619616,0.002,1
1091,69013.11669921875,68945.11083984375,68.00585938,0.0009854048422619616,0.002,1
1092,69013.11669921875,68945.11083984375,68.00585938,0.0009854048422619616,0.002,1
1093,69013.11669921875,68945.11083984375,68.00585938,0.0009854048422619616,0.002,1
1094,69013.11669921875,68945.11083984375,68.00585938,0.0009854048422619616,0.002,1
1095,69013.11669921875,68945.11083984375,68.00585938,0.0009854048422619616,0.002,1
1096,69013.11669921875,68945.11083984375,68.00585938,0.0009854048422619616,0.002,1
1097,69013.11669921875,68945.11083984375,68.00585938,0.0009854048422619616,0.002,1
1098,69013.11669921875,68945.11083984375,68.00585938,0.0009854048422619616,0.002,1
1099,69013.11669921875,68945.11083984375,68.00585938,0.0009854048422619616,0.002,1
1100,69013.11669921875,68945.11083984375,68.00585938,0.0009854048422619616,0.002,1
1101,69013.11669921875,68945.11083984375,68.00585938,0.0009854048422619616,0.002,1
1102,69013.11669921875,68945.11083984375,68.00585938,0.0009854048422619616,0.002,1
1103,69013.11669921875,68945.11083984375,68.00585938,0.0009854048422619616,0.002,1
1104,69013.11669921875,68945.11083984375,68.00585938,0.0009854048422619616,0.002,1
1105,69013.11669921875,68945.11083984375,68.00585938,0.0009854048422619616,0.002,1
1106,69013.11669921875,68945.11083984375,68.00585938,0.0009854048422619616,0.002,1
1107,69013.11669921875,68945.11083984375,68.00585938,0.0009854048422619616,0.002,1
1108,69013.11669921875,68945.11083984375,68.00585938,0.0009854048422619616,0.002,1
1109,69013.11669921875,68945.11083984375,68.00585938,0.0009854048422619616,0.002,1
1110,69013.11669921875,68945.11083984375,68.00585938,0.0009854048422619616,0.002,1
1111,69013.11669921875,68945.11083984375,68.00585938,0.0009854048422619616,0.002,1
1112,69013.11669921875,68945.11083984375,68.00585938,0.0009854048422619616,0.002,1
1113,69013.11669921875,68945.11083984375,68.00585938,0.0009854048422619616,0.002,1
1114,69013.11669921875,68945.11083984375,68.00585938,0.0009854048422619616,0.002,1
1115,69013.11669921875,68945.11083984375,68.00585938,0.0009854048422619616,0.002,1
1116,69013.11669921875,68945.11083984375,68.00585938,0.0009854048422619616,0.002,1
1117,69013.11669921875,68945.11083984375,68.00585938,0.0009854048422619616,0.002,1
1118,69013.11669921875,68945.11083984375,68.00585938,0.0009854048422619616,0.002,1
1119,69013.11669921875,68945.11083984375,68.00585938,0.0009854048422619616,0.002,1
1120,69013.11669921875,68945.11083984375,68.00585938,0.0009854048422619616,0.002,1
1121,69013.11669921875,68945.11083984375,68.00585938,0.0009854048422619616,0.002,1
1122,69013.11669921875,68945.11083984375,68.00585938,0.0009854048422619616,0.002,1
1123,69013.11669921875,68945.11083984375,68.00585938,0.0009854048422619616,0.002,1
1124,69013.11669921875,68945.11083984375,68.00585938,0.0009854048422619616,0.002,1
1125,69013.11669921875,68945.11083984375,68.00585938,0.0009854048422619616,0.002,1
1126,69013.11669921875,68945.11083984375,68.00585938,0.0009854048422619616,0.002,1
1127,69013.11669921875,68945.11083984375,68.00585938,0.0009854048422619616,0.002,1
1128,69013.11669921875,68945.11083984375,68.00585938,0.0009854048422619616,0.002,1
1129,69013.11669921875,68945.11083984375,68.00585938,0.0009854048422619616,0.002,1
1130,69013.11669921875,68945.11083984375,68.00585938,0.0009854048422619616,0.002,1
1131,69013.11669921875,68945.11083984375,68.00585938,0.0009854048422619616,0.002,1
1132,69013.11669921875,68945.11083984375,68.00585938,0.0009854048422619616,0.002,1
1133,69013.11669921875,68945.11083984375,68.00585938,0.0009854048422619616,0.002,1
1134,69013.11669921875,68945.11083984375,68.00585938,0.0009854048422619616,0.002,1
1135,69013.11669921875,68945.11083984375,68.00585938,0.0009854048422619616,0.002,1
1136,69013.11669921875,68945.11083984375,68.00585938,0.0009854048422619616,0.002,1
1137,69013.11669921875,68945.11083984375,68.00585938,0.0009854048422619616,0.002,1
1138,69013.11669921875,68945.11083984375,68.00585938,0.0009854048422619616,0.002,1
1139,69013.11669921875,68945.11083984375,68.00585938,0.0009854048422619616,0.002,1
1140,69013.11669921875,68945.11083984375,68.00585938,0.0009854048422619616,0.002,1
1141,69013.11669921875,68945.11083984375,68.00585938,0.0009854048422619616,0.002,1
1142,69013.11669921875,68945.11083984375,68.00585938,0.0009854048422619616,0.002,1
1143,69013.11669921875,68945.11083984375,68.00585938,0.0009854048422619616,0.002,1
1144,69013.11669921875,68945.11083984375,68.00585938,0.0009854048422619616,0.002,1
1145,69013.11669921875,68945.11083984375,68.00585938,0.0009854048422619616,0.002,1
1146,69013.11669921875,68945.11083984375,68.00585938,0.0009854048422619616,0.002,1
1147,69013.11669921875,68945.11083984375,68.00585938,0.0009854048422619616,0.002,1
1148,69013.11669921875,68945.11083984375,68.00585938,0.0009854048422619616,0.002,1
1149,69013.11669921875,68945.11083984375,68.00585938,0.0009854048422619616,0.002,1
1150,69013.11669921875,68945.11083984375,68.00585938,0.0009854048422619616,0.002,1
1151,69013.11669921875,68945.11083984375,68.00585938,0.0009854048422619616,0.002,1
1152,69013.11669921875,68945.11083984375,68.00585938,0.0009854048422619616,0.002,1
1153,69013.11669921875,68945.11083984375,68.00585938,0.0009854048422619616,0.002,1
1154,69013.11669921875,68945.11083984375,68.00585938,0.0009854048422619616,0.002,1
1155,69013.11669921875,68945.11083984375,68.00585938,0.0009854048422619616,0.002,1
1156,69013.11669921875,68945.11083984375,68.00585938,0.0009854048422619616,0.002,1
1157,69013.11669921875,68945.11083984375,68.00585938,0.0009854048422619616,0.002,1
1158,69013.11669921875,68945.11083984375,68.00585938,0.0009854048422619616,0.002,1
1159,69013.11669921875,68945.11083984375,68.00585938,0.0009854048422619616,0.002,1
1160,69013.11669921875,68945.11083984375,68.00585938,0.0009854048422619616,0.002,1
1161,69013.11669921875,68945.11083984375,68.00585938,0.0009854048422619616,0.002,1
1162,69013.11669921875,68945.11083984375,68.00585938,0.0009854048422619616,0.002,1
1163,69013.11669921875,68945.11083984375,68.00585938,0.0009854048422619616,0.002,1
1164,69013.11669921875,68945.11083984375,68.00585938,0.0009854048422619616,0.002,1
1165,69013.11669921875,68945.11083984375,68.00585938,0.0009854048422619616,0.002,1
1166,69013.11669921875,68945.11083984375,68.00585938,0.0009854048422619616,0.002,1
1167,69013.11669921875,68945.11083984375,68.00585938,0.0009854048422619616,0.002,1
1168,69013.11669921875,68945.11083984375,68.00585938,0.0009854048422619616,0.002,1
1169,69013.11669921875,68945.11083984375,68.00585938,0.0009854048422619616,0.002,1
1170,69013.11669921875,68945.11083984375,68.00585938,0.0009854048422619616,0.002,1
1171,69013.11669921875,68945.11083984375,68.00585938,0.0009854048422619616,0.002,1
1172,69013.11669921875,68945.11083984375,68.00585938,0.0009854048422619616,0.002,1
1173,69013.11669921875,68945.11083984375,68.00585938,0.0009854048422619616,0.002,1
1174,69013.11669921875,68945.11083984375,68.00585938,0.0009854048422619616,0.002,1
1175,69013.11669921875,68945.11083984375,68.00585938,0.0009854048422619616,0.002,1
1176,69013.11669921875,68945.11083984375,68.00585938,0.0009854048422619616,0.002,1
1177,69013.11669921875,68945.11083984375,68.00585938,0.0009854048422619616,0.002,1
1178,69013.11669921875,68945.11083984375,68.00585938,0.0009854048422619616,0.002,1
1179,69013.11669921875,68945.11083984375,68.00585938,0.0009854048422619616,0.002,1
1180,69013.11669921875,68945.11083984375,68.00585938,0.0009854048422619616,0.002,1
1181,69013.11669921875,68945.11083984375,68.00585938,0.0009854048422619616,0.002,1
1182,69013.11669921875,68945.11083984375,68.00585938,0.0009854048422619616,0.002,1
1183,69013.11669921875,68945.11083984375,68.00585938,0.0009854048422619616,0.002,1
1184,69013.11669921875,68945.11083984375,68.00585938,0.0009854048422619616,0.002,1
1185,69013.11669921875,68945.11083984375,68.00585938,0.0009854048422619616,0.002,1
1186,69013.11669921875,68945.11083984375,68.00585938,0.0009854048422619616,0.002,1
1187,69013.11669921875,68945.11083984375,68.00585938,0.0009854048422619616,0.002,1
1188,69013.11669921875,68945.11083984375,68.00585938,0.0009854048422619616,0.002,1
1189,69013.11669921875,68945.11083984375,68.00585938,0.0009854048422619616,0.002,1
1190,69013.11669921875,68945.11083984375,68.00585938,0.0009854048422619616,0.002,1
1191,69013.11669921875,68945.11083984375,68.00585938,0.0009854048422619616,0.002,1
1192,69013.11669921875,68945.11083984375,68.00585938,0.0009854048422619616,0.002,1
1193,69013.11669921875,68945.11083984375,68.00585938,0.0009854048422619616,0.002,1
1194,69013.11669921875,68945.11083984375,68.00585938,0.0009854048422619616,0.002,1
1195,69013.11669921875,68945.11083984375,68.00585938,0.0009854048422619616,0.002,1
1196,69013.11669921875,68945.11083984375,68.00585938,0.0009854048422619616,0.002,1
1197,69013.11669921875,68945.11083984375,68.00585938,0.0009854048422619616,0.002,1
1198,69013.11669921875,68945.11083984375,68.00585938,0.0009854048422619616,0.002,1
1199,69013.11669921875,68945.11083984375,68.00585938,0.0009854048422619616,0.002,1
1200,69013.11669921875,68945.11083984375,68.00585938,0.0009854048422619616,0.002,1
1201,69013.11669921875,68945.11083984375,68.00585938,0.0009854048422619616,0.002,1
1202,69013.11669921875,68945.11083984375,68.00585938,0.0009854048422619616,0.002,1
1203,69013.11669921875,68945.11083984375,68.00585938,0.0009854048422619616,0.002,1
1204,69013.11669921875,68945.11083984375,68.00585938,0.0009854048422619616,0.002,1
1205,69013.11669921875,68945.11083984375,68.00585938,0.0009854048422619616,0.002,1
1206,69013.11669921875,68945.11083984375,68.00585938,0.0009854048422619616,0.002,1
1207,69013.11669921875,68945.11083984375,68.00585938,0.0009854048422619616,0.002,1
1208,69013.11669921875,68945.11083984375,68.00585938,0.0009854048422619616,0.002,1
1209,69013.11669921875,68945.11083984375,68.00585938,0.0009854048422619616,0.002,1
1210,69013.11669921875,68945.11083984375,68.00585938,0.0009854048422619616,0.002,1
1211,69013.11669921875,68945.11083984375,68.00585938,0.0009854048422619616,0.002,1
1212,69013.11669921875,68945.11083984375,68.00585938,0.0009854048422619616,0.002,1
1213,69013.11669921875,68945.11083984375,68.00585938,0.0009854048422619616,0.002,1
1214,69013.11669921875,68945.11083984375,68.00585938,0.0009854048422619616,0.002,1
1215,69013.11669921875,68945.11083984375,68.00585938,0.0009854048422619616,0.002,1
1216,69013.11669921875,68945.11083984375,68.00585938,0.0009854048422619616,0.002,1
1217,69013.11669921875,68945.11083984375,68.00585938,0.0009854048422619616,0.002,1
1218,69013.11669921875,68945.11083984375,68.00585938,0.0009854048422619616,0.002,1
1219,69013.11669921875,68945.11083984375,68.00585938,0.0009854048422619616,0.002,1
1220,69013.11669921875,68945.11083984375,68.00585938,0.0009854048422619616,0.002,1
1221,69013.11669921875,68945.11083984375,68.00585938,0.0009854048422619616,0.002,1
1222,69013.11669921875,68945.11083984375,68.00585938,0.0009854048422619616,0.002,1
1223,69013.11669921875,68945.11083984375,68.00585938,0.0009854048422619616,0.002,1
1224,69013.11669921875,68945.11083984375,68.00585938,0.0009854048422619616,0.002,1
1225,69013.11669921875,68945.11083984375,68.00585938,0.0009854048422619616,0.002,1
1226,69013.11669921875,68945.11083984375,68.00585938,0.0009854048422619616,0.002,1
1227,69013.11669921875,68945.11083984375,68.00585938,0.0009854048422619616,0.002,1
1228,69013.11669921875,68945.11083984375,68.00585938,0.0009854048422619616,0.002,1
1229,69013.11669921875,68945.11083984375,68.00585938,0.0009854048422619616,0.002,1
1230,69013.11669921875,68945.11083984375,68.00585938,0.0009854048422619616,0.002,1
1231,69013.11669921875,68945.11083984375,68.00585938,0.0009854048422619616,0.002,1
1232,69013.11669921875,68945.11083984375,68.00585938,0.0009854048422619616,0.002,1
1233,69013.11669921875,68945.11083984375,68.00585938,0.0009854048422619616,0.002,1
1234,69013.11669921875,68945.11083984375,68.00585938,0.0009854048422619616,0.002,1
1235,69013.11669921875,68945.11083984375,68.00585938,0.0009854048422619616,0.002,1
1236,69013.11669921875,68945.11083984375,68.00585938,0.0009854048422619616,0.002,1
1237,69013.11669921875,68945.11083984375,68.00585938,0.0009854048422619616,0.002,1
1238,69013.11669921875,68945.11083984375,68.00585938,0.0009854048422619616,0.002,1
1239,69013.11669921875,68945.11083984375,68.00585938,0.0009854048422619616,0.002,1
1240,69013.11669921875,68945.11083984375,68.00585938,0.0009854048422619616,0.002,1
1241,69013.11669921875,68945.11083984375,68.00585938,0.0009854048422619616,0.002,1
1242,69013.11669921875,68945.11083984375,68.00585938,0.0009854048422619616,0.002,1
1243,69013.11669921875,68945.11083984375,68.00585938,0.0009854048422619616,0.002,1
1244,69013.11669921875,68945.11083984375,68.00585938,0.0009854048422619616,0.002,1
1245,69013.11669921875,68945.11083984375,68.00585938,0.0009854048422619616,0.002,1
1246,69013.11669921875,68945.11083984375,68.00585938,0.0009854048422619616,0.002,1
1247,69013.11669921875,68945.11083984375,68.00585938,0.0009854048422619616,0.002,1
1248,69013.11669921875,68945.11083984375,68.00585938,0.0009854048422619616,0.002,1
1249,69013.11669921875,68945.11083984375,68.00585938,0.0009854048422619616,0.002,1
1250,69013.11669921875,68945.11083984375,68.00585938,0.0009854048422619616,0.002,1
1251,69013.11669921875,68945.11083984375,68.00585938,0.0009854048422619616,0.002,1
1252,69013.11669921875,68945.11083984375,68.00585938,0.0009854048422619616,0.002,1
1253,69013.11669921875,68945.11083984375,68.00585938,0.0009854048422619616,0.002,1
1254,69013.11669921875,68945.11083984375,68.00585938,0.0009854048422619616,0.002,1
1255,69013.11669921875,68945.11083984375,68.00585938,0.0009854048422619616,0.002,1
1256,69013.11669921875,68945.11083984375,68.00585938,0.0009854048422619616,0.002,1
1257,69013.11669921875,68945.11083984375,68.00585938,0.0009854048422619616,0.002,1
1258,69013.11669921875,68945.11083984375,68.00585938,0.0009854048422619616,0.002,1
1259,69013.11669921875,68945.11083984375,68.00585938,0.0009854048422619616,0.002,1
1260,69013.11669921875,68945.11083984375,68.00585938,0.0009854048422619616,0.002,1
1261,69013.11669921875,68945.11083984375,68.00585938,0.0009854048422619616,0.002,1
1262,69013.11669921875,68945.11083984375,68.00585938,0.0009854048422619616,0.002,1
1263,69013.11669921875,68945.11083984375,68.00585938,0.0009854048422619616,0.002,1
1264,69013.11669921875,68945.11083984375,68.00585938,0.0009854048422619616,0.002,1
1265,69013.11669921875,68945.11083984375,68.00585938,0.0009854048422619616,0.002,1
1266,69013.11669921875,68945.11083984375,68.00585938,0.0009854048422619616,0.002,1
1267,69013.11669921875,68945.11083984375,68.00585938,0.0009854048422619616,0.002,1
1268,69013.11669921875,68945.11083984375,68.00585938,0.0009854048422619616,0.002,1
1269,69013.11669921875,68945.11083984375,68.00585938,0.0009854048422619616,0.002,1
1270,69013.11669921875,68945.11083984375,68.00585938,0.0009854048422619616,0.002,1
1271,69013.11669921875,68945.11083984375,68.00585938,0.0009854048422619616,0.002,1
1272,69013.11669921875,68945.11083984375,68.00585938,0.0009854048422619616,0.002,1
1273,69013.11669921875,68945.11083984375,68.00585938,0.0009854048422619616,0.002,1
1274,69013.11669921875,68945.11083984375,68.00585938,0.0009854048422619616,0.002,1
1275,69013.11669921875,68945.11083984375,68.00585938,0.0009854048422619616,0.002,1
1276,69013.11669921875,68945.11083984375,68.00585938,0.0009854048422619616,0.002,1
1277,69013.11669921875,68945.11083984375,68.00585938,0.0009854048422619616,0.002,1
1278,69013.11669921875,68945.11083984375,68.00585938,0.0009854048422619616,0.002,1
1279,69013.11669921875,68945.11083984375,68.00585938,0.0009854048422619616,0.002,1
1280,69013.11669921875,68945.11083984375,68.00585938,0.0009854048422619616,0.002,1
1281,69013.11669921875,68945.11083984375,68.00585938,0.0009854048422619616,0.002,1
1282,69013.11669921875,68945.11083984375,68.00585938,0.0009854048422619616,0.002,1
1283,69013.11669921875,68945.11083984375,68.00585938,0.0009854048422619616,0.002,1
1284,69013.11669921875,68945.11083984375,68.00585938,0.0009854048422619616,0.002,1
1285,69013.11669921875,68945.11083984375,68.00585938,0.0009854048422619616,0.002,1
1286,69013.11669921875,68945.11083984375,68.00585938,0.0009854048422619616,0.002,1
1287,69013.11669921875,68945.11083984375,68.00585938,0.0009854048422619616,0.002,1
1288,69013.11669921875,68945.11083984375,68.00585938,0.0009854048422619616,0.002,1
1289,69013.11669921875,68945.11083984375,68.00585938,0.0009854048422619616,0.002,1
1290,69013.11669921875,68945.11083984375,68.00585938,0.0009854048422619616,0.002,1
1291,69013.11669921875,68945.11083984375,68.00585938,0.0009854048422619616,0.002,1
1292,69013.11669921875,68945.11083984375,68.00585938,0.0009854048422619616,0.002,1
1293,69013.11669921875,68945.11083984375,68.00585938,0.0009854048422619616,0.002,1
1294,69013.11669921875,68945.11083984375,68.00585938,0.0009854048422619616,0.002,1
1295,69013.11669921875,68945.11083984375,68.00585938,0.0009854048422619616,0.002,1
1296,69013.11669921875,68945.11083984375,68.00585938,0.0009854048422619616,0.002,1
1297,69013.11669921875,68945.11083984375,68.00585938,0.0009854048422619616,0.002,1
1298,69013.11669921875,68945.11083984375,68.00585938,0.0009854048422619616,0.002,1
1299,69013.11669921875,68945.11083984375,68.00585938,0.0009854048422619616,0.002,1
1300,69013.11669921875,68945.11083984375,68.00585938,0.0009854048422619616,0.002,1
1301,69013.11669921875,68945.11083984375,68.00585938,0.0009854048422619616,0.002,1
1302,69013.11669921875,68945.11083984375,68.00585938,0.0009854048422619616,0.002,1
1303,69013.11669921875,68945.11083984375,68.00585938,0.0009854048422619616,0.002,1
1304,69013.11669921875,68945.11083984375,68.00585938,0.0009854048422619616,0.002,1
1305,69013.11669921875,68945.11083984375,68.00585938,0.0009854048422619616,0.002,1
1306,69013.11669921875,68945.11083984375,68.00585938,0.0009854048422619616,0.002,1
1307,69013.11669921875,68945.11083984375,68.00585938,0.0009854048422619616,0.002,1
1308,69013.11669921875,68945.11083984375,68.00585938,0.0009854048422619616,0.002,1
1309,69013.11669921875,68945.11083984375,68.00585938,0.0009854048422619616,0.002,1
1310,69013.11669921875,68945.11083984375,68.00585938,0.0009854048422619616,0.002,1
1311,69013.11669921875,68945.11083984375,68.00585938,0.0009854048422619616,0.002,1
1312,69013.11669921875,68945.11083984375,68.00585938,0.0009854048422619616,0.002,1
1313,69013.11669921875,68945.11083984375,68.00585938,0.0009854048422619616,0.002,1
1314,69013.11669921875,68945.11083984375,68.00585938,0.0009854048422619616,0.002,1
1315,69013.11669921875,68945.11083984375,68.00585938,0.0009854048422619616,0.002,1
1316,69013.11669921875,68945.11083984375,68.00585938,0.0009854048422619616,0.002,1
1317,69013.11669921875,68945.11083984375,68.00585938,0.0009854048422619616,0.002,1
1318,69013.11669921875,68945.11083984375,68.00585938,0.0009854048422619616,0.002,1
1319,69013.11669921875,68945.11083984375,68.00585938,0.0009854048422619616,0.002,1
1320,69013.11669921875,68945.11083984375,68.00585938,0.0009854048422619616,0.002,1
1321,69013.11669921875,68945.11083984375,68.00585938,0.0009854048422619616,0.002,1
1322,69013.11669921875,68945.11083984375,68.00585938,0.0009854048422619616,0.002,1
1323,69013.11669921875,68945.11083984375,68.00585938,0.0009854048422619616,0.002,1
1324,69013.11669921875,68945.11083984375,68.00585938,0.0009854048422619616,0.002,1
1325,69013.11669921875,68945.11083984375,68.00585938,0.0009854048422619616,0.002,1
1326,69013.11669921875,68945.11083984375,68.00585938,0.0009854048422619616,0.002,1
1327,69013.11669921875,68945.11083984375,68.00585938,0.0009854048422619616,0.002,1
1328,69013.11669921875,68945.11083984375,68.00585938,0.0009854048422619616,0.002,1
1329,69013.11669921875,68945.11083984375,68.00585938,0.0009854048422619616,0.002,1
1330,69013.11669921875,68945.11083984375,68.00585938,0.0009854048422619616,0.002,1
1331,69013.11669921875,68945.11083984375,68.00585938,0.0009854048422619616,0.002,1
1332,69013.11669921875,68945.11083984375,68.00585938,0.0009854048422619616,0.002,1
1333,69013.11669921875,68945.11083984375,68.00585938,0.0009854048422619616,0.002,1
1334,69013.11669921875,68945.11083984375,68.00585938,0.0009854048422619616,0.002,1
1335,69013.11669921875,68945.11083984375,68.00585938,0.0009854048422619616,0.002,1
1336,69013.11669921875,68945.11083984375,68.00585938,0.0009854048422619616,0.002,1
1337,69013.11669921875,68945.11083984375,68.00585938,0.0009854048422619616,0.002,1
1338,69013.11669921875,68945.11083984375,68.00585938,0.0009854048422619616,0.002,1
1339,69013.11669921875,68945.11083984375,68.00585938,0.0009854048422619616,0.002,1
1340,69013.11669921875,68945.11083984375,68.00585938,0.0009854048422619616,0.002,1
1341,69013.11669921875,68945.11083984375,68.00585938,0.0009854048422619616,0.002,1
1342,69013.11669921875,68945.11083984375,68.00585938,0.0009854048422619616,0.002,1
1343,69013.11669921875,68945.11083984375,68.00585938,0.0009854048422619616,0.002,1
1344,69013.11669921875,68945.11083984375,68.00585938,0.0009854048422619616,0.002,1
1345,69013.11669921875,68945.11083984375,68.00585938,0.0009854048422619616,0.002,1
1346,69013.11669921875,68945.11083984375,68.00585938,0.0009854048422619616,0.002,1
1347,69013.11669921875,68945.11083984375,68.00585938,0.0009854048422619616,0.002,1
1348,69013.11669921875,68945.11083984375,68.00585938,0.0009854048422619616,0.002,1
1349,69013.11669921875,68945.11083984375,68.00585938,0.0009854048422619616,0.002,1
1350,69013.11669921875,68945.11083984375,68.00585938,0.0009854048422619616,0.002,1
1351,69013.11669921875,68945.11083984375,68.00585938,0.0009854048422619616,0.002,1
1352,69013.11669921875,68945.11083984375,68.00585938,0.0009854048422619616,0.002,1
1353,69013.11669921875,68945.11083984375,68.00585938,0.0009854048422619616,0.002,1
1354,69013.11669921875,68945.11083984375,68.00585938,0.0009854048422619616,0.002,1
1355,69013.11669921875,68945.11083984375,68.00585938,0.0009854048422619616,0.002,1
1356,69013.11669921875,68945.11083984375,68.00585938,0.0009854048422619616,0.002,1
1357,69013.11669921875,68945.11083984375,68.00585938,0.0009854048422619616,0.002,1
1358,69013.11669921875,68945.11083984375,68.00585938,0.0009854048422619616,0.002,1
1359,69013.11669921875,68945.11083984375,68.00585938,0.0009854048422619616,0.002,1
1360,69013.11669921875,68945.11083984375,68.00585938,0.0009854048422619616,0.002,1
1361,69013.11669921875,68945.11083984375,68.00585938,0.0009854048422619616,0.002,1
1362,69013.11669921875,68945.11083984375,68.00585938,0.0009854048422619616,0.002,1
1363,69013.11669921875,68945.11083984375,68.00585938,0.0009854048422619616,0.002,1
1364,69013.11669921875,68945.11083984375,68.00585938,0.0009854048422619616,0.002,1
1365,69013.11669921875,68945.11083984375,68.00585938,0.0009854048422619616,0.002,1
1366,69013.11669921875,68945.11083984375,68.00585938,0.0009854048422619616,0.002,1
1367,69013.11669921875,68945.11083984375,68.00585938,0.0009854048422619616,0.002,1
1368,69013.11669921875,68945.11083984375,68.00585938,0.0009854048422619616,0.002,1
1369,69013.11669921875,68945.11083984375,68.00585938,0.0009854048422619616,0.002,1
1370,69013.11669921875,68945.11083984375,68.00585938,0.0009854048422619616,0.002,1
1371,69013.11669921875,68945.11083984375,68.00585938,0.0009854048422619616,0.002,1
1372,69013.11669921875,68945.11083984375,68.00585938,0.0009854048422619616,0.002,1
1373,69013.11669921875,68945.11083984375,68.00585938,0.0009854048422619616,0.002,1
1374,69013.11669921875,68945.11083984375,68.00585938,0.0009854048422619616,0.002,1
1375,69013.11669921875,68945.11083984375,68.00585938,0.0009854048422619616,0.002,1
1376,69013.11669921875,68945.11083984375,68.00585938,0.0009854048422619616,0.002,1
1377,69013.11669921875,68945.11083984375,68.00585938,0.0009854048422619616,0.002,1
1378,69013.11669921875,68945.11083984375,68.00585938,0.0009854048422619616,0.002,1
1379,69013.11669921875,68945.11083984375,68.00585938,0.0009854048422619616,0.002,1
1380,69013.11669921875,68945.11083984375,68.00585938,0.0009854048422619616,0.002,1
1381,69013.11669921875,68945.11083984375,68.00585938,0.0009854048422619616,0.002,1
1382,69013.11669921875,68945.11083984375,68.00585938,0.0009854048422619616,0.002,1
1383,69013.11669921875,68945.11083984375,68.00585938,0.0009854048422619616,0.002,1
1384,69013.11669921875,68945.11083984375,68.00585938,0.0009854048422619616,0.002,1
1385,69013.11669921875,68945.11083984375,68.00585938,0.0009854048422619616,0.002,1
1386,69013.11669921875,68945.11083984375,68.00585938,0.0009854048422619616,0.002,1
1387,69013.11669921875,68945.11083984375,68.00585938,0.0009854048422619616,0.002,1
1388,69013.11669921875,68945.11083984375,68.00585938,0.0009854048422619616,0.002,1
1389,69013.11669921875,68945.11083984375,68.00585938,0.0009854048422619616,0.002,1
1390,69013.11669921875,68945.11083984375,68.00585938,0.0009854048422619616,0.002,1
1391,69013.11669921875,68945.11083984375,68.00585938,0.0009854048422619616,0.002,1
1392,69013.11669921875,68945.11083984375,68.00585938,0.0009854048422619616,0.002,1
1393,69013.11669921875,68945.11083984375,68.00585938,0.0009854048422619616,0.002,1
1394,69013.11669921875,68945.11083984375,68.00585938,0.0009854048422619616,0.002,1
1395,69013.11669921875,68945.11083984375,68.00585938,0.0009854048422619616,0.002,1
1396,69013.11669921875,68945.11083984375,68.00585938,0.0009854048422619616,0.002,1
1397,69013.11669921875,68945.11083984375,68.00585938,0.0009854048422619616,0.002,1
1398,69013.11669921875,68945.11083984375,68.00585938,0.0009854048422619616,0.002,1
1399,69013.11669921875,68945.11083984375,68.00585938,0.0009854048422619616,0.002,1
1400,69013.11669921875,68945.11083984375,68.00585938,0.0009854048422619616,0.002,1
1401,69013.11669921875,68945.11083984375,68.00585938,0.0009854048422619616,0.002,1
1402,69013.11669921875,68945.11083984375,68.00585938,0.0009854048422619616,0.002,1
1403,69013.11669921875,68945.11083984375,68.00585938,0.0009854048422619616,0.002,1
1404,69013.11669921875,68945.11083984375,68.00585938,0.0009854048422619616,0.002,1
1405,69013.11669921875,68945.11083984375,68.00585938,0.0009854048422619616,0.002,1
1406,69013.11669921875,68945.11083984375,68.00585938,0.0009854048422619616,0.002,1
1407,69013.11669921875,68945.11083984375,68.00585938,0.0009854048422619616,0.002,1
1408,69013.11669921875,68945.11083984375,68.00585938,0.0009854048422619616,0.002,1
1409,69013.11669921875,68945.11083984375,68.00585938,0.0009854048422619616,0.002,1
1410,69013.11669921875,68945.11083984375,68.00585938,0.0009854048422619616,0.002,1
1411,69013.11669921875,68945.11083984375,68.00585938,0.0009854048422619616,0.002,1
1412,69013.11669921875,68945.11083984375,68.00585938,0.0009854048422619616,0.002,1
1413,69013.11669921875,68945.11083984375,68.00585938,0.0009854048422619616,0.002,1
1414,69013.11669921875,68945.11083984375,68.00585938,0.0009854048422619616,0.002,1
1415,69013.11669921875,68945.11083984375,68.00585938,0.0009854048422619616,0.002,1
1416,69013.11669921875,68945.11083984375,68.00585938,0.0009854048422619616,0.002,1
1417,69013.11669921875,68945.11083984375,68.00585938,0.0009854048422619616,0.002,1
1418,69013.11669921875,68945.11083984375,68.00585938,0.0009854048422619616,0.002,1
1419,69013.11669921875,68945.11083984375,68.00585938,0.0009854048422619616,0.002,1
1420,69013.11669921875,68945.11083984375,68.00585938,0.0009854048422619616,0.002,1
1421,69013.11669921875,68945.11083984375,68.00585938,0.0009854048422619616,0.002,1
1422,69013.11669921875,68945.11083984375,68.00585938,0.0009854048422619616,0.002,1
1423,69013.11669921875,68945.11083984375,68.00585938,0.0009854048422619616,0.002,1
1424,69013.11669921875,68945.11083984375,68.00585938,0.0009854048422619616,0.002,1
1425,69013.11669921875,68945.11083984375,68.00585938,0.0009854048422619616,0.002,1
1426,69013.11669921875,68945.11083984375,68.00585938,0.0009854048422619616,0.002,1
1427,69013.11669921875,68945.11083984375,68.00585938,0.0009854048422619616,0.002,1
1428,69013.11669921875,68945.11083984375,68.00585938,0.0009854048422619616,0.002,1
1429,69013.11669921875,68945.11083984375,68.00585938,0.0009854048422619616,0.002,1
1430,69013.11669921875,68945.11083984375,68.00585938,0.0009854048422619616,0.002,1
1431,69013.11669921875,68945.11083984375,68.00585938,0.0009854048422619616,0.002,1
1432,69013.11669921875,68945.11083984375,68.00585938,0.0009854048422619616,0.002,1
1433,69013.11669921875,68945.11083984375,68.00585938,0.0009854048422619616,0.002,1
1434,69013.11669921875,68945.11083984375,68.00585938,0.0009854048422619616,0.002,1
1435,69013.11669921875,68945.11083984375,68.00585938,0.0009854048422619616,0.002,1
1436,69013.11669921875,68945.11083984375,68.00585938,0.0009854048422619616,0.002,1
1437,69013.11669921875,68945.11083984375,68.00585938,0.0009854048422619616,0.002,1
1438,69013.11669921875,68945.11083984375,68.00585938,0.0009854048422619616,0.002,1
1439,69013.11669921875,68945.11083984375,68.00585938,0.0009854048422619616,0.002,1
1440,69013.11669921875,68945.11083984375,68.00585938,0.0009854048422619616,0.002,1
1441,69013.11669921875,68945.11083984375,68.00585938,0.0009854048422619616,0.002,1
1442,69013.11669921875,68945.11083984375,68.00585938,0.0009854048422619616,0.002,1
1443,69013.11669921875,68945.11083984375,68.00585938,0.0009854048422619616,0.002,1
1444,69013.11669921875,68945.11083984375,68.00585938,0.0009854048422619616,0.002,1
1445,69013.11669921875,68945.11083984375,68.00585938,0.0009854048422619616,0.002,1
1446,69013.11669921875,68945.11083984375,68.00585938,0.0009854048422619616,0.002,1
1447,69013.11669921875,68945.11083984375,68.00585938,0.0009854048422619616,0.002,1
1448,69013.11669921875,68945.11083984375,68.00585938,0.0009854048422619616,0.002,1
1449,69013.11669921875,68945.11083984375,68.00585938,0.0009854048422619616,0.002,1
1450,69013.11669921875,68945.11083984375,68.00585938,0.0009854048422619616,0.002,1
1451,69013.11669921875,68945.11083984375,68.00585938,0.0009854048422619616,0.002,1
1452,69013.11669921875,68945.11083984375,68.00585938,0.0009854048422619616,0.002,1
1453,69013.11669921875,68945.11083984375,68.00585938,0.0009854048422619616,0.002,1
1454,69013.11669921875,68945.11083984375,68.00585938,0.0009854048422619616,0.002,1
1455,69013.11669921875,68945.11083984375,68.00585938,0.0009854048422619616,0.002,1
1456,69013.11669921875,68945.11083984375,68.00585938,0.0009854048422619616,0.002,1
1457,69013.11669921875,68945.11083984375,68.00585938,0.0009854048422619616,0.002,1
1458,69013.11669921875,68945.11083984375,68.00585938,0.0009854048422619616,0.002,1
1459,69013.11669921875,68945.11083984375,68.00585938,0.0009854048422619616,0.002,1
1460,69013.11669921875,68945.11083984375,68.00585938,0.0009854048422619616,0.002,1
1461,69013.11669921875,68945.11083984375,68.00585938,0.0009854048422619616,0.002,1
1462,69013.11669921875,68945.11083984375,68.00585938,0.0009854048422619616,0.002,1
1463,69013.11669921875,68945.11083984375,68.00585938,0.0009854048422619616,0.002,1
1464,69013.11669921875,68945.11083984375,68.00585938,0.0009854048422619616,0.002,1
1465,69013.11669921875,68945.11083984375,68.00585938,0.0009854048422619616,0.002,1
1466,69013.11669921875,68945.11083984375,68.00585938,0.0009854048422619616,0.002,1
1467,69013.11669921875,68945.11083984375,68.00585938,0.0009854048422619616,0.002,1
1468,69013.11669921875,68945.11083984375,68.00585938,0.0009854048422619616,0.002,1
1469,69013.11669921875,68945.11083984375,68.00585938,0.0009854048422619616,0.002,1
1470,69013.11669921875,68945.11083984375,68.00585938,0.0009854048422619616,0.002,1
1471,69013.11669921875,68945.11083984375,68.00585938,0.0009854048422619616,0.002,1
1472,69013.11669921875,68945.11083984375,68.00585938,0.0009854048422619616,0.002,1
1473,69013.11669921875,68945.11083984375,68.00585938,0.0009854048422619616,0.002,1
1474,69013.11669921875,68945.11083984375,68.00585938,0.0009854048422619616,0.002,1
1475,69013.11669921875,68945.11083984375,68.00585938,0.0009854048422619616,0.002,1
1476,69013.11669921875,68945.11083984375,68.00585938,0.0009854048422619616,0.002,1
1477,69013.11669921875,68945.11083984375,68.00585938,0.0009854048422619616,0.002,1
1478,69013.11669921875,68945.11083984375,68.00585938,0.0009854048422619616,0.002,1
1479,69013.11669921875,68945.11083984375,68.00585938,0.0009854048422619616,0.002,1
1480,69013.11669921875,68945.11083984375,68.00585938,0.0009854048422619616,0.002,1
1481,69013.11669921875,68945.11083984375,68.00585938,0.0009854048422619616,0.002,1
1482,69013.11669921875,68945.11083984375,68.00585938,0.0009854048422619616,0.002,1
1483,69013.11669921875,68945.11083984375,68.00585938,0.0009854048422619616,0.002,1
1484,69013.11669921875,68945.11083984375,68.00585938,0.0009854048422619616,0.002,1
1485,69013.11669921875,68945.11083984375,68.00585938,0.0009854048422619616,0.002,1
1486,69013.11669921875,68945.11083984375,68.00585938,0.0009854048422619616,0.002,1
1487,69013.11669921875,68945.11083984375,68.00585938,0.0009854048422619616,0.002,1
1488,69013.11669921875,68945.11083984375,68.00585938,0.0009854048422619616,0.002,1
1489,69013.11669921875,68945.11083984375,68.00585938,0.0009854048422619616,0.002,1
1490,69013.11669921875,68945.11083984375,68.00585938,0.0009854048422619616,0.002,1
1491,69013.11669921875,68945.11083984375,68.00585938,0.0009854048422619616,0.002,1
1492,69013.11669921875,68945.11083984375,68.00585938,0.0009854048422619616,0.002,1
1493,69013.11669921875,68945.11083984375,68.00585938,0.0009854048422619616,0.002,1
1494,69013.11669921875,68945.11083984375,68.00585938,0.0009854048422619616,0.002,1
1495,69013.11669921875,68945.11083984375,68.00585938,0.0009854048422619616,0.002,1
1496,69013.11669921875,68945.11083984375,68.00585938,0.0009854048422619616,0.002,1
1497,69013.11669921875,68945.11083984375,68.00585938,0.0009854048422619616,0.002,1
1498,69013.11669921875,68945.11083984375,68.00585938,0.0009854048422619616,0.002,1
1499,69013.11669921875,68945.11083984375,68.00585938,0.0009854048422619616,0.002,1
1500,69013.11669921875,68945.11083984375,68.00585938,0.0009854048422619616,0.002,1
1501,69013.11669921875,68945.11083984375,68.00585938,0.0009854048422619616,0.002,1
1502,69013.11669921875,68945.11083984375,68.00585938,0.0009854048422619616,0.002,1
1503,69013.11669921875,68945.11083984375,68.00585938,0.0009854048422619616,0.002,1
1504,69013.11669921875,68945.11083984375,68.00585938,0.0009854048422619616,0.002,1
1505,69013.11669921875,68945.11083984375,68.00585938,0.0009854048422619616,0.002,1
1506,69013.11669921875,68945.11083984375,68.00585938,0.0009854048422619616,0.002,1
1507,69013.11669921875,68945.11083984375,68.00585938,0.0009854048422619616,0.002,1
1508,69013.11669921875,68945.11083984375,68.00585938,0.0009854048422619616,0.002,1
1509,69013.11669921875,68945.11083984375,68.00585938,0.0009854048422619616,0.002,1
1510,69013.11669921875,68945.11083984375,68.00585938,0.0009854048422619616,0.002,1
1511,69013.11669921875,68945.11083984375,68.00585938,0.0009854048422619616,0.002,1
1512,69013.11669921875,68945.11083984375,68.00585938,0.0009854048422619616,0.002,1
1513,69013.11669921875,68945.11083984375,68.00585938,0.0009854048422619616,0.002,1
1514,69013.11669921875,68945.11083984375,68.00585938,0.0009854048422619616,0.002,1
1515,69013.11669921875,68945.11083984375,68.00585938,0.0009854048422619616,0.002,1
1516,69013.11669921875,68945.11083984375,68.00585938,0.0009854048422619616,0.002,1
1517,69013.11669921875,68945.11083984375,68.00585938,0.0009854048422619616,0.002,1
1518,69013.11669921875,68945.11083984375,68.00585938,0.0009854048422619616,0.002,1
1519,69013.11669921875,68945.11083984375,68.00585938,0.0009854048422619616,0.002,1
1520,69013.11669921875,68945.11083984375,68.00585938,0.0009854048422619616,0.002,1
1521,69013.11669921875,68945.11083984375,68.00585938,0.0009854048422619616,0.002,1
1522,69013.11669921875,68945.11083984375,68.00585938,0.0009854048422619616,0.002,1
1523,69013.11669921875,68945.11083984375,68.00585938,0.0009854048422619616,0.002,1
1524,69013.11669921875,68945.11083984375,68.00585938,0.0009854048422619616,0.002,1
1525,69013.11669921875,68945.11083984375,68.00585938,0.0009854048422619616,0.002,1
1526,69013.11669921875,68945.11083984375,68.00585938,0.0009854048422619616,0.002,1
1527,69013.11669921875,68945.11083984375,68.00585938,0.0009854048422619616,0.002,1
1528,69013.11669921875,68945.11083984375,68.00585938,0.0009854048422619616,0.002,1
1529,69013.11669921875,68945.11083984375,68.00585938,0.0009854048422619616,0.002,1
1530,69013.11669921875,68945.11083984375,68.00585938,0.0009854048422619616,0.002,1
1531,69013.11669921875,68945.11083984375,68.00585938,0.0009854048422619616,0.002,1
1532,69013.11669921875,68945.11083984375,68.00585938,0.0009854048422619616,0.002,1
1533,69013.11669921875,68945.11083984375,68.00585938,0.0009854048422619616,0.002,1
1534,69013.11669921875,68945.11083984375,68.00585938,0.0009854048422619616,0.002,1
1535,69013.11669921875,68945.11083984375,68.00585938,0.0009854048422619616,0.002,1
1536,69013.11669921875,68945.11083984375,68.00585938,0.0009854048422619616,0.002,1
1537,69013.11669921875,68945.11083984375,68.00585938,0.0009854048422619616,0.002,1
1538,69013.11669921875,68945.11083984375,68.00585938,0.0009854048422619616,0.002,1
1539,69013.11669921875,68945.11083984375,68.00585938,0.0009854048422619616,0.002,1
1540,69013.11669921875,68945.11083984375,68.00585938,0.0009854048422619616,0.002,1
1541,69013.11669921875,68945.11083984375,68.00585938,0.0009854048422619616,0.002,1
1542,69013.11669921875,68945.11083984375,68.00585938,0.0009854048422619616,0.002,1
1543,69013.11669921875,68945.11083984375,68.00585938,0.0009854048422619616,0.002,1
1544,69013.11669921875,68945.11083984375,68.00585938,0.0009854048422619616,0.002,1
1545,69013.11669921875,68945.11083984375,68.00585938,0.0009854048422619616,0.002,1
1546,69013.11669921875,68945.11083984375,68.00585938,0.0009854048422619616,0.002,1
1547,69013.11669921875,68945.11083984375,68.00585938,0.0009854048422619616,0.002,1
1548,69013.11669921875,68945.11083984375,68.00585938,0.0009854048422619616,0.002,1
1549,69013.11669921875,68945.11083984375,68.00585938,0.0009854048422619616,0.002,1
1550,69013.11669921875,68945.11083984375,68.00585938,0.0009854048422619616,0.002,1
1551,69013.11669921875,68945.11083984375,68.00585938,0.0009854048422619616,0.002,1
1552,69013.11669921875,68945.11083984375,68.00585938,0.0009854048422619616,0.002,1
1553,69013.11669921875,68945.11083984375,68.00585938,0.0009854048422619616,0.002,1
1554,69013.11669921875,68945.11083984375,68.00585938,0.0009854048422619616,0.002,1
1555,69013.11669921875,68945.11083984375,68.00585938,0.0009854048422619616,0.002,1
1556,69013.11669921875,68945.11083984375,68.00585938,0.0009854048422619616,0.002,1
1557,69013.11669921875,68945.11083984375,68.00585938,0.0009854048422619616,0.002,1
1558,69013.11669921875,68945.11083984375,68.00585938,0.0009854048422619616,0.002,1
1559,69013.11669921875,68945.11083984375,68.00585938,0.0009854048422619616,0.002,1
1560,69013.11669921875,68945.11083984375,68.00585938,0.0009854048422619616,0.002,1
1561,69013.11669921875,68945.11083984375,68.00585938,0.0009854048422619616,0.002,1
1562,69013.11669921875,68945.11083984375,68.00585938,0.0009854048422619616,0.002,1
1563,69013.11669921875,68945.11083984375,68.00585938,0.0009854048422619616,0.002,1
1564,69013.11669921875,68945.11083984375,68.00585938,0.0009854048422619616,0.002,1
1565,69013.11669921875,68945.11083984375,68.00585938,0.0009854048422619616,0.002,1
1566,69013.11669921875,68945.11083984375,68.00585938,0.0009854048422619616,0.002,1
1567,69013.11669921875,68945.11083984375,68.00585938,0.0009854048422619616,0.002,1
1568,69013.11669921875,68945.11083984375,68.00585938,0.0009854048422619616,0.002,1
1569,69013.11669921875,68945.11083984375,68.00585938,0.0009854048422619616,0.002,1
1570,69013.11669921875,68945.11083984375,68.00585938,0.0009854048422619616,0.002,1
1571,69013.11669921875,68945.11083984375,68.00585938,0.0009854048422619616,0.002,1
1572,69013.11669921875,68945.11083984375,68.00585938,0.0009854048422619616,0.002,1
1573,69013.11669921875,68945.11083984375,68.00585938,0.0009854048422619616,0.002,1
1574,69013.11669921875,68945.11083984375,68.00585938,0.0009854048422619616,0.002,1
1575,69013.11669921875,68945.11083984375,68.00585938,0.0009854048422619616,0.002,1
1576,69013.11669921875,68945.11083984375,68.00585938,0.0009854048422619616,0.002,1
1577,69013.11669921875,68945.11083984375,68.00585938,0.0009854048422619616,0.002,1
1578,69013.11669921875,68945.11083984375,68.00585938,0.0009854048422619616,0.002,1
1579,69013.11669921875,68945.11083984375,68.00585938,0.0009854048422619616,0.002,1
1580,69013.11669921875,68945.11083984375,68.00585938,0.0009854048422619616,0.002,1
1581,69013.11669921875,68945.11083984375,68.00585938,0.0009854048422619616,0.002,1
1582,69013.11669921875,68945.11083984375,68.00585938,0.0009854048422619616,0.002,1
1583,69013.11669921875,68945.11083984375,68.00585938,0.0009854048422619616,0.002,1
1584,69013.11669921875,68945.11083984375,68.00585938,0.0009854048422619616,0.002,1
1585,69013.11669921875,68945.11083984375,68.00585938,0.0009854048422619616,0.002,1
1586,69013.11669921875,68945.11083984375,68.00585938,0.0009854048422619616,0.002,1
1587,69013.11669921875,68945.11083984375,68.00585938,0.0009854048422619616,0.002,1
1588,69013.11669921875,68945.11083984375,68.00585938,0.0009854048422619616,0.002,1
1589,69013.11669921875,68945.11083984375,68.00585938,0.0009854048422619616,0.002,1
1590,69013.11669921875,68945.11083984375,68.00585938,0.0009854048422619616,0.002,1
1591,69013.11669921875,68945.11083984375,68.00585938,0.0009854048422619616,0.002,1
1592,69013.11669921875,68945.11083984375,68.00585938,0.0009854048422619616,0.002,1
1593,69013.11669921875,68945.11083984375,68.00585938,0.0009854048422619616,0.002,1
1594,69013.11669921875,68945.11083984375,68.00585938,0.0009854048422619616,0.002,1
1595,69013.11669921875,68945.11083984375,68.00585938,0.0009854048422619616,0.002,1
1596,69013.11669921875,68945.11083984375,68.00585938,0.0009854048422619616,0.002,1
1597,69013.11669921875,68945.11083984375,68.00585938,0.0009854048422619616,0.002,1
1598,69013.11669921875,68945.11083984375,68.00585938,0.0009854048422619616,0.002,1
1599,69013.11669921875,68945.11083984375,68.00585938,0.0009854048422619616,0.002,1
1600,69013.11669921875,68945.11083984375,68.00585938,0.0009854048422619616,0.002,1
1601,69013.11669921875,68945.11083984375,68.00585938,0.0009854048422619616,0.002,1
1602,69013.11669921875,68945.11083984375,68.00585938,0.0009854048422619616,0.002,1
1603,69013.11669921875,68945.11083984375,68.00585938,0.0009854048422619616,0.002,1
1604,69013.11669921875,68945.11083984375,68.00585938,0.0009854048422619616,0.002,1
1605,69013.11669921875,68945.11083984375,68.00585938,0.0009854048422619616,0.002,1
1606,69013.11669921875,68945.11083984375,68.00585938,0.0009854048422619616,0.002,1
1607,69013.11669921875,68945.11083984375,68.00585938,0.0009854048422619616,0.002,1
1608,69013.11669921875,68945.11083984375,68.00585938,0.0009854048422619616,0.002,1
1609,69013.11669921875,68945.11083984375,68.00585938,0.0009854048422619616,0.002,1
1610,69013.11669921875,68945.11083984375,68.00585938,0.0009854048422619616,0.002,1
1611,69013.11669921875,68945.11083984375,68.00585938,0.0009854048422619616,0.002,1
1612,69013.11669921875,68945.11083984375,68.00585938,0.0009854048422619616,0.002,1
1613,69013.11669921875,68945.11083984375,68.00585938,0.0009854048422619616,0.002,1
1614,69013.11669921875,68945.11083984375,68.00585938,0.0009854048422619616,0.002,1
1615,69013.11669921875,68945.11083984375,68.00585938,0.0009854048422619616,0.002,1
1616,69013.11669921875,68945.11083984375,68.00585938,0.0009854048422619616,0.002,1
1617,69013.11669921875,68945.11083984375,68.00585938,0.0009854048422619616,0.002,1
1618,69013.11669921875,68945.11083984375,68.00585938,0.0009854048422619616,0.002,1
1619,69013.11669921875,68945.11083984375,68.00585938,0.0009854048422619616,0.002,1
1620,69013.11669921875,68945.11083984375,68.00585938,0.0009854048422619616,0.002,1
1621,69013.11669921875,68945.11083984375,68.00585938,0.0009854048422619616,0.002,1
1622,69013.11669921875,68945.11083984375,68.00585938,0.0009854048422619616,0.002,1
1623,69013.11669921875,68945.11083984375,68.00585938,0.0009854048422619616,0.002,1
1624,69013.11669921875,68945.11083984375,68.00585938,0.0009854048422619616,0.002,1
1625,69013.11669921875,68945.11083984375,68.00585938,0.0009854048422619616,0.002,1
1626,69013.11669921875,68945.11083984375,68.00585938,0.0009854048422619616,0.002,1
1627,69013.11669921875,68945.11083984375,68.00585938,0.0009854048422619616,0.002,1
1628,69013.11669921875,68945.11083984375,68.00585938,0.0009854048422619616,0.002,1
1629,69013.11669921875,68945.11083984375,68.00585938,0.0009854048422619616,0.002,1
1630,69013.11669921875,68945.11083984375,68.00585938,0.0009854048422619616,0.002,1
1631,69013.11669921875,68945.11083984375,68.00585938,0.0009854048422619616,0.002,1
1632,69013.11669921875,68945.11083984375,68.00585938,0.0009854048422619616,0.002,1
1633,69013.11669921875,68945.11083984375,68.00585938,0.0009854048422619616,0.002,1
1634,69013.11669921875,68945.11083984375,68.00585938,0.0009854048422619616,0.002,1
1635,69013.11669921875,68945.11083984375,68.00585938,0.0009854048422619616,0.002,1
1636,69013.11669921875,68945.11083984375,68.00585938,0.0009854048422619616,0.002,1
1637,69013.11669921875,68945.11083984375,68.00585938,0.0009854048422619616,0.002,1
1638,69013.11669921875,68945.11083984375,68.00585938,0.0009854048422619616,0.002,1
1639,69013.11669921875,68945.11083984375,68.00585938,0.0009854048422619616,0.002,1
1640,69013.11669921875,68945.11083984375,68.00585938,0.0009854048422619616,0.002,1
1641,69013.11669921875,68945.11083984375,68.00585938,0.0009854048422619616,0.002,1
1642,69013.11669921875,68945.11083984375,68.00585938,0.0009854048422619616,0.002,1
1643,69013.11669921875,68945.11083984375,68.00585938,0.0009854048422619616,0.002,1
1644,69013.11669921875,68945.11083984375,68.00585938,0.0009854048422619616,0.002,1
1645,69013.11669921875,68945.11083984375,68.00585938,0.0009854048422619616,0.002,1
1646,69013.11669921875,68945.11083984375,68.00585938,0.0009854048422619616,0.002,1
1647,69013.11669921875,68945.11083984375,68.00585938,0.0009854048422619616,0.002,1
1648,69013.11669921875,68945.11083984375,68.00585938,0.0009854048422619616,0.002,1
1649,69013.11669921875,68945.11083984375,68.00585938,0.0009854048422619616,0.002,1
1650,69013.11669921875,68945.11083984375,68.00585938,0.0009854048422619616,0.002,1
1651,69013.11669921875,68945.11083984375,68.00585938,0.0009854048422619616,0.002,1
1652,69013.11669921875,68945.11083984375,68.00585938,0.0009854048422619616,0.002,1
1653,69013.11669921875,68945.11083984375,68.00585938,0.0009854048422619616,0.002,1
1654,69013.11669921875,68945.11083984375,68.00585938,0.0009854048422619616,0.002,1
1655,69013.11669921875,68945.11083984375,68.00585938,0.0009854048422619616,0.002,1
1656,69013.11669921875,68945.11083984375,68.00585938,0.0009854048422619616,0.002,1
1657,69013.11669921875,68945.11083984375,68.00585938,0.0009854048422619616,0.002,1
1658,69013.11669921875,68945.11083984375,68.00585938,0.0009854048422619616,0.002,1
1659,69013.11669921875,68945.11083984375,68.00585938,0.0009854048422619616,0.002,1
1660,69013.11669921875,68945.11083984375,68.00585938,0.0009854048422619616,0.002,1
1661,69013.11669921875,68945.11083984375,68.00585938,0.0009854048422619616,0.002,1
1662,69013.11669921875,68945.11083984375,68.00585938,0.0009854048422619616,0.002,1
1663,69013.11669921875,68945.11083984375,68.00585938,0.0009854048422619616,0.002,1
1664,69013.11669921875,68945.11083984375,68.00585938,0.0009854048422619616,0.002,1
1665,69013.11669921875,68945.11083984375,68.00585938,0.0009854048422619616,0.002,1
1666,69013.11669921875,68945.11083984375,68.00585938,0.0009854048422619616,0.002,1
1667,69013.11669921875,68945.11083984375,68.00585938,0.0009854048422619616,0.002,1
1668,69013.11669921875,68945.11083984375,68.00585938,0.0009854048422619616,0.002,1
1669,69013.11669921875,68945.11083984375,68.00585938,0.0009854048422619616,0.002,1
1670,69013.11669921875,68945.11083984375,68.00585938,0.0009854048422619616,0.002,1
1671,69013.11669921875,68945.11083984375,68.00585938,0.0009854048422619616,0.002,1
1672,69013.11669921875,68945.11083984375,68.00585938,0.0009854048422619616,0.002,1
1673,69013.11669921875,68945.11083984375,68.00585938,0.0009854048422619616,0.002,1
1674,69013.11669921875,68945.11083984375,68.00585938,0.0009854048422619616,0.002,1
1675,69013.11669921875,68945.11083984375,68.00585938,0.0009854048422619616,0.002,1
1676,69013.11669921875,68945.11083984375,68.00585938,0.0009854048422619616,0.002,1
1677,69013.11669921875,68945.11083984375,68.00585938,0.0009854048422619616,0.002,1
1678,69013.11669921875,68945.11083984375,68.00585938,0.0009854048422619616,0.002,1
1679,69013.11669921875,68945.11083984375,68.00585938,0.0009854048422619616,0.002,1
1680,69013.11669921875,68945.11083984375,68.00585938,0.0009854048422619616,0.002,1
1681,69013.11669921875,68945.11083984375,68.00585938,0.0009854048422619616,0.002,1
1682,69013.11669921875,68945.11083984375,68.00585938,0.0009854048422619616,0.002,1
1683,69013.11669921875,68945.11083984375,68.00585938,0.0009854048422619616,0.002,1
1684,69013.11669921875,68945.11083984375,68.00585938,0.0009854048422619616,0.002,1
1685,69013.11669921875,68945.11083984375,68.00585938,0.0009854048422619616,0.002,1
1686,69013.11669921875,68945.11083984375,68.00585938,0.0009854048422619616,0.002,1
1687,69013.11669921875,68945.11083984375,68.00585938,0.0009854048422619616,0.002,1
1688,69013.11669921875,68945.11083984375,68.00585938,0.0009854048422619616,0.002,1
1689,69013.11669921875,68945.11083984375,68.00585938,0.0009854048422619616,0.002,1
1690,69013.11669921875,68945.11083984375,68.00585938,0.0009854048422619616,0.002,1
1691,69013.11669921875,68945.11083984375,68.00585938,0.0009854048422619616,0.002,1
1692,69013.11669921875,68945.11083984375,68.00585938,0.0009854048422619616,0.002,1
1693,69013.11669921875,68945.11083984375,68.00585938,0.0009854048422619616,0.002,1
1694,69013.11669921875,68945.11083984375,68.00585938,0.0009854048422619616,0.002,1
1695,69013.11669921875,68945.11083984375,68.00585938,0.0009854048422619616,0.002,1
1696,69013.11669921875,68945.11083984375,68.00585938,0.0009854048422619616,0.002,1
1697,69013.11669921875,68945.11083984375,68.00585938,0.0009854048422619616,0.002,1
1698,69013.11669921875,68945.11083984375,68.00585938,0.0009854048422619616,0.002,1
1699,69013.11669921875,68945.11083984375,68.00585938,0.0009854048422619616,0.002,1
1700,69013.11669921875,68945.11083984375,68.00585938,0.0009854048422619616,0.002,1
1701,69013.11669921875,68945.11083984375,68.00585938,0.0009854048422619616,0.002,1
1702,69013.11669921875,68945.11083984375,68.00585938,0.0009854048422619616,0.002,1
1703,69013.11669921875,68945.11083984375,68.00585938,0.0009854048422619616,0.002,1
1704,69013.11669921875,68945.11083984375,68.00585938,0.0009854048422619616,0.002,1
1705,69013.11669921875,68945.11083984375,68.00585938,0.0009854048422619616,0.002,1
1706,69013.11669921875,68945.11083984375,68.00585938,0.0009854048422619616,0.002,1
1707,69013.11669921875,68945.11083984375,68.00585938,0.0009854048422619616,0.002,1
1708,69013.11669921875,68945.11083984375,68.00585938,0.0009854048422619616,0.002,1
1709,69013.11669921875,68945.11083984375,68.00585938,0.0009854048422619616,0.002,1
1710,69013.11669921875,68945.11083984375,68.00585938,0.0009854048422619616,0.002,1
1711,69013.11669921875,68945.11083984375,68.00585938,0.0009854048422619616,0.002,1
1712,69013.11669921875,68945.11083984375,68.00585938,0.0009854048422619616,0.002,1
1713,69013.11669921875,68945.11083984375,68.00585938,0.0009854048422619616,0.002,1
1714,69013.11669921875,68945.11083984375,68.00585938,0.0009854048422619616,0.002,1
1715,69013.11669921875,68945.11083984375,68.00585938,0.0009854048422619616,0.002,1
1716,69013.11669921875,68945.11083984375,68.00585938,0.0009854048422619616,0.002,1
1717,69013.11669921875,68945.11083984375,68.00585938,0.0009854048422619616,0.002,1
1718,69013.11669921875,68945.11083984375,68.00585938,0.0009854048422619616,0.002,1
1719,69013.11669921875,68945.11083984375,68.00585938,0.0009854048422619616,0.002,1
1720,69013.11669921875,68945.11083984375,68.00585938,0.0009854048422619616,0.002,1
1721,69013.11669921875,68945.11083984375,68.00585938,0.0009854048422619616,0.002,1
1722,69013.11669921875,68945.11083984375,68.00585938,0.0009854048422619616,0.002,1
1723,69013.11669921875,68945.11083984375,68.00585938,0.0009854048422619616,0.002,1
1724,69013.11669921875,68945.11083984375,68.00585938,0.0009854048422619616,0.002,1
1725,69013.11669921875,68945.11083984375,68.00585938,0.0009854048422619616,0.002,1
1726,69013.11669921875,68945.11083984375,68.00585938,0.0009854048422619616,0.002,1
1727,69013.11669921875,68945.11083984375,68.00585938,0.0009854048422619616,0.002,1
1728,69013.11669921875,68945.11083984375,68.00585938,0.0009854048422619616,0.002,1
1729,69013.11669921875,68945.11083984375,68.00585938,0.0009854048422619616,0.002,1
1730,69013.11669921875,68945.11083984375,68.00585938,0.0009854048422619616,0.002,1
1731,69013.11669921875,68945.11083984375,68.00585938,0.0009854048422619616,0.002,1
1732,69013.11669921875,68945.11083984375,68.00585938,0.0009854048422619616,0.002,1
1733,69013.11669921875,68945.11083984375,68.00585938,0.0009854048422619616,0.002,1
1734,69013.11669921875,68945.11083984375,68.00585938,0.0009854048422619616,0.002,1
1735,69013.11669921875,68945.11083984375,68.00585938,0.0009854048422619616,0.002,1
1736,69013.11669921875,68945.11083984375,68.00585938,0.0009854048422619616,0.002,1
1737,69013.11669921875,68945.11083984375,68.00585938,0.0009854048422619616,0.002,1
1738,69013.11669921875,68945.11083984375,68.00585938,0.0009854048422619616,0.002,1
1739,69013.11669921875,68945.11083984375,68.00585938,0.0009854048422619616,0.002,1
1740,69013.11669921875,68945.11083984375,68.00585938,0.0009854048422619616,0.002,1
1741,69013.11669921875,68945.11083984375,68.00585938,0.0009854048422619616,0.002,1
1742,69013.11669921875,68945.11083984375,68.00585938,0.0009854048422619616,0.002,1
1743,69013.11669921875,68945.11083984375,68.00585938,0.0009854048422619616,0.002,1
1744,69013.11669921875,68945.11083984375,68.00585938,0.0009854048422619616,0.002,1
1745,69013.11669921875,68945.11083984375,68.00585938,0.0009854048422619616,0.002,1
1746,69013.11669921875,68945.11083984375,68.00585938,0.0009854048422619616,0.002,1
1747,69013.11669921875,68945.11083984375,68.00585938,0.0009854048422619616,0.002,1
1748,69013.11669921875,68945.11083984375,68.00585938,0.0009854048422619616,0.002,1
1749,69013.11669921875,68945.11083984375,68.00585938,0.0009854048422619616,0.002,1
1750,69013.11669921875,68945.11083984375,68.00585938,0.0009854048422619616,0.002,1
1751,69013.11669921875,68945.11083984375,68.00585938,0.0009854048422619616,0.002,1
1752,69013.11669921875,68945.11083984375,68.00585938,0.0009854048422619616,0.002,1
1753,69013.11669921875,68945.11083984375,68.00585938,0.0009854048422619616,0.002,1
1754,69013.11669921875,68945.11083984375,68.00585938,0.0009854048422619616,0.002,1
1755,69013.11669921875,68945.11083984375,68.00585938,0.0009854048422619616,0.002,1
1756,69013.11669921875,68945.11083984375,68.00585938,0.0009854048422619616,0.002,1
1757,69013.11669921875,68945.11083984375,68.00585938,0.0009854048422619616,0.002,1
1758,69013.11669921875,68945.11083984375,68.00585938,0.0009854048422619616,0.002,1
1759,69013.11669921875,68945.11083984375,68.00585938,0.0009854048422619616,0.002,1
1760,69013.11669921875,68945.11083984375,68.00585938,0.0009854048422619616,0.002,1
1761,69013.11669921875,68945.11083984375,68.00585938,0.0009854048422619616,0.002,1
1762,69013.11669921875,68945.11083984375,68.00585938,0.0009854048422619616,0.002,1
1763,69013.11669921875,68945.11083984375,68.00585938,0.0009854048422619616,0.002,1
1764,69013.11669921875,68945.11083984375,68.00585938,0.0009854048422619616,0.002,1
1765,69013.11669921875,68945.11083984375,68.00585938,0.0009854048422619616,0.002,1
1766,69013.11669921875,68945.11083984375,68.00585938,0.0009854048422619616,0.002,1
1767,69013.11669921875,68945.11083984375,68.00585938,0.0009854048422619616,0.002,1
1768,69013.11669921875,68945.11083984375,68.00585938,0.0009854048422619616,0.002,1
1769,69013.11669921875,68945.11083984375,68.00585938,0.0009854048422619616,0.002,1
1770,69013.11669921875,68945.11083984375,68.00585938,0.0009854048422619616,0.002,1
1771,69013.11669921875,68945.11083984375,68.00585938,0.0009854048422619616,0.002,1
1772,69013.11669921875,68945.11083984375,68.00585938,0.0009854048422619616,0.002,1
1773,69013.11669921875,68945.11083984375,68.00585938,0.0009854048422619616,0.002,1
1774,69013.11669921875,68945.11083984375,68.00585938,0.0009854048422619616,0.002,1
1775,69013.11669921875,68945.11083984375,68.00585938,0.0009854048422619616,0.002,1
1776,69013.11669921875,68945.11083984375,68.00585938,0.0009854048422619616,0.002,1
1777,69013.11669921875,68945.11083984375,68.00585938,0.0009854048422619616,0.002,1
1778,69013.11669921875,68945.11083984375,68.00585938,0.0009854048422619616,0.002,1
1779,69013.11669921875,68945.11083984375,68.00585938,0.0009854048422619616,0.002,1
1780,69013.11669921875,68945.11083984375,68.00585938,0.0009854048422619616,0.002,1
1781,69013.11669921875,68945.11083984375,68.00585938,0.0009854048422619616,0.002,1
1782,69013.11669921875,68945.11083984375,68.00585938,0.0009854048422619616,0.002,1
1783,69013.11669921875,68945.11083984375,68.00585938,0.0009854048422619616,0.002,1
1784,69013.11669921875,68945.11083984375,68.00585938,0.0009854048422619616,0.002,1
1785,69013.11669921875,68945.11083984375,68.00585938,0.0009854048422619616,0.002,1
1786,69013.11669921875,68945.11083984375,68.00585938,0.0009854048422619616,0.002,1
1787,69013.11669921875,68945.11083984375,68.00585938,0.0009854048422619616,0.002,1
1788,69013.11669921875,68945.11083984375,68.00585938,0.0009854048422619616,0.002,1
1789,69013.11669921875,68945.11083984375,68.00585938,0.0009854048422619616,0.002,1
1790,69013.11669921875,68945.11083984375,68.00585938,0.0009854048422619616,0.002,1
1791,69013.11669921875,68945.11083984375,68.00585938,0.0009854048422619616,0.002,1
1792,69013.11669921875,68945.11083984375,68.00585938,0.0009854048422619616,0.002,1
1793,69013.11669921875,68945.11083984375,68.00585938,0.0009854048422619616,0.002,1
1794,69013.11669921875,68945.11083984375,68.00585938,0.0009854048422619616,0.002,1
1795,69013.11669921875,68945.11083984375,68.00585938,0.0009854048422619616,0.002,1
1796,69013.11669921875,68945.11083984375,68.00585938,0.0009854048422619616,0.002,1
1797,69013.11669921875,68945.11083984375,68.00585938,0.0009854048422619616,0.002,1
1798,69013.11669921875,68945.11083984375,68.00585938,0.0009854048422619616,0.002,1
1799,69013.11669921875,68945.11083984375,68.00585938,0.0009854048422619616,0.002,1
1800,69013.11669921875,68945.11083984375,68.00585938,0.0009854048422619616,0.002,1
1801,69013.11669921875,68945.11083984375,68.00585938,0.0009854048422619616,0.002,1
1802,69013.11669921875,68945.11083984375,68.00585938,0.0009854048422619616,0.002,1
1803,69013.11669921875,68945.11083984375,68.00585938,0.0009854048422619616,0.002,1
1804,69013.11669921875,68945.11083984375,68.00585938,0.0009854048422619616,0.002,1
1805,69013.11669921875,68945.11083984375,68.00585938,0.0009854048422619616,0.002,1
1806,69013.11669921875,68945.11083984375,68.00585938,0.0009854048422619616,0.002,1
1807,69013.11669921875,68945.11083984375,68.00585938,0.0009854048422619616,0.002,1
1808,69013.11669921875,68945.11083984375,68.00585938,0.0009854048422619616,0.002,1
1809,69013.11669921875,68945.11083984375,68.00585938,0.0009854048422619616,0.002,1
1810,69013.11669921875,68945.11083984375,68.00585938,0.0009854048422619616,0.002,1
1811,69013.11669921875,68945.11083984375,68.00585938,0.0009854048422619616,0.002,1
1812,69013.11669921875,68945.11083984375,68.00585938,0.0009854048422619616,0.002,1
1813,69013.11669921875,68945.11083984375,68.00585938,0.0009854048422619616,0.002,1
1814,69013.11669921875,68945.11083984375,68.00585938,0.0009854048422619616,0.002,1
1815,69013.11669921875,68945.11083984375,68.00585938,0.0009854048422619616,0.002,1
1816,69013.11669921875,68945.11083984375,68.00585938,0.0009854048422619616,0.002,1
1817,69013.11669921875,68945.11083984375,68.00585938,0.0009854048422619616,0.002,1
1818,69013.11669921875,68945.11083984375,68.00585938,0.0009854048422619616,0.002,1
1819,69013.11669921875,68945.11083984375,68.00585938,0.0009854048422619616,0.002,1
1820,69013.11669921875,68945.11083984375,68.00585938,0.0009854048422619616,0.002,1
1821,69013.11669921875,68945.11083984375,68.00585938,0.0009854048422619616,0.002,1
1822,69013.11669921875,68945.11083984375,68.00585938,0.0009854048422619616,0.002,1
1823,69013.11669921875,68945.11083984375,68.00585938,0.0009854048422619616,0.002,1
1824,69013.11669921875,68945.11083984375,68.00585938,0.0009854048422619616,0.002,1
1825,69013.11669921875,68945.11083984375,68.00585938,0.0009854048422619616,0.002,1
1826,69013.11669921875,68945.11083984375,68.00585938,0.0009854048422619616,0.002,1
1827,69013.11669921875,68945.11083984375,68.00585938,0.0009854048422619616,0.002,1
1828,69013.11669921875,68945.11083984375,68.00585938,0.0009854048422619616,0.002,1
1829,69013.11669921875,68945.11083984375,68.00585938,0.0009854048422619616,0.002,1
1830,69013.11669921875,68945.11083984375,68.00585938,0.0009854048422619616,0.002,1
1831,69013.11669921875,68945.11083984375,68.00585938,0.0009854048422619616,0.002,1
1832,69013.11669921875,68945.11083984375,68.00585938,0.0009854048422619616,0.002,1
1833,69013.11669921875,68945.11083984375,68.00585938,0.0009854048422619616,0.002,1
1834,69013.11669921875,68945.11083984375,68.00585938,0.0009854048422619616,0.002,1
1835,69013.11669921875,68945.11083984375,68.00585938,0.0009854048422619616,0.002,1
1836,69013.11669921875,68945.11083984375,68.00585938,0.0009854048422619616,0.002,1
1837,69013.11669921875,68945.11083984375,68.00585938,0.0009854048422619616,0.002,1
1838,69013.11669921875,68945.11083984375,68.00585938,0.0009854048422619616,0.002,1
1839,69013.11669921875,68945.11083984375,68.00585938,0.0009854048422619616,0.002,1
1840,69013.11669921875,68945.11083984375,68.00585938,0.0009854048422619616,0.002,1
1841,69013.11669921875,68945.11083984375,68.00585938,0.0009854048422619616,0.002,1
1842,69013.11669921875,68945.11083984375,68.00585938,0.0009854048422619616,0.002,1
1843,69013.11669921875,68945.11083984375,68.00585938,0.0009854048422619616,0.002,1
1844,69013.11669921875,68945.11083984375,68.00585938,0.0009854048422619616,0.002,1
1845,69013.11669921875,68945.11083984375,68.00585938,0.0009854048422619616,0.002,1
1846,69013.11669921875,68945.11083984375,68.00585938,0.0009854048422619616,0.002,1
1847,69013.11669921875,68945.11083984375,68.00585938,0.0009854048422619616,0.002,1
1848,69013.11669921875,68945.11083984375,68.00585938,0.0009854048422619616,0.002,1
1849,69013.11669921875,68945.11083984375,68.00585938,0.0009854048422619616,0.002,1
1850,69013.11669921875,68945.11083984375,68.00585938,0.0009854048422619616,0.002,1
1851,69013.11669921875,68945.11083984375,68.00585938,0.0009854048422619616,0.002,1
1852,69013.11669921875,68945.11083984375,68.00585938,0.0009854048422619616,0.002,1
1853,69013.11669921875,68945.11083984375,68.00585938,0.0009854048422619616,0.002,1
1854,69013.11669921875,68945.11083984375,68.00585938,0.0009854048422619616,0.002,1
1855,69013.11669921875,68945.11083984375,68.00585938,0.0009854048422619616,0.002,1
1856,69013.11669921875,68945.11083984375,68.00585938,0.0009854048422619616,0.002,1
1857,69013.11669921875,68945.11083984375,68.00585938,0.0009854048422619616,0.002,1
1858,69013.11669921875,68945.11083984375,68.00585938,0.0009854048422619616,0.002,1
1859,69013.11669921875,68945.11083984375,68.00585938,0.0009854048422619616,0.002,1
1860,69013.11669921875,68945.11083984375,68.00585938,0.0009854048422619616,0.002,1
1861,69013.11669921875,68945.11083984375,68.00585938,0.0009854048422619616,0.002,1
1862,69013.11669921875,68945.11083984375,68.00585938,0.0009854048422619616,0.002,1
1863,69013.11669921875,68945.11083984375,68.00585938,0.0009854048422619616,0.002,1
1864,69013.11669921875,68945.11083984375,68.00585938,0.0009854048422619616,0.002,1
1865,69013.11669921875,68945.11083984375,68.00585938,0.0009854048422619616,0.002,1
1866,69013.11669921875,68945.11083984375,68.00585938,0.0009854048422619616,0.002,1
1867,69013.11669921875,68945.11083984375,68.00585938,0.0009854048422619616,0.002,1
1868,69013.11669921875,68945.11083984375,68.00585938,0.0009854048422619616,0.002,1
1869,69013.11669921875,68945.11083984375,68.00585938,0.0009854048422619616,0.002,1
1870,69013.11669921875,68945.11083984375,68.00585938,0.0009854048422619616,0.002,1
1871,69013.11669921875,68945.11083984375,68.00585938,0.0009854048422619616,0.002,1
1872,69013.11669921875,68945.11083984375,68.00585938,0.0009854048422619616,0.002,1
1873,69013.11669921875,68945.11083984375,68.00585938,0.0009854048422619616,0.002,1
1874,69013.11669921875,68945.11083984375,68.00585938,0.0009854048422619616,0.002,1
1875,69013.11669921875,68945.11083984375,68.00585938,0.0009854048422619616,0.002,1
1876,69013.11669921875,68945.11083984375,68.00585938,0.0009854048422619616,0.002,1
1877,69013.11669921875,68945.11083984375,68.00585938,0.0009854048422619616,0.002,1
1878,69013.11669921875,68945.11083984375,68.00585938,0.0009854048422619616,0.002,1
1879,69013.11669921875,68945.11083984375,68.00585938,0.0009854048422619616,0.002,1
1880,69013.11669921875,68945.11083984375,68.00585938,0.0009854048422619616,0.002,1
1881,69013.11669921875,68945.11083984375,68.00585938,0.0009854048422619616,0.002,1
1882,69013.11669921875,68945.11083984375,68.00585938,0.0009854048422619616,0.002,1
1883,69013.11669921875,68945.11083984375,68.00585938,0.0009854048422619616,0.002,1
1884,69013.11669921875,68945.11083984375,68.00585938,0.0009854048422619616,0.002,1
1885,69013.11669921875,68945.11083984375,68.00585938,0.0009854048422619616,0.002,1
1886,69013.11669921875,68945.11083984375,68.00585938,0.0009854048422619616,0.002,1
1887,69013.11669921875,68945.11083984375,68.00585938,0.0009854048422619616,0.002,1
1888,69013.11669921875,68945.11083984375,68.00585938,0.0009854048422619616,0.002,1
1889,69013.11669921875,68945.11083984375,68.00585938,0.0009854048422619616,0.002,1
1890,69013.11669921875,68945.11083984375,68.00585938,0.0009854048422619616,0.002,1
1891,69013.11669921875,68945.11083984375,68.00585938,0.0009854048422619616,0.002,1
1892,69013.11669921875,68945.11083984375,68.00585938,0.0009854048422619616,0.002,1
1893,69013.11669921875,68945.11083984375,68.00585938,0.0009854048422619616,0.002,1
1894,69013.11669921875,68945.11083984375,68.00585938,0.0009854048422619616,0.002,1
1895,69013.11669921875,68945.11083984375,68.00585938,0.0009854048422619616,0.002,1
1896,69013.11669921875,68945.11083984375,68.00585938,0.0009854048422619616,0.002,1
1897,69013.11669921875,68945.11083984375,68.00585938,0.0009854048422619616,0.002,1
1898,69013.11669921875,68945.11083984375,68.00585938,0.0009854048422619616,0.002,1
1899,69013.11669921875,68945.11083984375,68.00585938,0.0009854048422619616,0.002,1
1900,69013.11669921875,68945.11083984375,68.00585938,0.0009854048422619616,0.002,1
1901,69013.11669921875,68945.11083984375,68.00585938,0.0009854048422619616,0.002,1
1902,69013.11669921875,68945.11083984375,68.00585938,0.0009854048422619616,0.002,1
1903,69013.11669921875,68945.11083984375,68.00585938,0.0009854048422619616,0.002,1
1904,69013.11669921875,68945.11083984375,68.00585938,0.0009854048422619616,0.002,1
1905,69013.11669921875,68945.11083984375,68.00585938,0.0009854048422619616,0.002,1
1906,69013.11669921875,68945.11083984375,68.00585938,0.0009854048422619616,0.002,1
1907,69013.11669921875,68945.11083984375,68.00585938,0.0009854048422619616,0.002,1
1908,69013.11669921875,68945.11083984375,68.00585938,0.0009854048422619616,0.002,1
1909,69013.11669921875,68945.11083984375,68.00585938,0.0009854048422619616,0.002,1
1910,69013.11669921875,68945.11083984375,68.00585938,0.0009854048422619616,0.002,1
1911,69013.11669921875,68945.11083984375,68.00585938,0.0009854048422619616,0.002,1
1912,69013.11669921875,68945.11083984375,68.00585938,0.0009854048422619616,0.002,1
1913,69013.11669921875,68945.11083984375,68.00585938,0.0009854048422619616,0.002,1
1914,69013.11669921875,68945.11083984375,68.00585938,0.0009854048422619616,0.002,1
1915,69013.11669921875,68945.11083984375,68.00585938,0.0009854048422619616,0.002,1
1916,69013.11669921875,68945.11083984375,68.00585938,0.0009854048422619616,0.002,1
1917,69013.11669921875,68945.11083984375,68.00585938,0.0009854048422619616,0.002,1
1918,69013.11669921875,68945.11083984375,68.00585938,0.0009854048422619616,0.002,1
1919,69013.11669921875,68945.11083984375,68.00585938,0.0009854048422619616,0.002,1
1920,69013.11669921875,68945.11083984375,68.00585938,0.0009854048422619616,0.002,1
1921,69013.11669921875,68945.11083984375,68.00585938,0.0009854048422619616,0.002,1
1922,69013.11669921875,68945.11083984375,68.00585938,0.0009854048422619616,0.002,1
1923,69013.11669921875,68945.11083984375,68.00585938,0.0009854048422619616,0.002,1
1924,69013.11669921875,68945.11083984375,68.00585938,0.0009854048422619616,0.002,1
1925,69013.11669921875,68945.11083984375,68.00585938,0.0009854048422619616,0.002,1
1926,69013.11669921875,68945.11083984375,68.00585938,0.0009854048422619616,0.002,1
1927,69013.11669921875,68945.11083984375,68.00585938,0.0009854048422619616,0.002,1
1928,69013.11669921875,68945.11083984375,68.00585938,0.0009854048422619616,0.002,1
1929,69013.11669921875,68945.11083984375,68.00585938,0.0009854048422619616,0.002,1
1930,69013.11669921875,68945.11083984375,68.00585938,0.0009854048422619616,0.002,1
1931,69013.11669921875,68945.11083984375,68.00585938,0.0009854048422619616,0.002,1
1932,69013.11669921875,68945.11083984375,68.00585938,0.0009854048422619616,0.002,1
1933,69013.11669921875,68945.11083984375,68.00585938,0.0009854048422619616,0.002,1
1934,69013.11669921875,68945.11083984375,68.00585938,0.0009854048422619616,0.002,1
1935,69013.11669921875,68945.11083984375,68.00585938,0.0009854048422619616,0.002,1
1936,69013.11669921875,68945.11083984375,68.00585938,0.0009854048422619616,0.002,1
1937,69013.11669921875,68945.11083984375,68.00585938,0.0009854048422619616,0.002,1
1938,69013.11669921875,68945.11083984375,68.00585938,0.0009854048422619616,0.002,1
1939,69013.11669921875,68945.11083984375,68.00585938,0.0009854048422619616,0.002,1
1940,69013.11669921875,68945.11083984375,68.00585938,0.0009854048422619616,0.002,1
1941,69013.11669921875,68945.11083984375,68.00585938,0.0009854048422619616,0.002,1
1942,69013.11669921875,68945.11083984375,68.00585938,0.0009854048422619616,0.002,1
1943,69013.11669921875,68945.11083984375,68.00585938,0.0009854048422619616,0.002,1
1944,69013.11669921875,68945.11083984375,68.00585938,0.0009854048422619616,0.002,1
1945,69013.11669921875,68945.11083984375,68.00585938,0.0009854048422619616,0.002,1
1946,69013.11669921875,68945.11083984375,68.00585938,0.0009854048422619616,0.002,1
1947,69013.11669921875,68945.11083984375,68.00585938,0.0009854048422619616,0.002,1
1948,69013.11669921875,68945.11083984375,68.00585938,0.0009854048422619616,0.002,1
1949,69013.11669921875,68945.11083984375,68.00585938,0.0009854048422619616,0.002,1
1950,69013.11669921875,68945.11083984375,68.00585938,0.0009854048422619616,0.002,1
1951,69013.11669921875,68945.11083984375,68.00585938,0.0009854048422619616,0.002,1
1952,69013.11669921875,68945.11083984375,68.00585938,0.0009854048422619616,0.002,1
1953,69013.11669921875,68945.11083984375,68.00585938,0.0009854048422619616,0.002,1
1954,69013.11669921875,68945.11083984375,68.00585938,0.0009854048422619616,0.002,1
1955,69013.11669921875,68945.11083984375,68.00585938,0.0009854048422619616,0.002,1
1956,69013.11669921875,68945.11083984375,68.00585938,0.0009854048422619616,0.002,1
1957,69013.11669921875,68945.11083984375,68.00585938,0.0009854048422619616,0.002,1
1958,69013.11669921875,68945.11083984375,68.00585938,0.0009854048422619616,0.002,1
1959,69013.11669921875,68945.11083984375,68.00585938,0.0009854048422619616,0.002,1
1960,69013.11669921875,68945.11083984375,68.00585938,0.0009854048422619616,0.002,1
1961,69013.11669921875,68945.11083984375,68.00585938,0.0009854048422619616,0.002,1
1962,69013.11669921875,68945.11083984375,68.00585938,0.0009854048422619616,0.002,1
1963,69013.11669921875,68945.11083984375,68.00585938,0.0009854048422619616,0.002,1
1964,69013.11669921875,68945.11083984375,68.00585938,0.0009854048422619616,0.002,1
1965,69013.11669921875,68945.11083984375,68.00585938,0.0009854048422619616,0.002,1
1966,69013.11669921875,68945.11083984375,68.00585938,0.0009854048422619616,0.002,1
1967,69013.11669921875,68945.11083984375,68.00585938,0.0009854048422619616,0.002,1
1968,69013.11669921875,68945.11083984375,68.00585938,0.0009854048422619616,0.002,1
1969,69013.11669921875,68945.11083984375,68.00585938,0.0009854048422619616,0.002,1
1970,69013.11669921875,68945.11083984375,68.00585938,0.0009854048422619616,0.002,1
1971,69013.11669921875,68945.11083984375,68.00585938,0.0009854048422619616,0.002,1
1972,69013.11669921875,68945.11083984375,68.00585938,0.0009854048422619616,0.002,1
1973,69013.11669921875,68945.11083984375,68.00585938,0.0009854048422619616,0.002,1
1974,69013.11669921875,68945.11083984375,68.00585938,0.0009854048422619616,0.002,1
1975,69013.11669921875,68945.11083984375,68.00585938,0.0009854048422619616,0.002,1
1976,69013.11669921875,68945.11083984375,68.00585938,0.0009854048422619616,0.002,1
1977,69013.11669921875,68945.11083984375,68.00585938,0.0009854048422619616,0.002,1
1978,69013.11669921875,68945.11083984375,68.00585938,0.0009854048422619616,0.002,1
1979,69013.11669921875,68945.11083984375,68.00585938,0.0009854048422619616,0.002,1
1980,69013.11669921875,68945.11083984375,68.00585938,0.0009854048422619616,0.002,1
1981,69013.11669921875,68945.11083984375,68.00585938,0.0009854048422619616,0.002,1
1982,69013.11669921875,68945.11083984375,68.00585938,0.0009854048422619616,0.002,1
1983,69013.11669921875,68945.11083984375,68.00585938,0.0009854048422619616,0.002,1
1984,69013.11669921875,68945.11083984375,68.00585938,0.0009854048422619616,0.002,1
1985,69013.11669921875,68945.11083984375,68.00585938,0.0009854048422619616,0.002,1
1986,69013.11669921875,68945.11083984375,68.00585938,0.0009854048422619616,0.002,1
1987,69013.11669921875,68945.11083984375,68.00585938,0.0009854048422619616,0.002,1
1988,69013.11669921875,68945.11083984375,68.00585938,0.0009854048422619616,0.002,1
1989,69013.11669921875,68945.11083984375,68.00585938,0.0009854048422619616,0.002,1
1990,69013.11669921875,68945.11083984375,68.00585938,0.0009854048422619616,0.002,1
1991,69013.11669921875,68945.11083984375,68.00585938,0.0009854048422619616,0.002,1
1992,69013.11669921875,68945.11083984375,68.00585938,0.0009854048422619616,0.002,1
1993,69013.11669921875,68945.11083984375,68.00585938,0.0009854048422619616,0.002,1
1994,69013.11669921875,68945.11083984375,68.00585938,0.0009854048422619616,0.002,1
1995,69013.11669921875,68945.11083984375,68.00585938,0.0009854048422619616,0.002,1
1996,69013.11669921875,68945.11083984375,68.00585938,0.0009854048422619616,0.002,1
1997,69013.11669921875,68945.11083984375,68.00585938,0.0009854048422619616,0.002,1
1998,69013.11669921875,68945.11083984375,68.00585938,0.0009854048422619616,0.002,1
1999,69013.11669921875,68945.11083984375,68.00585938,0.0009854048422619616,0.002,1
2000,69013.11669921875,68945.11083984375,68.00585938,0.0009854048422619616,0.002,1
