step,base-mem,mlu-mem,diff_abs,diff_relative,max_error_range,success
1,71694,71552,142,0.001980639941975619,0.002,1
2,72300,72160,140,0.0019363762102351315,0.002,1
3,72300,72160,140,0.0019363762102351315,0.002,1
4,72300,72160,140,0.0019363762102351315,0.002,1
5,72300,72160,140,0.0019363762102351315,0.002,1
6,72300,72160,140,0.0019363762102351315,0.002,1
7,72300,72160,140,0.0019363762102351315,0.002,1
8,72300,72160,140,0.0019363762102351315,0.002,1
9,72300,72160,140,0.0019363762102351315,0.002,1
10,72300,72160,140,0.0019363762102351315,0.002,1
11,72300,72160,140,0.0019363762102351315,0.002,1
12,72300,72160,140,0.0019363762102351315,0.002,1
13,72300,72160,140,0.0019363762102351315,0.002,1
14,72300,72160,140,0.0019363762102351315,0.002,1
15,72300,72160,140,0.0019363762102351315,0.002,1
16,72300,72160,140,0.0019363762102351315,0.002,1
17,72300,72160,140,0.0019363762102351315,0.002,1
18,72300,72160,140,0.0019363762102351315,0.002,1
19,72300,72160,140,0.0019363762102351315,0.002,1
20,72300,72160,140,0.0019363762102351315,0.002,1
21,72300,72160,140,0.0019363762102351315,0.002,1
22,72300,72160,140,0.0019363762102351315,0.002,1
23,72300,72160,140,0.0019363762102351315,0.002,1
24,72300,72160,140,0.0019363762102351315,0.002,1
25,72300,72160,140,0.0019363762102351315,0.002,1
26,72300,72160,140,0.0019363762102351315,0.002,1
27,72300,72160,140,0.0019363762102351315,0.002,1
28,72300,72160,140,0.0019363762102351315,0.002,1
29,72300,72160,140,0.0019363762102351315,0.002,1
30,72300,72160,140,0.0019363762102351315,0.002,1
31,72300,72160,140,0.0019363762102351315,0.002,1
32,72300,72160,140,0.0019363762102351315,0.002,1
33,72300,72160,140,0.0019363762102351315,0.002,1
34,72300,72160,140,0.0019363762102351315,0.002,1
35,72300,72160,140,0.0019363762102351315,0.002,1
36,72300,72160,140,0.0019363762102351315,0.002,1
37,72300,72160,140,0.0019363762102351315,0.002,1
38,72300,72160,140,0.0019363762102351315,0.002,1
39,72300,72160,140,0.0019363762102351315,0.002,1
40,72300,72160,140,0.0019363762102351315,0.002,1
41,72300,72160,140,0.0019363762102351315,0.002,1
42,72300,72160,140,0.0019363762102351315,0.002,1
43,72300,72160,140,0.0019363762102351315,0.002,1
44,72300,72160,140,0.0019363762102351315,0.002,1
45,72300,72160,140,0.0019363762102351315,0.002,1
46,72300,72160,140,0.0019363762102351315,0.002,1
47,72300,72160,140,0.0019363762102351315,0.002,1
48,72300,72160,140,0.0019363762102351315,0.002,1
49,72300,72160,140,0.0019363762102351315,0.002,1
50,72300,72160,140,0.0019363762102351315,0.002,1
51,72300,72160,140,0.0019363762102351315,0.002,1
52,72300,72160,140,0.0019363762102351315,0.002,1
53,72300,72160,140,0.0019363762102351315,0.002,1
54,72300,72160,140,0.0019363762102351315,0.002,1
55,72300,72160,140,0.0019363762102351315,0.002,1
56,72300,72160,140,0.0019363762102351315,0.002,1
57,72300,72160,140,0.0019363762102351315,0.002,1
58,72300,72160,140,0.0019363762102351315,0.002,1
59,72300,72160,140,0.0019363762102351315,0.002,1
60,72300,72160,140,0.0019363762102351315,0.002,1
61,72300,72160,140,0.0019363762102351315,0.002,1
62,72300,72160,140,0.0019363762102351315,0.002,1
63,72300,72160,140,0.0019363762102351315,0.002,1
64,72300,72160,140,0.0019363762102351315,0.002,1
65,72300,72160,140,0.0019363762102351315,0.002,1
66,72300,72160,140,0.0019363762102351315,0.002,1
67,72300,72160,140,0.0019363762102351315,0.002,1
68,72300,72160,140,0.0019363762102351315,0.002,1
69,72300,72160,140,0.0019363762102351315,0.002,1
70,72300,72160,140,0.0019363762102351315,0.002,1
71,72300,72160,140,0.0019363762102351315,0.002,1
72,72300,72160,140,0.0019363762102351315,0.002,1
73,72300,72160,140,0.0019363762102351315,0.002,1
74,72300,72160,140,0.0019363762102351315,0.002,1
75,72300,72160,140,0.0019363762102351315,0.002,1
76,72300,72160,140,0.0019363762102351315,0.002,1
77,72300,72160,140,0.0019363762102351315,0.002,1
78,72300,72160,140,0.0019363762102351315,0.002,1
79,72300,72160,140,0.0019363762102351315,0.002,1
80,72300,72160,140,0.0019363762102351315,0.002,1
81,72300,72160,140,0.0019363762102351315,0.002,1
82,72300,72160,140,0.0019363762102351315,0.002,1
83,72300,72160,140,0.0019363762102351315,0.002,1
84,72300,72160,140,0.0019363762102351315,0.002,1
85,72300,72160,140,0.0019363762102351315,0.002,1
86,72300,72160,140,0.0019363762102351315,0.002,1
87,72300,72160,140,0.0019363762102351315,0.002,1
88,72300,72160,140,0.0019363762102351315,0.002,1
89,72300,72160,140,0.0019363762102351315,0.002,1
90,72300,72160,140,0.0019363762102351315,0.002,1
91,72300,72160,140,0.0019363762102351315,0.002,1
92,72300,72160,140,0.0019363762102351315,0.002,1
93,72300,72160,140,0.0019363762102351315,0.002,1
94,72300,72160,140,0.0019363762102351315,0.002,1
95,72300,72160,140,0.0019363762102351315,0.002,1
96,72300,72160,140,0.0019363762102351315,0.002,1
97,72300,72160,140,0.0019363762102351315,0.002,1
98,72300,72160,140,0.0019363762102351315,0.002,1
99,72300,72160,140,0.0019363762102351315,0.002,1
100,72300,72160,140,0.0019363762102351315,0.002,1
101,72300,72160,140,0.0019363762102351315,0.002,1
102,72300,72160,140,0.0019363762102351315,0.002,1
103,72300,72160,140,0.0019363762102351315,0.002,1
104,72300,72160,140,0.0019363762102351315,0.002,1
105,72300,72160,140,0.0019363762102351315,0.002,1
106,72300,72160,140,0.0019363762102351315,0.002,1
107,72300,72160,140,0.0019363762102351315,0.002,1
108,72300,72160,140,0.0019363762102351315,0.002,1
109,72300,72160,140,0.0019363762102351315,0.002,1
110,72300,72160,140,0.0019363762102351315,0.002,1
111,72300,72160,140,0.0019363762102351315,0.002,1
112,72300,72160,140,0.0019363762102351315,0.002,1
113,72300,72160,140,0.0019363762102351315,0.002,1
114,72300,72160,140,0.0019363762102351315,0.002,1
115,72300,72160,140,0.0019363762102351315,0.002,1
116,72300,72160,140,0.0019363762102351315,0.002,1
117,72300,72160,140,0.0019363762102351315,0.002,1
118,72300,72160,140,0.0019363762102351315,0.002,1
119,72300,72160,140,0.0019363762102351315,0.002,1
120,72300,72160,140,0.0019363762102351315,0.002,1
121,72300,72160,140,0.0019363762102351315,0.002,1
122,72300,72160,140,0.0019363762102351315,0.002,1
123,72300,72160,140,0.0019363762102351315,0.002,1
124,72300,72160,140,0.0019363762102351315,0.002,1
125,72300,72160,140,0.0019363762102351315,0.002,1
126,72300,72160,140,0.0019363762102351315,0.002,1
127,72300,72160,140,0.0019363762102351315,0.002,1
128,72300,72160,140,0.0019363762102351315,0.002,1
129,72300,72160,140,0.0019363762102351315,0.002,1
130,72300,72160,140,0.0019363762102351315,0.002,1
131,72300,72160,140,0.0019363762102351315,0.002,1
132,72300,72160,140,0.0019363762102351315,0.002,1
133,72300,72160,140,0.0019363762102351315,0.002,1
134,72300,72160,140,0.0019363762102351315,0.002,1
135,72300,72160,140,0.0019363762102351315,0.002,1
136,72300,72160,140,0.0019363762102351315,0.002,1
137,72300,72160,140,0.0019363762102351315,0.002,1
138,72300,72160,140,0.0019363762102351315,0.002,1
139,72300,72160,140,0.0019363762102351315,0.002,1
140,72300,72160,140,0.0019363762102351315,0.002,1
141,72300,72160,140,0.0019363762102351315,0.002,1
142,72300,72160,140,0.0019363762102351315,0.002,1
143,72300,72160,140,0.0019363762102351315,0.002,1
144,72300,72160,140,0.0019363762102351315,0.002,1
145,72300,72160,140,0.0019363762102351315,0.002,1
146,72300,72160,140,0.0019363762102351315,0.002,1
147,72300,72160,140,0.0019363762102351315,0.002,1
148,72300,72160,140,0.0019363762102351315,0.002,1
149,72300,72160,140,0.0019363762102351315,0.002,1
150,72300,72160,140,0.0019363762102351315,0.002,1
151,72300,72160,140,0.0019363762102351315,0.002,1
152,72300,72160,140,0.0019363762102351315,0.002,1
153,72300,72160,140,0.0019363762102351315,0.002,1
154,72300,72160,140,0.0019363762102351315,0.002,1
155,72300,72160,140,0.0019363762102351315,0.002,1
156,72300,72160,140,0.0019363762102351315,0.002,1
157,72300,72160,140,0.0019363762102351315,0.002,1
158,72300,72160,140,0.0019363762102351315,0.002,1
159,72300,72160,140,0.0019363762102351315,0.002,1
160,72300,72160,140,0.0019363762102351315,0.002,1
161,72300,72160,140,0.0019363762102351315,0.002,1
162,72300,72160,140,0.0019363762102351315,0.002,1
163,72300,72160,140,0.0019363762102351315,0.002,1
164,72300,72160,140,0.0019363762102351315,0.002,1
165,72300,72160,140,0.0019363762102351315,0.002,1
166,72300,72160,140,0.0019363762102351315,0.002,1
167,72300,72160,140,0.0019363762102351315,0.002,1
168,72300,72160,140,0.0019363762102351315,0.002,1
169,72300,72160,140,0.0019363762102351315,0.002,1
170,72300,72160,140,0.0019363762102351315,0.002,1
171,72300,72160,140,0.0019363762102351315,0.002,1
172,72300,72160,140,0.0019363762102351315,0.002,1
173,72300,72160,140,0.0019363762102351315,0.002,1
174,72300,72160,140,0.0019363762102351315,0.002,1
175,72300,72160,140,0.0019363762102351315,0.002,1
176,72300,72160,140,0.0019363762102351315,0.002,1
177,72300,72160,140,0.0019363762102351315,0.002,1
178,72300,72160,140,0.0019363762102351315,0.002,1
179,72300,72160,140,0.0019363762102351315,0.002,1
180,72300,72160,140,0.0019363762102351315,0.002,1
181,72300,72160,140,0.0019363762102351315,0.002,1
182,72300,72160,140,0.0019363762102351315,0.002,1
183,72300,72160,140,0.0019363762102351315,0.002,1
184,72300,72160,140,0.0019363762102351315,0.002,1
185,72300,72160,140,0.0019363762102351315,0.002,1
186,72300,72160,140,0.0019363762102351315,0.002,1
187,72300,72160,140,0.0019363762102351315,0.002,1
188,72300,72160,140,0.0019363762102351315,0.002,1
189,72300,72160,140,0.0019363762102351315,0.002,1
190,72300,72160,140,0.0019363762102351315,0.002,1
191,72300,72160,140,0.0019363762102351315,0.002,1
192,72300,72160,140,0.0019363762102351315,0.002,1
193,72300,72160,140,0.0019363762102351315,0.002,1
194,72300,72160,140,0.0019363762102351315,0.002,1
195,72300,72160,140,0.0019363762102351315,0.002,1
196,72300,72160,140,0.0019363762102351315,0.002,1
197,72300,72160,140,0.0019363762102351315,0.002,1
198,72300,72160,140,0.0019363762102351315,0.002,1
199,72300,72160,140,0.0019363762102351315,0.002,1
200,72300,72160,140,0.0019363762102351315,0.002,1
201,72300,72160,140,0.0019363762102351315,0.002,1
202,72300,72160,140,0.0019363762102351315,0.002,1
203,72300,72160,140,0.0019363762102351315,0.002,1
204,72300,72160,140,0.0019363762102351315,0.002,1
205,72300,72160,140,0.0019363762102351315,0.002,1
206,72300,72160,140,0.0019363762102351315,0.002,1
207,72300,72160,140,0.0019363762102351315,0.002,1
208,72300,72160,140,0.0019363762102351315,0.002,1
209,72300,72160,140,0.0019363762102351315,0.002,1
210,72300,72160,140,0.0019363762102351315,0.002,1
211,72300,72160,140,0.0019363762102351315,0.002,1
212,72300,72160,140,0.0019363762102351315,0.002,1
213,72300,72160,140,0.0019363762102351315,0.002,1
214,72300,72160,140,0.0019363762102351315,0.002,1
215,72300,72160,140,0.0019363762102351315,0.002,1
216,72300,72160,140,0.0019363762102351315,0.002,1
217,72300,72160,140,0.0019363762102351315,0.002,1
218,72300,72160,140,0.0019363762102351315,0.002,1
219,72300,72160,140,0.0019363762102351315,0.002,1
220,72300,72160,140,0.0019363762102351315,0.002,1
221,72300,72160,140,0.0019363762102351315,0.002,1
222,72300,72160,140,0.0019363762102351315,0.002,1
223,72300,72160,140,0.0019363762102351315,0.002,1
224,72300,72160,140,0.0019363762102351315,0.002,1
225,72300,72160,140,0.0019363762102351315,0.002,1
226,72300,72160,140,0.0019363762102351315,0.002,1
227,72300,72160,140,0.0019363762102351315,0.002,1
228,72300,72160,140,0.0019363762102351315,0.002,1
229,72300,72160,140,0.0019363762102351315,0.002,1
230,72300,72160,140,0.0019363762102351315,0.002,1
231,72300,72160,140,0.0019363762102351315,0.002,1
232,72300,72160,140,0.0019363762102351315,0.002,1
233,72300,72160,140,0.0019363762102351315,0.002,1
234,72300,72160,140,0.0019363762102351315,0.002,1
235,72300,72160,140,0.0019363762102351315,0.002,1
236,72300,72160,140,0.0019363762102351315,0.002,1
237,72300,72160,140,0.0019363762102351315,0.002,1
238,72300,72160,140,0.0019363762102351315,0.002,1
239,72300,72160,140,0.0019363762102351315,0.002,1
240,72300,72160,140,0.0019363762102351315,0.002,1
241,72300,72160,140,0.0019363762102351315,0.002,1
242,72300,72160,140,0.0019363762102351315,0.002,1
243,72300,72160,140,0.0019363762102351315,0.002,1
244,72300,72160,140,0.0019363762102351315,0.002,1
245,72300,72160,140,0.0019363762102351315,0.002,1
246,72300,72160,140,0.0019363762102351315,0.002,1
247,72300,72160,140,0.0019363762102351315,0.002,1
248,72300,72160,140,0.0019363762102351315,0.002,1
249,72300,72160,140,0.0019363762102351315,0.002,1
250,72300,72160,140,0.0019363762102351315,0.002,1
251,72300,72160,140,0.0019363762102351315,0.002,1
252,72300,72160,140,0.0019363762102351315,0.002,1
253,72300,72160,140,0.0019363762102351315,0.002,1
254,72300,72160,140,0.0019363762102351315,0.002,1
255,72300,72160,140,0.0019363762102351315,0.002,1
256,72300,72160,140,0.0019363762102351315,0.002,1
257,72300,72160,140,0.0019363762102351315,0.002,1
258,72300,72160,140,0.0019363762102351315,0.002,1
259,72300,72160,140,0.0019363762102351315,0.002,1
260,72300,72160,140,0.0019363762102351315,0.002,1
261,72300,72160,140,0.0019363762102351315,0.002,1
262,72300,72160,140,0.0019363762102351315,0.002,1
263,72300,72160,140,0.0019363762102351315,0.002,1
264,72300,72160,140,0.0019363762102351315,0.002,1
265,72300,72160,140,0.0019363762102351315,0.002,1
266,72300,72160,140,0.0019363762102351315,0.002,1
267,72300,72160,140,0.0019363762102351315,0.002,1
268,72300,72160,140,0.0019363762102351315,0.002,1
269,72300,72160,140,0.0019363762102351315,0.002,1
270,72300,72160,140,0.0019363762102351315,0.002,1
271,72300,72160,140,0.0019363762102351315,0.002,1
272,72300,72160,140,0.0019363762102351315,0.002,1
273,72300,72160,140,0.0019363762102351315,0.002,1
274,72300,72160,140,0.0019363762102351315,0.002,1
275,72300,72160,140,0.0019363762102351315,0.002,1
276,72300,72160,140,0.0019363762102351315,0.002,1
277,72300,72160,140,0.0019363762102351315,0.002,1
278,72300,72160,140,0.0019363762102351315,0.002,1
279,72300,72160,140,0.0019363762102351315,0.002,1
280,72300,72160,140,0.0019363762102351315,0.002,1
281,72300,72160,140,0.0019363762102351315,0.002,1
282,72300,72160,140,0.0019363762102351315,0.002,1
283,72300,72160,140,0.0019363762102351315,0.002,1
284,72300,72160,140,0.0019363762102351315,0.002,1
285,72300,72160,140,0.0019363762102351315,0.002,1
286,72300,72160,140,0.0019363762102351315,0.002,1
287,72300,72160,140,0.0019363762102351315,0.002,1
288,72300,72160,140,0.0019363762102351315,0.002,1
289,72300,72160,140,0.0019363762102351315,0.002,1
290,72300,72160,140,0.0019363762102351315,0.002,1
291,72300,72160,140,0.0019363762102351315,0.002,1
292,72300,72160,140,0.0019363762102351315,0.002,1
293,72300,72160,140,0.0019363762102351315,0.002,1
294,72300,72160,140,0.0019363762102351315,0.002,1
295,72300,72160,140,0.0019363762102351315,0.002,1
296,72300,72160,140,0.0019363762102351315,0.002,1
297,72300,72160,140,0.0019363762102351315,0.002,1
298,72300,72160,140,0.0019363762102351315,0.002,1
299,72300,72160,140,0.0019363762102351315,0.002,1
300,72300,72160,140,0.0019363762102351315,0.002,1
301,72300,72160,140,0.0019363762102351315,0.002,1
302,72300,72160,140,0.0019363762102351315,0.002,1
303,72300,72160,140,0.0019363762102351315,0.002,1
304,72300,72160,140,0.0019363762102351315,0.002,1
305,72300,72160,140,0.0019363762102351315,0.002,1
306,72300,72160,140,0.0019363762102351315,0.002,1
307,72300,72160,140,0.0019363762102351315,0.002,1
308,72300,72160,140,0.0019363762102351315,0.002,1
309,72300,72160,140,0.0019363762102351315,0.002,1
310,72300,72160,140,0.0019363762102351315,0.002,1
311,72300,72160,140,0.0019363762102351315,0.002,1
312,72300,72160,140,0.0019363762102351315,0.002,1
313,72300,72160,140,0.0019363762102351315,0.002,1
314,72300,72160,140,0.0019363762102351315,0.002,1
315,72300,72160,140,0.0019363762102351315,0.002,1
316,72300,72160,140,0.0019363762102351315,0.002,1
317,72300,72160,140,0.0019363762102351315,0.002,1
318,72300,72160,140,0.0019363762102351315,0.002,1
319,72300,72160,140,0.0019363762102351315,0.002,1
320,72300,72160,140,0.0019363762102351315,0.002,1
321,72300,72160,140,0.0019363762102351315,0.002,1
322,72300,72160,140,0.0019363762102351315,0.002,1
323,72300,72160,140,0.0019363762102351315,0.002,1
324,72300,72160,140,0.0019363762102351315,0.002,1
325,72300,72160,140,0.0019363762102351315,0.002,1
326,72300,72160,140,0.0019363762102351315,0.002,1
327,72300,72160,140,0.0019363762102351315,0.002,1
328,72300,72160,140,0.0019363762102351315,0.002,1
329,72300,72160,140,0.0019363762102351315,0.002,1
330,72300,72160,140,0.0019363762102351315,0.002,1
331,72300,72160,140,0.0019363762102351315,0.002,1
332,72300,72160,140,0.0019363762102351315,0.002,1
333,72300,72160,140,0.0019363762102351315,0.002,1
334,72300,72160,140,0.0019363762102351315,0.002,1
335,72300,72160,140,0.0019363762102351315,0.002,1
336,72300,72160,140,0.0019363762102351315,0.002,1
337,72300,72160,140,0.0019363762102351315,0.002,1
338,72300,72160,140,0.0019363762102351315,0.002,1
339,72300,72160,140,0.0019363762102351315,0.002,1
340,72300,72160,140,0.0019363762102351315,0.002,1
341,72300,72160,140,0.0019363762102351315,0.002,1
342,72300,72160,140,0.0019363762102351315,0.002,1
343,72300,72160,140,0.0019363762102351315,0.002,1
344,72300,72160,140,0.0019363762102351315,0.002,1
345,72300,72160,140,0.0019363762102351315,0.002,1
346,72300,72160,140,0.0019363762102351315,0.002,1
347,72300,72160,140,0.0019363762102351315,0.002,1
348,72300,72160,140,0.0019363762102351315,0.002,1
349,72300,72160,140,0.0019363762102351315,0.002,1
350,72300,72160,140,0.0019363762102351315,0.002,1
351,72300,72160,140,0.0019363762102351315,0.002,1
352,72300,72160,140,0.0019363762102351315,0.002,1
353,72300,72160,140,0.0019363762102351315,0.002,1
354,72300,72160,140,0.0019363762102351315,0.002,1
355,72300,72160,140,0.0019363762102351315,0.002,1
356,72300,72160,140,0.0019363762102351315,0.002,1
357,72300,72160,140,0.0019363762102351315,0.002,1
358,72300,72160,140,0.0019363762102351315,0.002,1
359,72300,72160,140,0.0019363762102351315,0.002,1
360,72300,72160,140,0.0019363762102351315,0.002,1
361,72300,72160,140,0.0019363762102351315,0.002,1
362,72300,72160,140,0.0019363762102351315,0.002,1
363,72300,72160,140,0.0019363762102351315,0.002,1
364,72300,72160,140,0.0019363762102351315,0.002,1
365,72300,72160,140,0.0019363762102351315,0.002,1
366,72300,72160,140,0.0019363762102351315,0.002,1
367,72300,72160,140,0.0019363762102351315,0.002,1
368,72300,72160,140,0.0019363762102351315,0.002,1
369,72300,72160,140,0.0019363762102351315,0.002,1
370,72300,72160,140,0.0019363762102351315,0.002,1
371,72300,72160,140,0.0019363762102351315,0.002,1
372,72300,72160,140,0.0019363762102351315,0.002,1
373,72300,72160,140,0.0019363762102351315,0.002,1
374,72300,72160,140,0.0019363762102351315,0.002,1
375,72300,72160,140,0.0019363762102351315,0.002,1
376,72300,72160,140,0.0019363762102351315,0.002,1
377,72300,72160,140,0.0019363762102351315,0.002,1
378,72300,72160,140,0.0019363762102351315,0.002,1
379,72300,72160,140,0.0019363762102351315,0.002,1
380,72300,72160,140,0.0019363762102351315,0.002,1
381,72300,72160,140,0.0019363762102351315,0.002,1
382,72300,72160,140,0.0019363762102351315,0.002,1
383,72300,72160,140,0.0019363762102351315,0.002,1
384,72300,72160,140,0.0019363762102351315,0.002,1
385,72300,72160,140,0.0019363762102351315,0.002,1
386,72300,72160,140,0.0019363762102351315,0.002,1
387,72300,72160,140,0.0019363762102351315,0.002,1
388,72300,72160,140,0.0019363762102351315,0.002,1
389,72300,72160,140,0.0019363762102351315,0.002,1
390,72300,72160,140,0.0019363762102351315,0.002,1
391,72300,72160,140,0.0019363762102351315,0.002,1
392,72300,72160,140,0.0019363762102351315,0.002,1
393,72300,72160,140,0.0019363762102351315,0.002,1
394,72300,72160,140,0.0019363762102351315,0.002,1
395,72300,72160,140,0.0019363762102351315,0.002,1
396,72300,72160,140,0.0019363762102351315,0.002,1
397,72300,72160,140,0.0019363762102351315,0.002,1
398,72300,72160,140,0.0019363762102351315,0.002,1
399,72300,72160,140,0.0019363762102351315,0.002,1
400,72300,72160,140,0.0019363762102351315,0.002,1
401,72300,72160,140,0.0019363762102351315,0.002,1
402,72300,72160,140,0.0019363762102351315,0.002,1
403,72300,72160,140,0.0019363762102351315,0.002,1
404,72300,72160,140,0.0019363762102351315,0.002,1
405,72300,72160,140,0.0019363762102351315,0.002,1
406,72300,72160,140,0.0019363762102351315,0.002,1
407,72300,72160,140,0.0019363762102351315,0.002,1
408,72300,72160,140,0.0019363762102351315,0.002,1
409,72300,72160,140,0.0019363762102351315,0.002,1
410,72300,72160,140,0.0019363762102351315,0.002,1
411,72300,72160,140,0.0019363762102351315,0.002,1
412,72300,72160,140,0.0019363762102351315,0.002,1
413,72300,72160,140,0.0019363762102351315,0.002,1
414,72300,72160,140,0.0019363762102351315,0.002,1
415,72300,72160,140,0.0019363762102351315,0.002,1
416,72300,72160,140,0.0019363762102351315,0.002,1
417,72300,72160,140,0.0019363762102351315,0.002,1
418,72300,72160,140,0.0019363762102351315,0.002,1
419,72300,72160,140,0.0019363762102351315,0.002,1
420,72300,72160,140,0.0019363762102351315,0.002,1
421,72300,72160,140,0.0019363762102351315,0.002,1
422,72300,72160,140,0.0019363762102351315,0.002,1
423,72300,72160,140,0.0019363762102351315,0.002,1
424,72300,72160,140,0.0019363762102351315,0.002,1
425,72300,72160,140,0.0019363762102351315,0.002,1
426,72300,72160,140,0.0019363762102351315,0.002,1
427,72300,72160,140,0.0019363762102351315,0.002,1
428,72300,72160,140,0.0019363762102351315,0.002,1
429,72300,72160,140,0.0019363762102351315,0.002,1
430,72300,72160,140,0.0019363762102351315,0.002,1
431,72300,72160,140,0.0019363762102351315,0.002,1
432,72300,72160,140,0.0019363762102351315,0.002,1
433,72300,72160,140,0.0019363762102351315,0.002,1
434,72300,72160,140,0.0019363762102351315,0.002,1
435,72300,72160,140,0.0019363762102351315,0.002,1
436,72300,72160,140,0.0019363762102351315,0.002,1
437,72300,72160,140,0.0019363762102351315,0.002,1
438,72300,72160,140,0.0019363762102351315,0.002,1
439,72300,72160,140,0.0019363762102351315,0.002,1
440,72300,72160,140,0.0019363762102351315,0.002,1
441,72300,72160,140,0.0019363762102351315,0.002,1
442,72300,72160,140,0.0019363762102351315,0.002,1
443,72300,72160,140,0.0019363762102351315,0.002,1
444,72300,72160,140,0.0019363762102351315,0.002,1
445,72300,72160,140,0.0019363762102351315,0.002,1
446,72300,72160,140,0.0019363762102351315,0.002,1
447,72300,72160,140,0.0019363762102351315,0.002,1
448,72300,72160,140,0.0019363762102351315,0.002,1
449,72300,72160,140,0.0019363762102351315,0.002,1
450,72300,72160,140,0.0019363762102351315,0.002,1
451,72300,72160,140,0.0019363762102351315,0.002,1
452,72300,72160,140,0.0019363762102351315,0.002,1
453,72300,72160,140,0.0019363762102351315,0.002,1
454,72300,72160,140,0.0019363762102351315,0.002,1
455,72300,72160,140,0.0019363762102351315,0.002,1
456,72300,72160,140,0.0019363762102351315,0.002,1
457,72300,72160,140,0.0019363762102351315,0.002,1
458,72300,72160,140,0.0019363762102351315,0.002,1
459,72300,72160,140,0.0019363762102351315,0.002,1
460,72300,72160,140,0.0019363762102351315,0.002,1
461,72300,72160,140,0.0019363762102351315,0.002,1
462,72300,72160,140,0.0019363762102351315,0.002,1
463,72300,72160,140,0.0019363762102351315,0.002,1
464,72300,72160,140,0.0019363762102351315,0.002,1
465,72300,72160,140,0.0019363762102351315,0.002,1
466,72300,72160,140,0.0019363762102351315,0.002,1
467,72300,72160,140,0.0019363762102351315,0.002,1
468,72300,72160,140,0.0019363762102351315,0.002,1
469,72300,72160,140,0.0019363762102351315,0.002,1
470,72300,72160,140,0.0019363762102351315,0.002,1
471,72300,72160,140,0.0019363762102351315,0.002,1
472,72300,72160,140,0.0019363762102351315,0.002,1
473,72300,72160,140,0.0019363762102351315,0.002,1
474,72300,72160,140,0.0019363762102351315,0.002,1
475,72300,72160,140,0.0019363762102351315,0.002,1
476,72300,72160,140,0.0019363762102351315,0.002,1
477,72300,72160,140,0.0019363762102351315,0.002,1
478,72300,72160,140,0.0019363762102351315,0.002,1
479,72300,72160,140,0.0019363762102351315,0.002,1
480,72300,72160,140,0.0019363762102351315,0.002,1
481,72300,72160,140,0.0019363762102351315,0.002,1
482,72300,72160,140,0.0019363762102351315,0.002,1
483,72300,72160,140,0.0019363762102351315,0.002,1
484,72300,72160,140,0.0019363762102351315,0.002,1
485,72300,72160,140,0.0019363762102351315,0.002,1
486,72300,72160,140,0.0019363762102351315,0.002,1
487,72300,72160,140,0.0019363762102351315,0.002,1
488,72300,72160,140,0.0019363762102351315,0.002,1
489,72300,72160,140,0.0019363762102351315,0.002,1
490,72300,72160,140,0.0019363762102351315,0.002,1
491,72300,72160,140,0.0019363762102351315,0.002,1
492,72300,72160,140,0.0019363762102351315,0.002,1
493,72300,72160,140,0.0019363762102351315,0.002,1
494,72300,72160,140,0.0019363762102351315,0.002,1
495,72300,72160,140,0.0019363762102351315,0.002,1
496,72300,72160,140,0.0019363762102351315,0.002,1
497,72300,72160,140,0.0019363762102351315,0.002,1
498,72300,72160,140,0.0019363762102351315,0.002,1
499,72300,72160,140,0.0019363762102351315,0.002,1
500,72300,72160,140,0.0019363762102351315,0.002,1
501,72300,72160,140,0.0019363762102351315,0.002,1
502,72300,72160,140,0.0019363762102351315,0.002,1
503,72300,72160,140,0.0019363762102351315,0.002,1
504,72300,72160,140,0.0019363762102351315,0.002,1
505,72300,72160,140,0.0019363762102351315,0.002,1
506,72300,72160,140,0.0019363762102351315,0.002,1
507,72300,72160,140,0.0019363762102351315,0.002,1
508,72300,72160,140,0.0019363762102351315,0.002,1
509,72300,72160,140,0.0019363762102351315,0.002,1
510,72300,72160,140,0.0019363762102351315,0.002,1
511,72300,72160,140,0.0019363762102351315,0.002,1
512,72300,72160,140,0.0019363762102351315,0.002,1
513,72300,72160,140,0.0019363762102351315,0.002,1
514,72300,72160,140,0.0019363762102351315,0.002,1
515,72300,72160,140,0.0019363762102351315,0.002,1
516,72300,72160,140,0.0019363762102351315,0.002,1
517,72300,72160,140,0.0019363762102351315,0.002,1
518,72300,72160,140,0.0019363762102351315,0.002,1
519,72300,72160,140,0.0019363762102351315,0.002,1
520,72300,72160,140,0.0019363762102351315,0.002,1
521,72300,72160,140,0.0019363762102351315,0.002,1
522,72300,72160,140,0.0019363762102351315,0.002,1
523,72300,72160,140,0.0019363762102351315,0.002,1
524,72300,72160,140,0.0019363762102351315,0.002,1
525,72300,72160,140,0.0019363762102351315,0.002,1
526,72300,72160,140,0.0019363762102351315,0.002,1
527,72300,72160,140,0.0019363762102351315,0.002,1
528,72300,72160,140,0.0019363762102351315,0.002,1
529,72300,72160,140,0.0019363762102351315,0.002,1
530,72300,72160,140,0.0019363762102351315,0.002,1
531,72300,72160,140,0.0019363762102351315,0.002,1
532,72300,72160,140,0.0019363762102351315,0.002,1
533,72300,72160,140,0.0019363762102351315,0.002,1
534,72300,72160,140,0.0019363762102351315,0.002,1
535,72300,72160,140,0.0019363762102351315,0.002,1
536,72300,72160,140,0.0019363762102351315,0.002,1
537,72300,72160,140,0.0019363762102351315,0.002,1
538,72300,72160,140,0.0019363762102351315,0.002,1
539,72300,72160,140,0.0019363762102351315,0.002,1
540,72300,72160,140,0.0019363762102351315,0.002,1
541,72300,72160,140,0.0019363762102351315,0.002,1
542,72300,72160,140,0.0019363762102351315,0.002,1
543,72300,72160,140,0.0019363762102351315,0.002,1
544,72300,72160,140,0.0019363762102351315,0.002,1
545,72300,72160,140,0.0019363762102351315,0.002,1
546,72300,72160,140,0.0019363762102351315,0.002,1
547,72300,72160,140,0.0019363762102351315,0.002,1
548,72300,72160,140,0.0019363762102351315,0.002,1
549,72300,72160,140,0.0019363762102351315,0.002,1
550,72300,72160,140,0.0019363762102351315,0.002,1
551,72300,72160,140,0.0019363762102351315,0.002,1
552,72300,72160,140,0.0019363762102351315,0.002,1
553,72300,72160,140,0.0019363762102351315,0.002,1
554,72300,72160,140,0.0019363762102351315,0.002,1
555,72300,72160,140,0.0019363762102351315,0.002,1
556,72300,72160,140,0.0019363762102351315,0.002,1
557,72300,72160,140,0.0019363762102351315,0.002,1
558,72300,72160,140,0.0019363762102351315,0.002,1
559,72300,72160,140,0.0019363762102351315,0.002,1
560,72300,72160,140,0.0019363762102351315,0.002,1
561,72300,72160,140,0.0019363762102351315,0.002,1
562,72300,72160,140,0.0019363762102351315,0.002,1
563,72300,72160,140,0.0019363762102351315,0.002,1
564,72300,72160,140,0.0019363762102351315,0.002,1
565,72300,72160,140,0.0019363762102351315,0.002,1
566,72300,72160,140,0.0019363762102351315,0.002,1
567,72300,72160,140,0.0019363762102351315,0.002,1
568,72300,72160,140,0.0019363762102351315,0.002,1
569,72300,72160,140,0.0019363762102351315,0.002,1
570,72300,72160,140,0.0019363762102351315,0.002,1
571,72300,72160,140,0.0019363762102351315,0.002,1
572,72300,72160,140,0.0019363762102351315,0.002,1
573,72300,72160,140,0.0019363762102351315,0.002,1
574,72300,72160,140,0.0019363762102351315,0.002,1
575,72300,72160,140,0.0019363762102351315,0.002,1
576,72300,72160,140,0.0019363762102351315,0.002,1
577,72300,72160,140,0.0019363762102351315,0.002,1
578,72300,72160,140,0.0019363762102351315,0.002,1
579,72300,72160,140,0.0019363762102351315,0.002,1
580,72300,72160,140,0.0019363762102351315,0.002,1
581,72300,72160,140,0.0019363762102351315,0.002,1
582,72300,72160,140,0.0019363762102351315,0.002,1
583,72300,72160,140,0.0019363762102351315,0.002,1
584,72300,72160,140,0.0019363762102351315,0.002,1
585,72300,72160,140,0.0019363762102351315,0.002,1
586,72300,72160,140,0.0019363762102351315,0.002,1
587,72300,72160,140,0.0019363762102351315,0.002,1
588,72300,72160,140,0.0019363762102351315,0.002,1
589,72300,72160,140,0.0019363762102351315,0.002,1
590,72300,72160,140,0.0019363762102351315,0.002,1
591,72300,72160,140,0.0019363762102351315,0.002,1
592,72300,72160,140,0.0019363762102351315,0.002,1
593,72300,72160,140,0.0019363762102351315,0.002,1
594,72300,72160,140,0.0019363762102351315,0.002,1
595,72300,72160,140,0.0019363762102351315,0.002,1
596,72300,72160,140,0.0019363762102351315,0.002,1
597,72300,72160,140,0.0019363762102351315,0.002,1
598,72300,72160,140,0.0019363762102351315,0.002,1
599,72300,72160,140,0.0019363762102351315,0.002,1
600,72300,72160,140,0.0019363762102351315,0.002,1
601,72300,72160,140,0.0019363762102351315,0.002,1
602,72300,72160,140,0.0019363762102351315,0.002,1
603,72300,72160,140,0.0019363762102351315,0.002,1
604,72300,72160,140,0.0019363762102351315,0.002,1
605,72300,72160,140,0.0019363762102351315,0.002,1
606,72300,72160,140,0.0019363762102351315,0.002,1
607,72300,72160,140,0.0019363762102351315,0.002,1
608,72300,72160,140,0.0019363762102351315,0.002,1
609,72300,72160,140,0.0019363762102351315,0.002,1
610,72300,72160,140,0.0019363762102351315,0.002,1
611,72300,72160,140,0.0019363762102351315,0.002,1
612,72300,72160,140,0.0019363762102351315,0.002,1
613,72300,72160,140,0.0019363762102351315,0.002,1
614,72300,72160,140,0.0019363762102351315,0.002,1
615,72300,72160,140,0.0019363762102351315,0.002,1
616,72300,72160,140,0.0019363762102351315,0.002,1
617,72300,72160,140,0.0019363762102351315,0.002,1
618,72300,72160,140,0.0019363762102351315,0.002,1
619,72300,72160,140,0.0019363762102351315,0.002,1
620,72300,72160,140,0.0019363762102351315,0.002,1
621,72300,72160,140,0.0019363762102351315,0.002,1
622,72300,72160,140,0.0019363762102351315,0.002,1
623,72300,72160,140,0.0019363762102351315,0.002,1
624,72300,72160,140,0.0019363762102351315,0.002,1
625,72300,72160,140,0.0019363762102351315,0.002,1
626,72300,72160,140,0.0019363762102351315,0.002,1
627,72300,72160,140,0.0019363762102351315,0.002,1
628,72300,72160,140,0.0019363762102351315,0.002,1
629,72300,72160,140,0.0019363762102351315,0.002,1
630,72300,72160,140,0.0019363762102351315,0.002,1
631,72300,72160,140,0.0019363762102351315,0.002,1
632,72300,72160,140,0.0019363762102351315,0.002,1
633,72300,72160,140,0.0019363762102351315,0.002,1
634,72300,72160,140,0.0019363762102351315,0.002,1
635,72300,72160,140,0.0019363762102351315,0.002,1
636,72300,72160,140,0.0019363762102351315,0.002,1
637,72300,72160,140,0.0019363762102351315,0.002,1
638,72300,72160,140,0.0019363762102351315,0.002,1
639,72300,72160,140,0.0019363762102351315,0.002,1
640,72300,72160,140,0.0019363762102351315,0.002,1
641,72300,72160,140,0.0019363762102351315,0.002,1
642,72300,72160,140,0.0019363762102351315,0.002,1
643,72300,72160,140,0.0019363762102351315,0.002,1
644,72300,72160,140,0.0019363762102351315,0.002,1
645,72300,72160,140,0.0019363762102351315,0.002,1
646,72300,72160,140,0.0019363762102351315,0.002,1
647,72300,72160,140,0.0019363762102351315,0.002,1
648,72300,72160,140,0.0019363762102351315,0.002,1
649,72300,72160,140,0.0019363762102351315,0.002,1
650,72300,72160,140,0.0019363762102351315,0.002,1
651,72300,72160,140,0.0019363762102351315,0.002,1
652,72300,72160,140,0.0019363762102351315,0.002,1
653,72300,72160,140,0.0019363762102351315,0.002,1
654,72300,72160,140,0.0019363762102351315,0.002,1
655,72300,72160,140,0.0019363762102351315,0.002,1
656,72300,72160,140,0.0019363762102351315,0.002,1
657,72300,72160,140,0.0019363762102351315,0.002,1
658,72300,72160,140,0.0019363762102351315,0.002,1
659,72300,72160,140,0.0019363762102351315,0.002,1
660,72300,72160,140,0.0019363762102351315,0.002,1
661,72300,72160,140,0.0019363762102351315,0.002,1
662,72300,72160,140,0.0019363762102351315,0.002,1
663,72300,72160,140,0.0019363762102351315,0.002,1
664,72300,72160,140,0.0019363762102351315,0.002,1
665,72300,72160,140,0.0019363762102351315,0.002,1
666,72300,72160,140,0.0019363762102351315,0.002,1
667,72300,72160,140,0.0019363762102351315,0.002,1
668,72300,72160,140,0.0019363762102351315,0.002,1
669,72300,72160,140,0.0019363762102351315,0.002,1
670,72300,72160,140,0.0019363762102351315,0.002,1
671,72300,72160,140,0.0019363762102351315,0.002,1
672,72300,72160,140,0.0019363762102351315,0.002,1
673,72300,72160,140,0.0019363762102351315,0.002,1
674,72300,72160,140,0.0019363762102351315,0.002,1
675,72300,72160,140,0.0019363762102351315,0.002,1
676,72300,72160,140,0.0019363762102351315,0.002,1
677,72300,72160,140,0.0019363762102351315,0.002,1
678,72300,72160,140,0.0019363762102351315,0.002,1
679,72300,72160,140,0.0019363762102351315,0.002,1
680,72300,72160,140,0.0019363762102351315,0.002,1
681,72300,72160,140,0.0019363762102351315,0.002,1
682,72300,72160,140,0.0019363762102351315,0.002,1
683,72300,72160,140,0.0019363762102351315,0.002,1
684,72300,72160,140,0.0019363762102351315,0.002,1
685,72300,72160,140,0.0019363762102351315,0.002,1
686,72300,72160,140,0.0019363762102351315,0.002,1
687,72300,72160,140,0.0019363762102351315,0.002,1
688,72300,72160,140,0.0019363762102351315,0.002,1
689,72300,72160,140,0.0019363762102351315,0.002,1
690,72300,72160,140,0.0019363762102351315,0.002,1
691,72300,72160,140,0.0019363762102351315,0.002,1
692,72300,72160,140,0.0019363762102351315,0.002,1
693,72300,72160,140,0.0019363762102351315,0.002,1
694,72300,72160,140,0.0019363762102351315,0.002,1
695,72300,72160,140,0.0019363762102351315,0.002,1
696,72300,72160,140,0.0019363762102351315,0.002,1
697,72300,72160,140,0.0019363762102351315,0.002,1
698,72300,72160,140,0.0019363762102351315,0.002,1
699,72300,72160,140,0.0019363762102351315,0.002,1
700,72300,72160,140,0.0019363762102351315,0.002,1
701,72300,72160,140,0.0019363762102351315,0.002,1
702,72300,72160,140,0.0019363762102351315,0.002,1
703,72300,72160,140,0.0019363762102351315,0.002,1
704,72300,72160,140,0.0019363762102351315,0.002,1
705,72300,72160,140,0.0019363762102351315,0.002,1
706,72300,72160,140,0.0019363762102351315,0.002,1
707,72300,72160,140,0.0019363762102351315,0.002,1
708,72300,72160,140,0.0019363762102351315,0.002,1
709,72300,72160,140,0.0019363762102351315,0.002,1
710,72300,72160,140,0.0019363762102351315,0.002,1
711,72300,72160,140,0.0019363762102351315,0.002,1
712,72300,72160,140,0.0019363762102351315,0.002,1
713,72300,72160,140,0.0019363762102351315,0.002,1
714,72300,72160,140,0.0019363762102351315,0.002,1
715,72300,72160,140,0.0019363762102351315,0.002,1
716,72300,72160,140,0.0019363762102351315,0.002,1
717,72300,72160,140,0.0019363762102351315,0.002,1
718,72300,72160,140,0.0019363762102351315,0.002,1
719,72300,72160,140,0.0019363762102351315,0.002,1
720,72300,72160,140,0.0019363762102351315,0.002,1
721,72300,72160,140,0.0019363762102351315,0.002,1
722,72300,72160,140,0.0019363762102351315,0.002,1
723,72300,72160,140,0.0019363762102351315,0.002,1
724,72300,72160,140,0.0019363762102351315,0.002,1
725,72300,72160,140,0.0019363762102351315,0.002,1
726,72300,72160,140,0.0019363762102351315,0.002,1
727,72300,72160,140,0.0019363762102351315,0.002,1
728,72300,72160,140,0.0019363762102351315,0.002,1
729,72300,72160,140,0.0019363762102351315,0.002,1
730,72300,72160,140,0.0019363762102351315,0.002,1
731,72300,72160,140,0.0019363762102351315,0.002,1
732,72300,72160,140,0.0019363762102351315,0.002,1
733,72300,72160,140,0.0019363762102351315,0.002,1
734,72300,72160,140,0.0019363762102351315,0.002,1
735,72300,72160,140,0.0019363762102351315,0.002,1
736,72300,72160,140,0.0019363762102351315,0.002,1
737,72300,72160,140,0.0019363762102351315,0.002,1
738,72300,72160,140,0.0019363762102351315,0.002,1
739,72300,72160,140,0.0019363762102351315,0.002,1
740,72300,72160,140,0.0019363762102351315,0.002,1
741,72300,72160,140,0.0019363762102351315,0.002,1
742,72300,72160,140,0.0019363762102351315,0.002,1
743,72300,72160,140,0.0019363762102351315,0.002,1
744,72300,72160,140,0.0019363762102351315,0.002,1
745,72300,72160,140,0.0019363762102351315,0.002,1
746,72300,72160,140,0.0019363762102351315,0.002,1
747,72300,72160,140,0.0019363762102351315,0.002,1
748,72300,72160,140,0.0019363762102351315,0.002,1
749,72300,72160,140,0.0019363762102351315,0.002,1
750,72300,72160,140,0.0019363762102351315,0.002,1
751,72300,72160,140,0.0019363762102351315,0.002,1
752,72300,72160,140,0.0019363762102351315,0.002,1
753,72300,72160,140,0.0019363762102351315,0.002,1
754,72300,72160,140,0.0019363762102351315,0.002,1
755,72300,72160,140,0.0019363762102351315,0.002,1
756,72300,72160,140,0.0019363762102351315,0.002,1
757,72300,72160,140,0.0019363762102351315,0.002,1
758,72300,72160,140,0.0019363762102351315,0.002,1
759,72300,72160,140,0.0019363762102351315,0.002,1
760,72300,72160,140,0.0019363762102351315,0.002,1
761,72300,72160,140,0.0019363762102351315,0.002,1
762,72300,72160,140,0.0019363762102351315,0.002,1
763,72300,72160,140,0.0019363762102351315,0.002,1
764,72300,72160,140,0.0019363762102351315,0.002,1
765,72300,72160,140,0.0019363762102351315,0.002,1
766,72300,72160,140,0.0019363762102351315,0.002,1
767,72300,72160,140,0.0019363762102351315,0.002,1
768,72300,72160,140,0.0019363762102351315,0.002,1
769,72300,72160,140,0.0019363762102351315,0.002,1
770,72300,72160,140,0.0019363762102351315,0.002,1
771,72300,72160,140,0.0019363762102351315,0.002,1
772,72300,72160,140,0.0019363762102351315,0.002,1
773,72300,72160,140,0.0019363762102351315,0.002,1
774,72300,72160,140,0.0019363762102351315,0.002,1
775,72300,72160,140,0.0019363762102351315,0.002,1
776,72300,72160,140,0.0019363762102351315,0.002,1
777,72300,72160,140,0.0019363762102351315,0.002,1
778,72300,72160,140,0.0019363762102351315,0.002,1
779,72300,72160,140,0.0019363762102351315,0.002,1
780,72300,72160,140,0.0019363762102351315,0.002,1
781,72300,72160,140,0.0019363762102351315,0.002,1
782,72300,72160,140,0.0019363762102351315,0.002,1
783,72300,72160,140,0.0019363762102351315,0.002,1
784,72300,72160,140,0.0019363762102351315,0.002,1
785,72300,72160,140,0.0019363762102351315,0.002,1
786,72300,72160,140,0.0019363762102351315,0.002,1
787,72300,72160,140,0.0019363762102351315,0.002,1
788,72300,72160,140,0.0019363762102351315,0.002,1
789,72300,72160,140,0.0019363762102351315,0.002,1
790,72300,72160,140,0.0019363762102351315,0.002,1
791,72300,72160,140,0.0019363762102351315,0.002,1
792,72300,72160,140,0.0019363762102351315,0.002,1
793,72300,72160,140,0.0019363762102351315,0.002,1
794,72300,72160,140,0.0019363762102351315,0.002,1
795,72300,72160,140,0.0019363762102351315,0.002,1
796,72300,72160,140,0.0019363762102351315,0.002,1
797,72300,72160,140,0.0019363762102351315,0.002,1
798,72300,72160,140,0.0019363762102351315,0.002,1
799,72300,72160,140,0.0019363762102351315,0.002,1
800,72300,72160,140,0.0019363762102351315,0.002,1
801,72300,72160,140,0.0019363762102351315,0.002,1
802,72300,72160,140,0.0019363762102351315,0.002,1
803,72300,72160,140,0.0019363762102351315,0.002,1
804,72300,72160,140,0.0019363762102351315,0.002,1
805,72300,72160,140,0.0019363762102351315,0.002,1
806,72300,72160,140,0.0019363762102351315,0.002,1
807,72300,72160,140,0.0019363762102351315,0.002,1
808,72300,72160,140,0.0019363762102351315,0.002,1
809,72300,72160,140,0.0019363762102351315,0.002,1
810,72300,72160,140,0.0019363762102351315,0.002,1
811,72300,72160,140,0.0019363762102351315,0.002,1
812,72300,72160,140,0.0019363762102351315,0.002,1
813,72300,72160,140,0.0019363762102351315,0.002,1
814,72300,72160,140,0.0019363762102351315,0.002,1
815,72300,72160,140,0.0019363762102351315,0.002,1
816,72300,72160,140,0.0019363762102351315,0.002,1
817,72300,72160,140,0.0019363762102351315,0.002,1
818,72300,72160,140,0.0019363762102351315,0.002,1
819,72300,72160,140,0.0019363762102351315,0.002,1
820,72300,72160,140,0.0019363762102351315,0.002,1
821,72300,72160,140,0.0019363762102351315,0.002,1
822,72300,72160,140,0.0019363762102351315,0.002,1
823,72300,72160,140,0.0019363762102351315,0.002,1
824,72300,72160,140,0.0019363762102351315,0.002,1
825,72300,72160,140,0.0019363762102351315,0.002,1
826,72300,72160,140,0.0019363762102351315,0.002,1
827,72300,72160,140,0.0019363762102351315,0.002,1
828,72300,72160,140,0.0019363762102351315,0.002,1
829,72300,72160,140,0.0019363762102351315,0.002,1
830,72300,72160,140,0.0019363762102351315,0.002,1
831,72300,72160,140,0.0019363762102351315,0.002,1
832,72300,72160,140,0.0019363762102351315,0.002,1
833,72300,72160,140,0.0019363762102351315,0.002,1
834,72300,72160,140,0.0019363762102351315,0.002,1
835,72300,72160,140,0.0019363762102351315,0.002,1
836,72300,72160,140,0.0019363762102351315,0.002,1
837,72300,72160,140,0.0019363762102351315,0.002,1
838,72300,72160,140,0.0019363762102351315,0.002,1
839,72300,72160,140,0.0019363762102351315,0.002,1
840,72300,72160,140,0.0019363762102351315,0.002,1
841,72300,72160,140,0.0019363762102351315,0.002,1
842,72300,72160,140,0.0019363762102351315,0.002,1
843,72300,72160,140,0.0019363762102351315,0.002,1
844,72300,72160,140,0.0019363762102351315,0.002,1
845,72300,72160,140,0.0019363762102351315,0.002,1
846,72300,72160,140,0.0019363762102351315,0.002,1
847,72300,72160,140,0.0019363762102351315,0.002,1
848,72300,72160,140,0.0019363762102351315,0.002,1
849,72300,72160,140,0.0019363762102351315,0.002,1
850,72300,72160,140,0.0019363762102351315,0.002,1
851,72300,72160,140,0.0019363762102351315,0.002,1
852,72300,72160,140,0.0019363762102351315,0.002,1
853,72300,72160,140,0.0019363762102351315,0.002,1
854,72300,72160,140,0.0019363762102351315,0.002,1
855,72300,72160,140,0.0019363762102351315,0.002,1
856,72300,72160,140,0.0019363762102351315,0.002,1
857,72300,72160,140,0.0019363762102351315,0.002,1
858,72300,72160,140,0.0019363762102351315,0.002,1
859,72300,72160,140,0.0019363762102351315,0.002,1
860,72300,72160,140,0.0019363762102351315,0.002,1
861,72300,72160,140,0.0019363762102351315,0.002,1
862,72300,72160,140,0.0019363762102351315,0.002,1
863,72300,72160,140,0.0019363762102351315,0.002,1
864,72300,72160,140,0.0019363762102351315,0.002,1
865,72300,72160,140,0.0019363762102351315,0.002,1
866,72300,72160,140,0.0019363762102351315,0.002,1
867,72300,72160,140,0.0019363762102351315,0.002,1
868,72300,72160,140,0.0019363762102351315,0.002,1
869,72300,72160,140,0.0019363762102351315,0.002,1
870,72300,72160,140,0.0019363762102351315,0.002,1
871,72300,72160,140,0.0019363762102351315,0.002,1
872,72300,72160,140,0.0019363762102351315,0.002,1
873,72300,72160,140,0.0019363762102351315,0.002,1
874,72300,72160,140,0.0019363762102351315,0.002,1
875,72300,72160,140,0.0019363762102351315,0.002,1
876,72300,72160,140,0.0019363762102351315,0.002,1
877,72300,72160,140,0.0019363762102351315,0.002,1
878,72300,72160,140,0.0019363762102351315,0.002,1
879,72300,72160,140,0.0019363762102351315,0.002,1
880,72300,72160,140,0.0019363762102351315,0.002,1
881,72300,72160,140,0.0019363762102351315,0.002,1
882,72300,72160,140,0.0019363762102351315,0.002,1
883,72300,72160,140,0.0019363762102351315,0.002,1
884,72300,72160,140,0.0019363762102351315,0.002,1
885,72300,72160,140,0.0019363762102351315,0.002,1
886,72300,72160,140,0.0019363762102351315,0.002,1
887,72300,72160,140,0.0019363762102351315,0.002,1
888,72300,72160,140,0.0019363762102351315,0.002,1
889,72300,72160,140,0.0019363762102351315,0.002,1
890,72300,72160,140,0.0019363762102351315,0.002,1
891,72300,72160,140,0.0019363762102351315,0.002,1
892,72300,72160,140,0.0019363762102351315,0.002,1
893,72300,72160,140,0.0019363762102351315,0.002,1
894,72300,72160,140,0.0019363762102351315,0.002,1
895,72300,72160,140,0.0019363762102351315,0.002,1
896,72300,72160,140,0.0019363762102351315,0.002,1
897,72300,72160,140,0.0019363762102351315,0.002,1
898,72300,72160,140,0.0019363762102351315,0.002,1
899,72300,72160,140,0.0019363762102351315,0.002,1
900,72300,72160,140,0.0019363762102351315,0.002,1
901,72300,72160,140,0.0019363762102351315,0.002,1
902,72300,72160,140,0.0019363762102351315,0.002,1
903,72300,72160,140,0.0019363762102351315,0.002,1
904,72300,72160,140,0.0019363762102351315,0.002,1
905,72300,72160,140,0.0019363762102351315,0.002,1
906,72300,72160,140,0.0019363762102351315,0.002,1
907,72300,72160,140,0.0019363762102351315,0.002,1
908,72300,72160,140,0.0019363762102351315,0.002,1
909,72300,72160,140,0.0019363762102351315,0.002,1
910,72300,72160,140,0.0019363762102351315,0.002,1
911,72300,72160,140,0.0019363762102351315,0.002,1
912,72300,72160,140,0.0019363762102351315,0.002,1
913,72300,72160,140,0.0019363762102351315,0.002,1
914,72300,72160,140,0.0019363762102351315,0.002,1
915,72300,72160,140,0.0019363762102351315,0.002,1
916,72300,72160,140,0.0019363762102351315,0.002,1
917,72300,72160,140,0.0019363762102351315,0.002,1
918,72300,72160,140,0.0019363762102351315,0.002,1
919,72300,72160,140,0.0019363762102351315,0.002,1
920,72300,72160,140,0.0019363762102351315,0.002,1
921,72300,72160,140,0.0019363762102351315,0.002,1
922,72300,72160,140,0.0019363762102351315,0.002,1
923,72300,72160,140,0.0019363762102351315,0.002,1
924,72300,72160,140,0.0019363762102351315,0.002,1
925,72300,72160,140,0.0019363762102351315,0.002,1
926,72300,72160,140,0.0019363762102351315,0.002,1
927,72300,72160,140,0.0019363762102351315,0.002,1
928,72300,72160,140,0.0019363762102351315,0.002,1
929,72300,72160,140,0.0019363762102351315,0.002,1
930,72300,72160,140,0.0019363762102351315,0.002,1
931,72300,72160,140,0.0019363762102351315,0.002,1
932,72300,72160,140,0.0019363762102351315,0.002,1
933,72300,72160,140,0.0019363762102351315,0.002,1
934,72300,72160,140,0.0019363762102351315,0.002,1
935,72300,72160,140,0.0019363762102351315,0.002,1
936,72300,72160,140,0.0019363762102351315,0.002,1
937,72300,72160,140,0.0019363762102351315,0.002,1
938,72300,72160,140,0.0019363762102351315,0.002,1
939,72300,72160,140,0.0019363762102351315,0.002,1
940,72300,72160,140,0.0019363762102351315,0.002,1
941,72300,72160,140,0.0019363762102351315,0.002,1
942,72300,72160,140,0.0019363762102351315,0.002,1
943,72300,72160,140,0.0019363762102351315,0.002,1
944,72300,72160,140,0.0019363762102351315,0.002,1
945,72300,72160,140,0.0019363762102351315,0.002,1
946,72300,72160,140,0.0019363762102351315,0.002,1
947,72300,72160,140,0.0019363762102351315,0.002,1
948,72300,72160,140,0.0019363762102351315,0.002,1
949,72300,72160,140,0.0019363762102351315,0.002,1
950,72300,72160,140,0.0019363762102351315,0.002,1
951,72300,72160,140,0.0019363762102351315,0.002,1
952,72300,72160,140,0.0019363762102351315,0.002,1
953,72300,72160,140,0.0019363762102351315,0.002,1
954,72300,72160,140,0.0019363762102351315,0.002,1
955,72300,72160,140,0.0019363762102351315,0.002,1
956,72300,72160,140,0.0019363762102351315,0.002,1
957,72300,72160,140,0.0019363762102351315,0.002,1
958,72300,72160,140,0.0019363762102351315,0.002,1
959,72300,72160,140,0.0019363762102351315,0.002,1
960,72300,72160,140,0.0019363762102351315,0.002,1
961,72300,72160,140,0.0019363762102351315,0.002,1
962,72300,72160,140,0.0019363762102351315,0.002,1
963,72300,72160,140,0.0019363762102351315,0.002,1
964,72300,72160,140,0.0019363762102351315,0.002,1
965,72300,72160,140,0.0019363762102351315,0.002,1
966,72300,72160,140,0.0019363762102351315,0.002,1
967,72300,72160,140,0.0019363762102351315,0.002,1
968,72300,72160,140,0.0019363762102351315,0.002,1
969,72300,72160,140,0.0019363762102351315,0.002,1
970,72300,72160,140,0.0019363762102351315,0.002,1
971,72300,72160,140,0.0019363762102351315,0.002,1
972,72300,72160,140,0.0019363762102351315,0.002,1
973,72300,72160,140,0.0019363762102351315,0.002,1
974,72300,72160,140,0.0019363762102351315,0.002,1
975,72300,72160,140,0.0019363762102351315,0.002,1
976,72300,72160,140,0.0019363762102351315,0.002,1
977,72300,72160,140,0.0019363762102351315,0.002,1
978,72300,72160,140,0.0019363762102351315,0.002,1
979,72300,72160,140,0.0019363762102351315,0.002,1
980,72300,72160,140,0.0019363762102351315,0.002,1
981,72300,72160,140,0.0019363762102351315,0.002,1
982,72300,72160,140,0.0019363762102351315,0.002,1
983,72300,72160,140,0.0019363762102351315,0.002,1
984,72300,72160,140,0.0019363762102351315,0.002,1
985,72300,72160,140,0.0019363762102351315,0.002,1
986,72300,72160,140,0.0019363762102351315,0.002,1
987,72300,72160,140,0.0019363762102351315,0.002,1
988,72300,72160,140,0.0019363762102351315,0.002,1
989,72300,72160,140,0.0019363762102351315,0.002,1
990,72300,72160,140,0.0019363762102351315,0.002,1
991,72300,72160,140,0.0019363762102351315,0.002,1
992,72300,72160,140,0.0019363762102351315,0.002,1
993,72300,72160,140,0.0019363762102351315,0.002,1
994,72300,72160,140,0.0019363762102351315,0.002,1
995,72300,72160,140,0.0019363762102351315,0.002,1
996,72300,72160,140,0.0019363762102351315,0.002,1
997,72300,72160,140,0.0019363762102351315,0.002,1
998,72300,72160,140,0.0019363762102351315,0.002,1
999,72300,72160,140,0.0019363762102351315,0.002,1
1000,72300,72160,140,0.0019363762102351315,0.002,1
1001,72300,72160,140,0.0019363762102351315,0.002,1
1002,72300,72160,140,0.0019363762102351315,0.002,1
1003,72300,72160,140,0.0019363762102351315,0.002,1
1004,72300,72160,140,0.0019363762102351315,0.002,1
1005,72300,72160,140,0.0019363762102351315,0.002,1
1006,72300,72160,140,0.0019363762102351315,0.002,1
1007,72300,72160,140,0.0019363762102351315,0.002,1
1008,72300,72160,140,0.0019363762102351315,0.002,1
1009,72300,72160,140,0.0019363762102351315,0.002,1
1010,72300,72160,140,0.0019363762102351315,0.002,1
1011,72300,72160,140,0.0019363762102351315,0.002,1
1012,72300,72160,140,0.0019363762102351315,0.002,1
1013,72300,72160,140,0.0019363762102351315,0.002,1
1014,72300,72160,140,0.0019363762102351315,0.002,1
1015,72300,72160,140,0.0019363762102351315,0.002,1
1016,72300,72160,140,0.0019363762102351315,0.002,1
1017,72300,72160,140,0.0019363762102351315,0.002,1
1018,72300,72160,140,0.0019363762102351315,0.002,1
1019,72300,72160,140,0.0019363762102351315,0.002,1
1020,72300,72160,140,0.0019363762102351315,0.002,1
1021,72300,72160,140,0.0019363762102351315,0.002,1
1022,72300,72160,140,0.0019363762102351315,0.002,1
1023,72300,72160,140,0.0019363762102351315,0.002,1
1024,72300,72160,140,0.0019363762102351315,0.002,1
1025,72300,72160,140,0.0019363762102351315,0.002,1
1026,72300,72160,140,0.0019363762102351315,0.002,1
1027,72300,72160,140,0.0019363762102351315,0.002,1
1028,72300,72160,140,0.0019363762102351315,0.002,1
1029,72300,72160,140,0.0019363762102351315,0.002,1
1030,72300,72160,140,0.0019363762102351315,0.002,1
1031,72300,72160,140,0.0019363762102351315,0.002,1
1032,72300,72160,140,0.0019363762102351315,0.002,1
1033,72300,72160,140,0.0019363762102351315,0.002,1
1034,72300,72160,140,0.0019363762102351315,0.002,1
1035,72300,72160,140,0.0019363762102351315,0.002,1
1036,72300,72160,140,0.0019363762102351315,0.002,1
1037,72300,72160,140,0.0019363762102351315,0.002,1
1038,72300,72160,140,0.0019363762102351315,0.002,1
1039,72300,72160,140,0.0019363762102351315,0.002,1
1040,72300,72160,140,0.0019363762102351315,0.002,1
1041,72300,72160,140,0.0019363762102351315,0.002,1
1042,72300,72160,140,0.0019363762102351315,0.002,1
1043,72300,72160,140,0.0019363762102351315,0.002,1
1044,72300,72160,140,0.0019363762102351315,0.002,1
1045,72300,72160,140,0.0019363762102351315,0.002,1
1046,72300,72160,140,0.0019363762102351315,0.002,1
1047,72300,72160,140,0.0019363762102351315,0.002,1
1048,72300,72160,140,0.0019363762102351315,0.002,1
1049,72300,72160,140,0.0019363762102351315,0.002,1
1050,72300,72160,140,0.0019363762102351315,0.002,1
1051,72300,72160,140,0.0019363762102351315,0.002,1
1052,72300,72160,140,0.0019363762102351315,0.002,1
1053,72300,72160,140,0.0019363762102351315,0.002,1
1054,72300,72160,140,0.0019363762102351315,0.002,1
1055,72300,72160,140,0.0019363762102351315,0.002,1
1056,72300,72160,140,0.0019363762102351315,0.002,1
1057,72300,72160,140,0.0019363762102351315,0.002,1
1058,72300,72160,140,0.0019363762102351315,0.002,1
1059,72300,72160,140,0.0019363762102351315,0.002,1
1060,72300,72160,140,0.0019363762102351315,0.002,1
1061,72300,72160,140,0.0019363762102351315,0.002,1
1062,72300,72160,140,0.0019363762102351315,0.002,1
1063,72300,72160,140,0.0019363762102351315,0.002,1
1064,72300,72160,140,0.0019363762102351315,0.002,1
1065,72300,72160,140,0.0019363762102351315,0.002,1
1066,72300,72160,140,0.0019363762102351315,0.002,1
1067,72300,72160,140,0.0019363762102351315,0.002,1
1068,72300,72160,140,0.0019363762102351315,0.002,1
1069,72300,72160,140,0.0019363762102351315,0.002,1
1070,72300,72160,140,0.0019363762102351315,0.002,1
1071,72300,72160,140,0.0019363762102351315,0.002,1
1072,72300,72160,140,0.0019363762102351315,0.002,1
1073,72300,72160,140,0.0019363762102351315,0.002,1
1074,72300,72160,140,0.0019363762102351315,0.002,1
1075,72300,72160,140,0.0019363762102351315,0.002,1
1076,72300,72160,140,0.0019363762102351315,0.002,1
1077,72300,72160,140,0.0019363762102351315,0.002,1
1078,72300,72160,140,0.0019363762102351315,0.002,1
1079,72300,72160,140,0.0019363762102351315,0.002,1
1080,72300,72160,140,0.0019363762102351315,0.002,1
1081,72300,72160,140,0.0019363762102351315,0.002,1
1082,72300,72160,140,0.0019363762102351315,0.002,1
1083,72300,72160,140,0.0019363762102351315,0.002,1
1084,72300,72160,140,0.0019363762102351315,0.002,1
1085,72300,72160,140,0.0019363762102351315,0.002,1
1086,72300,72160,140,0.0019363762102351315,0.002,1
1087,72300,72160,140,0.0019363762102351315,0.002,1
1088,72300,72160,140,0.0019363762102351315,0.002,1
1089,72300,72160,140,0.0019363762102351315,0.002,1
1090,72300,72160,140,0.0019363762102351315,0.002,1
1091,72300,72160,140,0.0019363762102351315,0.002,1
1092,72300,72160,140,0.0019363762102351315,0.002,1
1093,72300,72160,140,0.0019363762102351315,0.002,1
1094,72300,72160,140,0.0019363762102351315,0.002,1
1095,72300,72160,140,0.0019363762102351315,0.002,1
1096,72300,72160,140,0.0019363762102351315,0.002,1
1097,72300,72160,140,0.0019363762102351315,0.002,1
1098,72300,72160,140,0.0019363762102351315,0.002,1
1099,72300,72160,140,0.0019363762102351315,0.002,1
1100,72300,72160,140,0.0019363762102351315,0.002,1
1101,72300,72160,140,0.0019363762102351315,0.002,1
1102,72300,72160,140,0.0019363762102351315,0.002,1
1103,72300,72160,140,0.0019363762102351315,0.002,1
1104,72300,72160,140,0.0019363762102351315,0.002,1
1105,72300,72160,140,0.0019363762102351315,0.002,1
1106,72300,72160,140,0.0019363762102351315,0.002,1
1107,72300,72160,140,0.0019363762102351315,0.002,1
1108,72300,72160,140,0.0019363762102351315,0.002,1
1109,72300,72160,140,0.0019363762102351315,0.002,1
1110,72300,72160,140,0.0019363762102351315,0.002,1
1111,72300,72160,140,0.0019363762102351315,0.002,1
1112,72300,72160,140,0.0019363762102351315,0.002,1
1113,72300,72160,140,0.0019363762102351315,0.002,1
1114,72300,72160,140,0.0019363762102351315,0.002,1
1115,72300,72160,140,0.0019363762102351315,0.002,1
1116,72300,72160,140,0.0019363762102351315,0.002,1
1117,72300,72160,140,0.0019363762102351315,0.002,1
1118,72300,72160,140,0.0019363762102351315,0.002,1
1119,72300,72160,140,0.0019363762102351315,0.002,1
1120,72300,72160,140,0.0019363762102351315,0.002,1
1121,72300,72160,140,0.0019363762102351315,0.002,1
1122,72300,72160,140,0.0019363762102351315,0.002,1
1123,72300,72160,140,0.0019363762102351315,0.002,1
1124,72300,72160,140,0.0019363762102351315,0.002,1
1125,72300,72160,140,0.0019363762102351315,0.002,1
1126,72300,72160,140,0.0019363762102351315,0.002,1
1127,72300,72160,140,0.0019363762102351315,0.002,1
1128,72300,72160,140,0.0019363762102351315,0.002,1
1129,72300,72160,140,0.0019363762102351315,0.002,1
1130,72300,72160,140,0.0019363762102351315,0.002,1
1131,72300,72160,140,0.0019363762102351315,0.002,1
1132,72300,72160,140,0.0019363762102351315,0.002,1
1133,72300,72160,140,0.0019363762102351315,0.002,1
1134,72300,72160,140,0.0019363762102351315,0.002,1
1135,72300,72160,140,0.0019363762102351315,0.002,1
1136,72300,72160,140,0.0019363762102351315,0.002,1
1137,72300,72160,140,0.0019363762102351315,0.002,1
1138,72300,72160,140,0.0019363762102351315,0.002,1
1139,72300,72160,140,0.0019363762102351315,0.002,1
1140,72300,72160,140,0.0019363762102351315,0.002,1
1141,72300,72160,140,0.0019363762102351315,0.002,1
1142,72300,72160,140,0.0019363762102351315,0.002,1
1143,72300,72160,140,0.0019363762102351315,0.002,1
1144,72300,72160,140,0.0019363762102351315,0.002,1
1145,72300,72160,140,0.0019363762102351315,0.002,1
1146,72300,72160,140,0.0019363762102351315,0.002,1
1147,72300,72160,140,0.0019363762102351315,0.002,1
1148,72300,72160,140,0.0019363762102351315,0.002,1
1149,72300,72160,140,0.0019363762102351315,0.002,1
1150,72300,72160,140,0.0019363762102351315,0.002,1
1151,72300,72160,140,0.0019363762102351315,0.002,1
1152,72300,72160,140,0.0019363762102351315,0.002,1
1153,72300,72160,140,0.0019363762102351315,0.002,1
1154,72300,72160,140,0.0019363762102351315,0.002,1
1155,72300,72160,140,0.0019363762102351315,0.002,1
1156,72300,72160,140,0.0019363762102351315,0.002,1
1157,72300,72160,140,0.0019363762102351315,0.002,1
1158,72300,72160,140,0.0019363762102351315,0.002,1
1159,72300,72160,140,0.0019363762102351315,0.002,1
1160,72300,72160,140,0.0019363762102351315,0.002,1
1161,72300,72160,140,0.0019363762102351315,0.002,1
1162,72300,72160,140,0.0019363762102351315,0.002,1
1163,72300,72160,140,0.0019363762102351315,0.002,1
1164,72300,72160,140,0.0019363762102351315,0.002,1
1165,72300,72160,140,0.0019363762102351315,0.002,1
1166,72300,72160,140,0.0019363762102351315,0.002,1
1167,72300,72160,140,0.0019363762102351315,0.002,1
1168,72300,72160,140,0.0019363762102351315,0.002,1
1169,72300,72160,140,0.0019363762102351315,0.002,1
1170,72300,72160,140,0.0019363762102351315,0.002,1
1171,72300,72160,140,0.0019363762102351315,0.002,1
1172,72300,72160,140,0.0019363762102351315,0.002,1
1173,72300,72160,140,0.0019363762102351315,0.002,1
1174,72300,72160,140,0.0019363762102351315,0.002,1
1175,72300,72160,140,0.0019363762102351315,0.002,1
1176,72300,72160,140,0.0019363762102351315,0.002,1
1177,72300,72160,140,0.0019363762102351315,0.002,1
1178,72300,72160,140,0.0019363762102351315,0.002,1
1179,72300,72160,140,0.0019363762102351315,0.002,1
1180,72300,72160,140,0.0019363762102351315,0.002,1
1181,72300,72160,140,0.0019363762102351315,0.002,1
1182,72300,72160,140,0.0019363762102351315,0.002,1
1183,72300,72160,140,0.0019363762102351315,0.002,1
1184,72300,72160,140,0.0019363762102351315,0.002,1
1185,72300,72160,140,0.0019363762102351315,0.002,1
1186,72300,72160,140,0.0019363762102351315,0.002,1
1187,72300,72160,140,0.0019363762102351315,0.002,1
1188,72300,72160,140,0.0019363762102351315,0.002,1
1189,72300,72160,140,0.0019363762102351315,0.002,1
1190,72300,72160,140,0.0019363762102351315,0.002,1
1191,72300,72160,140,0.0019363762102351315,0.002,1
1192,72300,72160,140,0.0019363762102351315,0.002,1
1193,72300,72160,140,0.0019363762102351315,0.002,1
1194,72300,72160,140,0.0019363762102351315,0.002,1
1195,72300,72160,140,0.0019363762102351315,0.002,1
1196,72300,72160,140,0.0019363762102351315,0.002,1
1197,72300,72160,140,0.0019363762102351315,0.002,1
1198,72300,72160,140,0.0019363762102351315,0.002,1
1199,72300,72160,140,0.0019363762102351315,0.002,1
1200,72300,72160,140,0.0019363762102351315,0.002,1
1201,72300,72160,140,0.0019363762102351315,0.002,1
1202,72300,72160,140,0.0019363762102351315,0.002,1
1203,72300,72160,140,0.0019363762102351315,0.002,1
1204,72300,72160,140,0.0019363762102351315,0.002,1
1205,72300,72160,140,0.0019363762102351315,0.002,1
1206,72300,72160,140,0.0019363762102351315,0.002,1
1207,72300,72160,140,0.0019363762102351315,0.002,1
1208,72300,72160,140,0.0019363762102351315,0.002,1
1209,72300,72160,140,0.0019363762102351315,0.002,1
1210,72300,72160,140,0.0019363762102351315,0.002,1
1211,72300,72160,140,0.0019363762102351315,0.002,1
1212,72300,72160,140,0.0019363762102351315,0.002,1
1213,72300,72160,140,0.0019363762102351315,0.002,1
1214,72300,72160,140,0.0019363762102351315,0.002,1
1215,72300,72160,140,0.0019363762102351315,0.002,1
1216,72300,72160,140,0.0019363762102351315,0.002,1
1217,72300,72160,140,0.0019363762102351315,0.002,1
1218,72300,72160,140,0.0019363762102351315,0.002,1
1219,72300,72160,140,0.0019363762102351315,0.002,1
1220,72300,72160,140,0.0019363762102351315,0.002,1
1221,72300,72160,140,0.0019363762102351315,0.002,1
1222,72300,72160,140,0.0019363762102351315,0.002,1
1223,72300,72160,140,0.0019363762102351315,0.002,1
1224,72300,72160,140,0.0019363762102351315,0.002,1
1225,72300,72160,140,0.0019363762102351315,0.002,1
1226,72300,72160,140,0.0019363762102351315,0.002,1
1227,72300,72160,140,0.0019363762102351315,0.002,1
1228,72300,72160,140,0.0019363762102351315,0.002,1
1229,72300,72160,140,0.0019363762102351315,0.002,1
1230,72300,72160,140,0.0019363762102351315,0.002,1
1231,72300,72160,140,0.0019363762102351315,0.002,1
1232,72300,72160,140,0.0019363762102351315,0.002,1
1233,72300,72160,140,0.0019363762102351315,0.002,1
1234,72300,72160,140,0.0019363762102351315,0.002,1
1235,72300,72160,140,0.0019363762102351315,0.002,1
1236,72300,72160,140,0.0019363762102351315,0.002,1
1237,72300,72160,140,0.0019363762102351315,0.002,1
1238,72300,72160,140,0.0019363762102351315,0.002,1
1239,72300,72160,140,0.0019363762102351315,0.002,1
1240,72300,72160,140,0.0019363762102351315,0.002,1
1241,72300,72160,140,0.0019363762102351315,0.002,1
1242,72300,72160,140,0.0019363762102351315,0.002,1
1243,72300,72160,140,0.0019363762102351315,0.002,1
1244,72300,72160,140,0.0019363762102351315,0.002,1
1245,72300,72160,140,0.0019363762102351315,0.002,1
1246,72300,72160,140,0.0019363762102351315,0.002,1
1247,72300,72160,140,0.0019363762102351315,0.002,1
1248,72300,72160,140,0.0019363762102351315,0.002,1
1249,72300,72160,140,0.0019363762102351315,0.002,1
1250,72300,72160,140,0.0019363762102351315,0.002,1
1251,72300,72160,140,0.0019363762102351315,0.002,1
1252,72300,72160,140,0.0019363762102351315,0.002,1
1253,72300,72160,140,0.0019363762102351315,0.002,1
1254,72300,72160,140,0.0019363762102351315,0.002,1
1255,72300,72160,140,0.0019363762102351315,0.002,1
1256,72300,72160,140,0.0019363762102351315,0.002,1
1257,72300,72160,140,0.0019363762102351315,0.002,1
1258,72300,72160,140,0.0019363762102351315,0.002,1
1259,72300,72160,140,0.0019363762102351315,0.002,1
1260,72300,72160,140,0.0019363762102351315,0.002,1
1261,72300,72160,140,0.0019363762102351315,0.002,1
1262,72300,72160,140,0.0019363762102351315,0.002,1
1263,72300,72160,140,0.0019363762102351315,0.002,1
1264,72300,72160,140,0.0019363762102351315,0.002,1
1265,72300,72160,140,0.0019363762102351315,0.002,1
1266,72300,72160,140,0.0019363762102351315,0.002,1
1267,72300,72160,140,0.0019363762102351315,0.002,1
1268,72300,72160,140,0.0019363762102351315,0.002,1
1269,72300,72160,140,0.0019363762102351315,0.002,1
1270,72300,72160,140,0.0019363762102351315,0.002,1
1271,72300,72160,140,0.0019363762102351315,0.002,1
1272,72300,72160,140,0.0019363762102351315,0.002,1
1273,72300,72160,140,0.0019363762102351315,0.002,1
1274,72300,72160,140,0.0019363762102351315,0.002,1
1275,72300,72160,140,0.0019363762102351315,0.002,1
1276,72300,72160,140,0.0019363762102351315,0.002,1
1277,72300,72160,140,0.0019363762102351315,0.002,1
1278,72300,72160,140,0.0019363762102351315,0.002,1
1279,72300,72160,140,0.0019363762102351315,0.002,1
1280,72300,72160,140,0.0019363762102351315,0.002,1
1281,72300,72160,140,0.0019363762102351315,0.002,1
1282,72300,72160,140,0.0019363762102351315,0.002,1
1283,72300,72160,140,0.0019363762102351315,0.002,1
1284,72300,72160,140,0.0019363762102351315,0.002,1
1285,72300,72160,140,0.0019363762102351315,0.002,1
1286,72300,72160,140,0.0019363762102351315,0.002,1
1287,72300,72160,140,0.0019363762102351315,0.002,1
1288,72300,72160,140,0.0019363762102351315,0.002,1
1289,72300,72160,140,0.0019363762102351315,0.002,1
1290,72300,72160,140,0.0019363762102351315,0.002,1
1291,72300,72160,140,0.0019363762102351315,0.002,1
1292,72300,72160,140,0.0019363762102351315,0.002,1
1293,72300,72160,140,0.0019363762102351315,0.002,1
1294,72300,72160,140,0.0019363762102351315,0.002,1
1295,72300,72160,140,0.0019363762102351315,0.002,1
1296,72300,72160,140,0.0019363762102351315,0.002,1
1297,72300,72160,140,0.0019363762102351315,0.002,1
1298,72300,72160,140,0.0019363762102351315,0.002,1
1299,72300,72160,140,0.0019363762102351315,0.002,1
1300,72300,72160,140,0.0019363762102351315,0.002,1
1301,72300,72160,140,0.0019363762102351315,0.002,1
1302,72300,72160,140,0.0019363762102351315,0.002,1
1303,72300,72160,140,0.0019363762102351315,0.002,1
1304,72300,72160,140,0.0019363762102351315,0.002,1
1305,72300,72160,140,0.0019363762102351315,0.002,1
1306,72300,72160,140,0.0019363762102351315,0.002,1
1307,72300,72160,140,0.0019363762102351315,0.002,1
1308,72300,72160,140,0.0019363762102351315,0.002,1
1309,72300,72160,140,0.0019363762102351315,0.002,1
1310,72300,72160,140,0.0019363762102351315,0.002,1
1311,72300,72160,140,0.0019363762102351315,0.002,1
1312,72300,72160,140,0.0019363762102351315,0.002,1
1313,72300,72160,140,0.0019363762102351315,0.002,1
1314,72300,72160,140,0.0019363762102351315,0.002,1
1315,72300,72160,140,0.0019363762102351315,0.002,1
1316,72300,72160,140,0.0019363762102351315,0.002,1
1317,72300,72160,140,0.0019363762102351315,0.002,1
1318,72300,72160,140,0.0019363762102351315,0.002,1
1319,72300,72160,140,0.0019363762102351315,0.002,1
1320,72300,72160,140,0.0019363762102351315,0.002,1
1321,72300,72160,140,0.0019363762102351315,0.002,1
1322,72300,72160,140,0.0019363762102351315,0.002,1
1323,72300,72160,140,0.0019363762102351315,0.002,1
1324,72300,72160,140,0.0019363762102351315,0.002,1
1325,72300,72160,140,0.0019363762102351315,0.002,1
1326,72300,72160,140,0.0019363762102351315,0.002,1
1327,72300,72160,140,0.0019363762102351315,0.002,1
1328,72300,72160,140,0.0019363762102351315,0.002,1
1329,72300,72160,140,0.0019363762102351315,0.002,1
1330,72300,72160,140,0.0019363762102351315,0.002,1
1331,72300,72160,140,0.0019363762102351315,0.002,1
1332,72300,72160,140,0.0019363762102351315,0.002,1
1333,72300,72160,140,0.0019363762102351315,0.002,1
1334,72300,72160,140,0.0019363762102351315,0.002,1
1335,72300,72160,140,0.0019363762102351315,0.002,1
1336,72300,72160,140,0.0019363762102351315,0.002,1
1337,72300,72160,140,0.0019363762102351315,0.002,1
1338,72300,72160,140,0.0019363762102351315,0.002,1
1339,72300,72160,140,0.0019363762102351315,0.002,1
1340,72300,72160,140,0.0019363762102351315,0.002,1
1341,72300,72160,140,0.0019363762102351315,0.002,1
1342,72300,72160,140,0.0019363762102351315,0.002,1
1343,72300,72160,140,0.0019363762102351315,0.002,1
1344,72300,72160,140,0.0019363762102351315,0.002,1
1345,72300,72160,140,0.0019363762102351315,0.002,1
1346,72300,72160,140,0.0019363762102351315,0.002,1
1347,72300,72160,140,0.0019363762102351315,0.002,1
1348,72300,72160,140,0.0019363762102351315,0.002,1
1349,72300,72160,140,0.0019363762102351315,0.002,1
1350,72300,72160,140,0.0019363762102351315,0.002,1
1351,72300,72160,140,0.0019363762102351315,0.002,1
1352,72300,72160,140,0.0019363762102351315,0.002,1
1353,72300,72160,140,0.0019363762102351315,0.002,1
1354,72300,72160,140,0.0019363762102351315,0.002,1
1355,72300,72160,140,0.0019363762102351315,0.002,1
1356,72300,72160,140,0.0019363762102351315,0.002,1
1357,72300,72160,140,0.0019363762102351315,0.002,1
1358,72300,72160,140,0.0019363762102351315,0.002,1
1359,72300,72160,140,0.0019363762102351315,0.002,1
1360,72300,72160,140,0.0019363762102351315,0.002,1
1361,72300,72160,140,0.0019363762102351315,0.002,1
1362,72300,72160,140,0.0019363762102351315,0.002,1
1363,72300,72160,140,0.0019363762102351315,0.002,1
1364,72300,72160,140,0.0019363762102351315,0.002,1
1365,72300,72160,140,0.0019363762102351315,0.002,1
1366,72300,72160,140,0.0019363762102351315,0.002,1
1367,72300,72160,140,0.0019363762102351315,0.002,1
1368,72300,72160,140,0.0019363762102351315,0.002,1
1369,72300,72160,140,0.0019363762102351315,0.002,1
1370,72300,72160,140,0.0019363762102351315,0.002,1
1371,72300,72160,140,0.0019363762102351315,0.002,1
1372,72300,72160,140,0.0019363762102351315,0.002,1
1373,72300,72160,140,0.0019363762102351315,0.002,1
1374,72300,72160,140,0.0019363762102351315,0.002,1
1375,72300,72160,140,0.0019363762102351315,0.002,1
1376,72300,72160,140,0.0019363762102351315,0.002,1
1377,72300,72160,140,0.0019363762102351315,0.002,1
1378,72300,72160,140,0.0019363762102351315,0.002,1
1379,72300,72160,140,0.0019363762102351315,0.002,1
1380,72300,72160,140,0.0019363762102351315,0.002,1
1381,72300,72160,140,0.0019363762102351315,0.002,1
1382,72300,72160,140,0.0019363762102351315,0.002,1
1383,72300,72160,140,0.0019363762102351315,0.002,1
1384,72300,72160,140,0.0019363762102351315,0.002,1
1385,72300,72160,140,0.0019363762102351315,0.002,1
1386,72300,72160,140,0.0019363762102351315,0.002,1
1387,72300,72160,140,0.0019363762102351315,0.002,1
1388,72300,72160,140,0.0019363762102351315,0.002,1
1389,72300,72160,140,0.0019363762102351315,0.002,1
1390,72300,72160,140,0.0019363762102351315,0.002,1
1391,72300,72160,140,0.0019363762102351315,0.002,1
1392,72300,72160,140,0.0019363762102351315,0.002,1
1393,72300,72160,140,0.0019363762102351315,0.002,1
1394,72300,72160,140,0.0019363762102351315,0.002,1
1395,72300,72160,140,0.0019363762102351315,0.002,1
1396,72300,72160,140,0.0019363762102351315,0.002,1
1397,72300,72160,140,0.0019363762102351315,0.002,1
1398,72300,72160,140,0.0019363762102351315,0.002,1
1399,72300,72160,140,0.0019363762102351315,0.002,1
1400,72300,72160,140,0.0019363762102351315,0.002,1
1401,72300,72160,140,0.0019363762102351315,0.002,1
1402,72300,72160,140,0.0019363762102351315,0.002,1
1403,72300,72160,140,0.0019363762102351315,0.002,1
1404,72300,72160,140,0.0019363762102351315,0.002,1
1405,72300,72160,140,0.0019363762102351315,0.002,1
1406,72300,72160,140,0.0019363762102351315,0.002,1
1407,72300,72160,140,0.0019363762102351315,0.002,1
1408,72300,72160,140,0.0019363762102351315,0.002,1
1409,72300,72160,140,0.0019363762102351315,0.002,1
1410,72300,72160,140,0.0019363762102351315,0.002,1
1411,72300,72160,140,0.0019363762102351315,0.002,1
1412,72300,72160,140,0.0019363762102351315,0.002,1
1413,72300,72160,140,0.0019363762102351315,0.002,1
1414,72300,72160,140,0.0019363762102351315,0.002,1
1415,72300,72160,140,0.0019363762102351315,0.002,1
1416,72300,72160,140,0.0019363762102351315,0.002,1
1417,72300,72160,140,0.0019363762102351315,0.002,1
1418,72300,72160,140,0.0019363762102351315,0.002,1
1419,72300,72160,140,0.0019363762102351315,0.002,1
1420,72300,72160,140,0.0019363762102351315,0.002,1
1421,72300,72160,140,0.0019363762102351315,0.002,1
1422,72300,72160,140,0.0019363762102351315,0.002,1
1423,72300,72160,140,0.0019363762102351315,0.002,1
1424,72300,72160,140,0.0019363762102351315,0.002,1
1425,72300,72160,140,0.0019363762102351315,0.002,1
1426,72300,72160,140,0.0019363762102351315,0.002,1
1427,72300,72160,140,0.0019363762102351315,0.002,1
1428,72300,72160,140,0.0019363762102351315,0.002,1
1429,72300,72160,140,0.0019363762102351315,0.002,1
1430,72300,72160,140,0.0019363762102351315,0.002,1
1431,72300,72160,140,0.0019363762102351315,0.002,1
1432,72300,72160,140,0.0019363762102351315,0.002,1
1433,72300,72160,140,0.0019363762102351315,0.002,1
1434,72300,72160,140,0.0019363762102351315,0.002,1
1435,72300,72160,140,0.0019363762102351315,0.002,1
1436,72300,72160,140,0.0019363762102351315,0.002,1
1437,72300,72160,140,0.0019363762102351315,0.002,1
1438,72300,72160,140,0.0019363762102351315,0.002,1
1439,72300,72160,140,0.0019363762102351315,0.002,1
1440,72300,72160,140,0.0019363762102351315,0.002,1
1441,72300,72160,140,0.0019363762102351315,0.002,1
1442,72300,72160,140,0.0019363762102351315,0.002,1
1443,72300,72160,140,0.0019363762102351315,0.002,1
1444,72300,72160,140,0.0019363762102351315,0.002,1
1445,72300,72160,140,0.0019363762102351315,0.002,1
1446,72300,72160,140,0.0019363762102351315,0.002,1
1447,72300,72160,140,0.0019363762102351315,0.002,1
1448,72300,72160,140,0.0019363762102351315,0.002,1
1449,72300,72160,140,0.0019363762102351315,0.002,1
1450,72300,72160,140,0.0019363762102351315,0.002,1
1451,72300,72160,140,0.0019363762102351315,0.002,1
1452,72300,72160,140,0.0019363762102351315,0.002,1
1453,72300,72160,140,0.0019363762102351315,0.002,1
1454,72300,72160,140,0.0019363762102351315,0.002,1
1455,72300,72160,140,0.0019363762102351315,0.002,1
1456,72300,72160,140,0.0019363762102351315,0.002,1
1457,72300,72160,140,0.0019363762102351315,0.002,1
1458,72300,72160,140,0.0019363762102351315,0.002,1
1459,72300,72160,140,0.0019363762102351315,0.002,1
1460,72300,72160,140,0.0019363762102351315,0.002,1
1461,72300,72160,140,0.0019363762102351315,0.002,1
1462,72300,72160,140,0.0019363762102351315,0.002,1
1463,72300,72160,140,0.0019363762102351315,0.002,1
1464,72300,72160,140,0.0019363762102351315,0.002,1
1465,72300,72160,140,0.0019363762102351315,0.002,1
1466,72300,72160,140,0.0019363762102351315,0.002,1
1467,72300,72160,140,0.0019363762102351315,0.002,1
1468,72300,72160,140,0.0019363762102351315,0.002,1
1469,72300,72160,140,0.0019363762102351315,0.002,1
1470,72300,72160,140,0.0019363762102351315,0.002,1
1471,72300,72160,140,0.0019363762102351315,0.002,1
1472,72300,72160,140,0.0019363762102351315,0.002,1
1473,72300,72160,140,0.0019363762102351315,0.002,1
1474,72300,72160,140,0.0019363762102351315,0.002,1
1475,72300,72160,140,0.0019363762102351315,0.002,1
1476,72300,72160,140,0.0019363762102351315,0.002,1
1477,72300,72160,140,0.0019363762102351315,0.002,1
1478,72300,72160,140,0.0019363762102351315,0.002,1
1479,72300,72160,140,0.0019363762102351315,0.002,1
1480,72300,72160,140,0.0019363762102351315,0.002,1
1481,72300,72160,140,0.0019363762102351315,0.002,1
1482,72300,72160,140,0.0019363762102351315,0.002,1
1483,72300,72160,140,0.0019363762102351315,0.002,1
1484,72300,72160,140,0.0019363762102351315,0.002,1
1485,72300,72160,140,0.0019363762102351315,0.002,1
1486,72300,72160,140,0.0019363762102351315,0.002,1
1487,72300,72160,140,0.0019363762102351315,0.002,1
1488,72300,72160,140,0.0019363762102351315,0.002,1
1489,72300,72160,140,0.0019363762102351315,0.002,1
1490,72300,72160,140,0.0019363762102351315,0.002,1
1491,72300,72160,140,0.0019363762102351315,0.002,1
1492,72300,72160,140,0.0019363762102351315,0.002,1
1493,72300,72160,140,0.0019363762102351315,0.002,1
1494,72300,72160,140,0.0019363762102351315,0.002,1
1495,72300,72160,140,0.0019363762102351315,0.002,1
1496,72300,72160,140,0.0019363762102351315,0.002,1
1497,72300,72160,140,0.0019363762102351315,0.002,1
1498,72300,72160,140,0.0019363762102351315,0.002,1
1499,72300,72160,140,0.0019363762102351315,0.002,1
1500,72300,72160,140,0.0019363762102351315,0.002,1
1501,72300,72160,140,0.0019363762102351315,0.002,1
1502,72300,72160,140,0.0019363762102351315,0.002,1
1503,72300,72160,140,0.0019363762102351315,0.002,1
1504,72300,72160,140,0.0019363762102351315,0.002,1
1505,72300,72160,140,0.0019363762102351315,0.002,1
1506,72300,72160,140,0.0019363762102351315,0.002,1
1507,72300,72160,140,0.0019363762102351315,0.002,1
1508,72300,72160,140,0.0019363762102351315,0.002,1
1509,72300,72160,140,0.0019363762102351315,0.002,1
1510,72300,72160,140,0.0019363762102351315,0.002,1
1511,72300,72160,140,0.0019363762102351315,0.002,1
1512,72300,72160,140,0.0019363762102351315,0.002,1
1513,72300,72160,140,0.0019363762102351315,0.002,1
1514,72300,72160,140,0.0019363762102351315,0.002,1
1515,72300,72160,140,0.0019363762102351315,0.002,1
1516,72300,72160,140,0.0019363762102351315,0.002,1
1517,72300,72160,140,0.0019363762102351315,0.002,1
1518,72300,72160,140,0.0019363762102351315,0.002,1
1519,72300,72160,140,0.0019363762102351315,0.002,1
1520,72300,72160,140,0.0019363762102351315,0.002,1
1521,72300,72160,140,0.0019363762102351315,0.002,1
1522,72300,72160,140,0.0019363762102351315,0.002,1
1523,72300,72160,140,0.0019363762102351315,0.002,1
1524,72300,72160,140,0.0019363762102351315,0.002,1
1525,72300,72160,140,0.0019363762102351315,0.002,1
1526,72300,72160,140,0.0019363762102351315,0.002,1
1527,72300,72160,140,0.0019363762102351315,0.002,1
1528,72300,72160,140,0.0019363762102351315,0.002,1
1529,72300,72160,140,0.0019363762102351315,0.002,1
1530,72300,72160,140,0.0019363762102351315,0.002,1
1531,72300,72160,140,0.0019363762102351315,0.002,1
1532,72300,72160,140,0.0019363762102351315,0.002,1
1533,72300,72160,140,0.0019363762102351315,0.002,1
1534,72300,72160,140,0.0019363762102351315,0.002,1
1535,72300,72160,140,0.0019363762102351315,0.002,1
1536,72300,72160,140,0.0019363762102351315,0.002,1
1537,72300,72160,140,0.0019363762102351315,0.002,1
1538,72300,72160,140,0.0019363762102351315,0.002,1
1539,72300,72160,140,0.0019363762102351315,0.002,1
1540,72300,72160,140,0.0019363762102351315,0.002,1
1541,72300,72160,140,0.0019363762102351315,0.002,1
1542,72300,72160,140,0.0019363762102351315,0.002,1
1543,72300,72160,140,0.0019363762102351315,0.002,1
1544,72300,72160,140,0.0019363762102351315,0.002,1
1545,72300,72160,140,0.0019363762102351315,0.002,1
1546,72300,72160,140,0.0019363762102351315,0.002,1
1547,72300,72160,140,0.0019363762102351315,0.002,1
1548,72300,72160,140,0.0019363762102351315,0.002,1
1549,72300,72160,140,0.0019363762102351315,0.002,1
1550,72300,72160,140,0.0019363762102351315,0.002,1
1551,72300,72160,140,0.0019363762102351315,0.002,1
1552,72300,72160,140,0.0019363762102351315,0.002,1
1553,72300,72160,140,0.0019363762102351315,0.002,1
1554,72300,72160,140,0.0019363762102351315,0.002,1
1555,72300,72160,140,0.0019363762102351315,0.002,1
1556,72300,72160,140,0.0019363762102351315,0.002,1
1557,72300,72160,140,0.0019363762102351315,0.002,1
1558,72300,72160,140,0.0019363762102351315,0.002,1
1559,72300,72160,140,0.0019363762102351315,0.002,1
1560,72300,72160,140,0.0019363762102351315,0.002,1
1561,72300,72160,140,0.0019363762102351315,0.002,1
1562,72300,72160,140,0.0019363762102351315,0.002,1
1563,72300,72160,140,0.0019363762102351315,0.002,1
1564,72300,72160,140,0.0019363762102351315,0.002,1
1565,72300,72160,140,0.0019363762102351315,0.002,1
1566,72300,72160,140,0.0019363762102351315,0.002,1
1567,72300,72160,140,0.0019363762102351315,0.002,1
1568,72300,72160,140,0.0019363762102351315,0.002,1
1569,72300,72160,140,0.0019363762102351315,0.002,1
1570,72300,72160,140,0.0019363762102351315,0.002,1
1571,72300,72160,140,0.0019363762102351315,0.002,1
1572,72300,72160,140,0.0019363762102351315,0.002,1
1573,72300,72160,140,0.0019363762102351315,0.002,1
1574,72300,72160,140,0.0019363762102351315,0.002,1
1575,72300,72160,140,0.0019363762102351315,0.002,1
1576,72300,72160,140,0.0019363762102351315,0.002,1
1577,72300,72160,140,0.0019363762102351315,0.002,1
1578,72300,72160,140,0.0019363762102351315,0.002,1
1579,72300,72160,140,0.0019363762102351315,0.002,1
1580,72300,72160,140,0.0019363762102351315,0.002,1
1581,72300,72160,140,0.0019363762102351315,0.002,1
1582,72300,72160,140,0.0019363762102351315,0.002,1
1583,72300,72160,140,0.0019363762102351315,0.002,1
1584,72300,72160,140,0.0019363762102351315,0.002,1
1585,72300,72160,140,0.0019363762102351315,0.002,1
1586,72300,72160,140,0.0019363762102351315,0.002,1
1587,72300,72160,140,0.0019363762102351315,0.002,1
1588,72300,72160,140,0.0019363762102351315,0.002,1
1589,72300,72160,140,0.0019363762102351315,0.002,1
1590,72300,72160,140,0.0019363762102351315,0.002,1
1591,72300,72160,140,0.0019363762102351315,0.002,1
1592,72300,72160,140,0.0019363762102351315,0.002,1
1593,72300,72160,140,0.0019363762102351315,0.002,1
1594,72300,72160,140,0.0019363762102351315,0.002,1
1595,72300,72160,140,0.0019363762102351315,0.002,1
1596,72300,72160,140,0.0019363762102351315,0.002,1
1597,72300,72160,140,0.0019363762102351315,0.002,1
1598,72300,72160,140,0.0019363762102351315,0.002,1
1599,72300,72160,140,0.0019363762102351315,0.002,1
1600,72300,72160,140,0.0019363762102351315,0.002,1
1601,72300,72160,140,0.0019363762102351315,0.002,1
1602,72300,72160,140,0.0019363762102351315,0.002,1
1603,72300,72160,140,0.0019363762102351315,0.002,1
1604,72300,72160,140,0.0019363762102351315,0.002,1
1605,72300,72160,140,0.0019363762102351315,0.002,1
1606,72300,72160,140,0.0019363762102351315,0.002,1
1607,72300,72160,140,0.0019363762102351315,0.002,1
1608,72300,72160,140,0.0019363762102351315,0.002,1
1609,72300,72160,140,0.0019363762102351315,0.002,1
1610,72300,72160,140,0.0019363762102351315,0.002,1
1611,72300,72160,140,0.0019363762102351315,0.002,1
1612,72300,72160,140,0.0019363762102351315,0.002,1
1613,72300,72160,140,0.0019363762102351315,0.002,1
1614,72300,72160,140,0.0019363762102351315,0.002,1
1615,72300,72160,140,0.0019363762102351315,0.002,1
1616,72300,72160,140,0.0019363762102351315,0.002,1
1617,72300,72160,140,0.0019363762102351315,0.002,1
1618,72300,72160,140,0.0019363762102351315,0.002,1
1619,72300,72160,140,0.0019363762102351315,0.002,1
1620,72300,72160,140,0.0019363762102351315,0.002,1
1621,72300,72160,140,0.0019363762102351315,0.002,1
1622,72300,72160,140,0.0019363762102351315,0.002,1
1623,72300,72160,140,0.0019363762102351315,0.002,1
1624,72300,72160,140,0.0019363762102351315,0.002,1
1625,72300,72160,140,0.0019363762102351315,0.002,1
1626,72300,72160,140,0.0019363762102351315,0.002,1
1627,72300,72160,140,0.0019363762102351315,0.002,1
1628,72300,72160,140,0.0019363762102351315,0.002,1
1629,72300,72160,140,0.0019363762102351315,0.002,1
1630,72300,72160,140,0.0019363762102351315,0.002,1
1631,72300,72160,140,0.0019363762102351315,0.002,1
1632,72300,72160,140,0.0019363762102351315,0.002,1
1633,72300,72160,140,0.0019363762102351315,0.002,1
1634,72300,72160,140,0.0019363762102351315,0.002,1
1635,72300,72160,140,0.0019363762102351315,0.002,1
1636,72300,72160,140,0.0019363762102351315,0.002,1
1637,72300,72160,140,0.0019363762102351315,0.002,1
1638,72300,72160,140,0.0019363762102351315,0.002,1
1639,72300,72160,140,0.0019363762102351315,0.002,1
1640,72300,72160,140,0.0019363762102351315,0.002,1
1641,72300,72160,140,0.0019363762102351315,0.002,1
1642,72300,72160,140,0.0019363762102351315,0.002,1
1643,72300,72160,140,0.0019363762102351315,0.002,1
1644,72300,72160,140,0.0019363762102351315,0.002,1
1645,72300,72160,140,0.0019363762102351315,0.002,1
1646,72300,72160,140,0.0019363762102351315,0.002,1
1647,72300,72160,140,0.0019363762102351315,0.002,1
1648,72300,72160,140,0.0019363762102351315,0.002,1
1649,72300,72160,140,0.0019363762102351315,0.002,1
1650,72300,72160,140,0.0019363762102351315,0.002,1
1651,72300,72160,140,0.0019363762102351315,0.002,1
1652,72300,72160,140,0.0019363762102351315,0.002,1
1653,72300,72160,140,0.0019363762102351315,0.002,1
1654,72300,72160,140,0.0019363762102351315,0.002,1
1655,72300,72160,140,0.0019363762102351315,0.002,1
1656,72300,72160,140,0.0019363762102351315,0.002,1
1657,72300,72160,140,0.0019363762102351315,0.002,1
1658,72300,72160,140,0.0019363762102351315,0.002,1
1659,72300,72160,140,0.0019363762102351315,0.002,1
1660,72300,72160,140,0.0019363762102351315,0.002,1
1661,72300,72160,140,0.0019363762102351315,0.002,1
1662,72300,72160,140,0.0019363762102351315,0.002,1
1663,72300,72160,140,0.0019363762102351315,0.002,1
1664,72300,72160,140,0.0019363762102351315,0.002,1
1665,72300,72160,140,0.0019363762102351315,0.002,1
1666,72300,72160,140,0.0019363762102351315,0.002,1
1667,72300,72160,140,0.0019363762102351315,0.002,1
1668,72300,72160,140,0.0019363762102351315,0.002,1
1669,72300,72160,140,0.0019363762102351315,0.002,1
1670,72300,72160,140,0.0019363762102351315,0.002,1
1671,72300,72160,140,0.0019363762102351315,0.002,1
1672,72300,72160,140,0.0019363762102351315,0.002,1
1673,72300,72160,140,0.0019363762102351315,0.002,1
1674,72300,72160,140,0.0019363762102351315,0.002,1
1675,72300,72160,140,0.0019363762102351315,0.002,1
1676,72300,72160,140,0.0019363762102351315,0.002,1
1677,72300,72160,140,0.0019363762102351315,0.002,1
1678,72300,72160,140,0.0019363762102351315,0.002,1
1679,72300,72160,140,0.0019363762102351315,0.002,1
1680,72300,72160,140,0.0019363762102351315,0.002,1
1681,72300,72160,140,0.0019363762102351315,0.002,1
1682,72300,72160,140,0.0019363762102351315,0.002,1
1683,72300,72160,140,0.0019363762102351315,0.002,1
1684,72300,72160,140,0.0019363762102351315,0.002,1
1685,72300,72160,140,0.0019363762102351315,0.002,1
1686,72300,72160,140,0.0019363762102351315,0.002,1
1687,72300,72160,140,0.0019363762102351315,0.002,1
1688,72300,72160,140,0.0019363762102351315,0.002,1
1689,72300,72160,140,0.0019363762102351315,0.002,1
1690,72300,72160,140,0.0019363762102351315,0.002,1
1691,72300,72160,140,0.0019363762102351315,0.002,1
1692,72300,72160,140,0.0019363762102351315,0.002,1
1693,72300,72160,140,0.0019363762102351315,0.002,1
1694,72300,72160,140,0.0019363762102351315,0.002,1
1695,72300,72160,140,0.0019363762102351315,0.002,1
1696,72300,72160,140,0.0019363762102351315,0.002,1
1697,72300,72160,140,0.0019363762102351315,0.002,1
1698,72300,72160,140,0.0019363762102351315,0.002,1
1699,72300,72160,140,0.0019363762102351315,0.002,1
1700,72300,72160,140,0.0019363762102351315,0.002,1
1701,72300,72160,140,0.0019363762102351315,0.002,1
1702,72300,72160,140,0.0019363762102351315,0.002,1
1703,72300,72160,140,0.0019363762102351315,0.002,1
1704,72300,72160,140,0.0019363762102351315,0.002,1
1705,72300,72160,140,0.0019363762102351315,0.002,1
1706,72300,72160,140,0.0019363762102351315,0.002,1
1707,72300,72160,140,0.0019363762102351315,0.002,1
1708,72300,72160,140,0.0019363762102351315,0.002,1
1709,72300,72160,140,0.0019363762102351315,0.002,1
1710,72300,72160,140,0.0019363762102351315,0.002,1
1711,72300,72160,140,0.0019363762102351315,0.002,1
1712,72300,72160,140,0.0019363762102351315,0.002,1
1713,72300,72160,140,0.0019363762102351315,0.002,1
1714,72300,72160,140,0.0019363762102351315,0.002,1
1715,72300,72160,140,0.0019363762102351315,0.002,1
1716,72300,72160,140,0.0019363762102351315,0.002,1
1717,72300,72160,140,0.0019363762102351315,0.002,1
1718,72300,72160,140,0.0019363762102351315,0.002,1
1719,72300,72160,140,0.0019363762102351315,0.002,1
1720,72300,72160,140,0.0019363762102351315,0.002,1
1721,72300,72160,140,0.0019363762102351315,0.002,1
1722,72300,72160,140,0.0019363762102351315,0.002,1
1723,72300,72160,140,0.0019363762102351315,0.002,1
1724,72300,72160,140,0.0019363762102351315,0.002,1
1725,72300,72160,140,0.0019363762102351315,0.002,1
1726,72300,72160,140,0.0019363762102351315,0.002,1
1727,72300,72160,140,0.0019363762102351315,0.002,1
1728,72300,72160,140,0.0019363762102351315,0.002,1
1729,72300,72160,140,0.0019363762102351315,0.002,1
1730,72300,72160,140,0.0019363762102351315,0.002,1
1731,72300,72160,140,0.0019363762102351315,0.002,1
1732,72300,72160,140,0.0019363762102351315,0.002,1
1733,72300,72160,140,0.0019363762102351315,0.002,1
1734,72300,72160,140,0.0019363762102351315,0.002,1
1735,72300,72160,140,0.0019363762102351315,0.002,1
1736,72300,72160,140,0.0019363762102351315,0.002,1
1737,72300,72160,140,0.0019363762102351315,0.002,1
1738,72300,72160,140,0.0019363762102351315,0.002,1
1739,72300,72160,140,0.0019363762102351315,0.002,1
1740,72300,72160,140,0.0019363762102351315,0.002,1
1741,72300,72160,140,0.0019363762102351315,0.002,1
1742,72300,72160,140,0.0019363762102351315,0.002,1
1743,72300,72160,140,0.0019363762102351315,0.002,1
1744,72300,72160,140,0.0019363762102351315,0.002,1
1745,72300,72160,140,0.0019363762102351315,0.002,1
1746,72300,72160,140,0.0019363762102351315,0.002,1
1747,72300,72160,140,0.0019363762102351315,0.002,1
1748,72300,72160,140,0.0019363762102351315,0.002,1
1749,72300,72160,140,0.0019363762102351315,0.002,1
1750,72300,72160,140,0.0019363762102351315,0.002,1
1751,72300,72160,140,0.0019363762102351315,0.002,1
1752,72300,72160,140,0.0019363762102351315,0.002,1
1753,72300,72160,140,0.0019363762102351315,0.002,1
1754,72300,72160,140,0.0019363762102351315,0.002,1
1755,72300,72160,140,0.0019363762102351315,0.002,1
1756,72300,72160,140,0.0019363762102351315,0.002,1
1757,72300,72160,140,0.0019363762102351315,0.002,1
1758,72300,72160,140,0.0019363762102351315,0.002,1
1759,72300,72160,140,0.0019363762102351315,0.002,1
1760,72300,72160,140,0.0019363762102351315,0.002,1
1761,72300,72160,140,0.0019363762102351315,0.002,1
1762,72300,72160,140,0.0019363762102351315,0.002,1
1763,72300,72160,140,0.0019363762102351315,0.002,1
1764,72300,72160,140,0.0019363762102351315,0.002,1
1765,72300,72160,140,0.0019363762102351315,0.002,1
1766,72300,72160,140,0.0019363762102351315,0.002,1
1767,72300,72160,140,0.0019363762102351315,0.002,1
1768,72300,72160,140,0.0019363762102351315,0.002,1
1769,72300,72160,140,0.0019363762102351315,0.002,1
1770,72300,72160,140,0.0019363762102351315,0.002,1
1771,72300,72160,140,0.0019363762102351315,0.002,1
1772,72300,72160,140,0.0019363762102351315,0.002,1
1773,72300,72160,140,0.0019363762102351315,0.002,1
1774,72300,72160,140,0.0019363762102351315,0.002,1
1775,72300,72160,140,0.0019363762102351315,0.002,1
1776,72300,72160,140,0.0019363762102351315,0.002,1
1777,72300,72160,140,0.0019363762102351315,0.002,1
1778,72300,72160,140,0.0019363762102351315,0.002,1
1779,72300,72160,140,0.0019363762102351315,0.002,1
1780,72300,72160,140,0.0019363762102351315,0.002,1
1781,72300,72160,140,0.0019363762102351315,0.002,1
1782,72300,72160,140,0.0019363762102351315,0.002,1
1783,72300,72160,140,0.0019363762102351315,0.002,1
1784,72300,72160,140,0.0019363762102351315,0.002,1
1785,72300,72160,140,0.0019363762102351315,0.002,1
1786,72300,72160,140,0.0019363762102351315,0.002,1
1787,72300,72160,140,0.0019363762102351315,0.002,1
1788,72300,72160,140,0.0019363762102351315,0.002,1
1789,72300,72160,140,0.0019363762102351315,0.002,1
1790,72300,72160,140,0.0019363762102351315,0.002,1
1791,72300,72160,140,0.0019363762102351315,0.002,1
1792,72300,72160,140,0.0019363762102351315,0.002,1
1793,72300,72160,140,0.0019363762102351315,0.002,1
1794,72300,72160,140,0.0019363762102351315,0.002,1
1795,72300,72160,140,0.0019363762102351315,0.002,1
1796,72300,72160,140,0.0019363762102351315,0.002,1
1797,72300,72160,140,0.0019363762102351315,0.002,1
1798,72300,72160,140,0.0019363762102351315,0.002,1
1799,72300,72160,140,0.0019363762102351315,0.002,1
1800,72300,72160,140,0.0019363762102351315,0.002,1
1801,72300,72160,140,0.0019363762102351315,0.002,1
1802,72300,72160,140,0.0019363762102351315,0.002,1
1803,72300,72160,140,0.0019363762102351315,0.002,1
1804,72300,72160,140,0.0019363762102351315,0.002,1
1805,72300,72160,140,0.0019363762102351315,0.002,1
1806,72300,72160,140,0.0019363762102351315,0.002,1
1807,72300,72160,140,0.0019363762102351315,0.002,1
1808,72300,72160,140,0.0019363762102351315,0.002,1
1809,72300,72160,140,0.0019363762102351315,0.002,1
1810,72300,72160,140,0.0019363762102351315,0.002,1
1811,72300,72160,140,0.0019363762102351315,0.002,1
1812,72300,72160,140,0.0019363762102351315,0.002,1
1813,72300,72160,140,0.0019363762102351315,0.002,1
1814,72300,72160,140,0.0019363762102351315,0.002,1
1815,72300,72160,140,0.0019363762102351315,0.002,1
1816,72300,72160,140,0.0019363762102351315,0.002,1
1817,72300,72160,140,0.0019363762102351315,0.002,1
1818,72300,72160,140,0.0019363762102351315,0.002,1
1819,72300,72160,140,0.0019363762102351315,0.002,1
1820,72300,72160,140,0.0019363762102351315,0.002,1
1821,72300,72160,140,0.0019363762102351315,0.002,1
1822,72300,72160,140,0.0019363762102351315,0.002,1
1823,72300,72160,140,0.0019363762102351315,0.002,1
1824,72300,72160,140,0.0019363762102351315,0.002,1
1825,72300,72160,140,0.0019363762102351315,0.002,1
1826,72300,72160,140,0.0019363762102351315,0.002,1
1827,72300,72160,140,0.0019363762102351315,0.002,1
1828,72300,72160,140,0.0019363762102351315,0.002,1
1829,72300,72160,140,0.0019363762102351315,0.002,1
1830,72300,72160,140,0.0019363762102351315,0.002,1
1831,72300,72160,140,0.0019363762102351315,0.002,1
1832,72300,72160,140,0.0019363762102351315,0.002,1
1833,72300,72160,140,0.0019363762102351315,0.002,1
1834,72300,72160,140,0.0019363762102351315,0.002,1
1835,72300,72160,140,0.0019363762102351315,0.002,1
1836,72300,72160,140,0.0019363762102351315,0.002,1
1837,72300,72160,140,0.0019363762102351315,0.002,1
1838,72300,72160,140,0.0019363762102351315,0.002,1
1839,72300,72160,140,0.0019363762102351315,0.002,1
1840,72300,72160,140,0.0019363762102351315,0.002,1
1841,72300,72160,140,0.0019363762102351315,0.002,1
1842,72300,72160,140,0.0019363762102351315,0.002,1
1843,72300,72160,140,0.0019363762102351315,0.002,1
1844,72300,72160,140,0.0019363762102351315,0.002,1
1845,72300,72160,140,0.0019363762102351315,0.002,1
1846,72300,72160,140,0.0019363762102351315,0.002,1
1847,72300,72160,140,0.0019363762102351315,0.002,1
1848,72300,72160,140,0.0019363762102351315,0.002,1
1849,72300,72160,140,0.0019363762102351315,0.002,1
1850,72300,72160,140,0.0019363762102351315,0.002,1
1851,72300,72160,140,0.0019363762102351315,0.002,1
1852,72300,72160,140,0.0019363762102351315,0.002,1
1853,72300,72160,140,0.0019363762102351315,0.002,1
1854,72300,72160,140,0.0019363762102351315,0.002,1
1855,72300,72160,140,0.0019363762102351315,0.002,1
1856,72300,72160,140,0.0019363762102351315,0.002,1
1857,72300,72160,140,0.0019363762102351315,0.002,1
1858,72300,72160,140,0.0019363762102351315,0.002,1
1859,72300,72160,140,0.0019363762102351315,0.002,1
1860,72300,72160,140,0.0019363762102351315,0.002,1
1861,72300,72160,140,0.0019363762102351315,0.002,1
1862,72300,72160,140,0.0019363762102351315,0.002,1
1863,72300,72160,140,0.0019363762102351315,0.002,1
1864,72300,72160,140,0.0019363762102351315,0.002,1
1865,72300,72160,140,0.0019363762102351315,0.002,1
1866,72300,72160,140,0.0019363762102351315,0.002,1
1867,72300,72160,140,0.0019363762102351315,0.002,1
1868,72300,72160,140,0.0019363762102351315,0.002,1
1869,72300,72160,140,0.0019363762102351315,0.002,1
1870,72300,72160,140,0.0019363762102351315,0.002,1
1871,72300,72160,140,0.0019363762102351315,0.002,1
1872,72300,72160,140,0.0019363762102351315,0.002,1
1873,72300,72160,140,0.0019363762102351315,0.002,1
1874,72300,72160,140,0.0019363762102351315,0.002,1
1875,72300,72160,140,0.0019363762102351315,0.002,1
1876,72300,72160,140,0.0019363762102351315,0.002,1
1877,72300,72160,140,0.0019363762102351315,0.002,1
1878,72300,72160,140,0.0019363762102351315,0.002,1
1879,72300,72160,140,0.0019363762102351315,0.002,1
1880,72300,72160,140,0.0019363762102351315,0.002,1
1881,72300,72160,140,0.0019363762102351315,0.002,1
1882,72300,72160,140,0.0019363762102351315,0.002,1
1883,72300,72160,140,0.0019363762102351315,0.002,1
1884,72300,72160,140,0.0019363762102351315,0.002,1
1885,72300,72160,140,0.0019363762102351315,0.002,1
1886,72300,72160,140,0.0019363762102351315,0.002,1
1887,72300,72160,140,0.0019363762102351315,0.002,1
1888,72300,72160,140,0.0019363762102351315,0.002,1
1889,72300,72160,140,0.0019363762102351315,0.002,1
1890,72300,72160,140,0.0019363762102351315,0.002,1
1891,72300,72160,140,0.0019363762102351315,0.002,1
1892,72300,72160,140,0.0019363762102351315,0.002,1
1893,72300,72160,140,0.0019363762102351315,0.002,1
1894,72300,72160,140,0.0019363762102351315,0.002,1
1895,72300,72160,140,0.0019363762102351315,0.002,1
1896,72300,72160,140,0.0019363762102351315,0.002,1
1897,72300,72160,140,0.0019363762102351315,0.002,1
1898,72300,72160,140,0.0019363762102351315,0.002,1
1899,72300,72160,140,0.0019363762102351315,0.002,1
1900,72300,72160,140,0.0019363762102351315,0.002,1
1901,72300,72160,140,0.0019363762102351315,0.002,1
1902,72300,72160,140,0.0019363762102351315,0.002,1
1903,72300,72160,140,0.0019363762102351315,0.002,1
1904,72300,72160,140,0.0019363762102351315,0.002,1
1905,72300,72160,140,0.0019363762102351315,0.002,1
1906,72300,72160,140,0.0019363762102351315,0.002,1
1907,72300,72160,140,0.0019363762102351315,0.002,1
1908,72300,72160,140,0.0019363762102351315,0.002,1
1909,72300,72160,140,0.0019363762102351315,0.002,1
1910,72300,72160,140,0.0019363762102351315,0.002,1
1911,72300,72160,140,0.0019363762102351315,0.002,1
1912,72300,72160,140,0.0019363762102351315,0.002,1
1913,72300,72160,140,0.0019363762102351315,0.002,1
1914,72300,72160,140,0.0019363762102351315,0.002,1
1915,72300,72160,140,0.0019363762102351315,0.002,1
1916,72300,72160,140,0.0019363762102351315,0.002,1
1917,72300,72160,140,0.0019363762102351315,0.002,1
1918,72300,72160,140,0.0019363762102351315,0.002,1
1919,72300,72160,140,0.0019363762102351315,0.002,1
1920,72300,72160,140,0.0019363762102351315,0.002,1
1921,72300,72160,140,0.0019363762102351315,0.002,1
1922,72300,72160,140,0.0019363762102351315,0.002,1
1923,72300,72160,140,0.0019363762102351315,0.002,1
1924,72300,72160,140,0.0019363762102351315,0.002,1
1925,72300,72160,140,0.0019363762102351315,0.002,1
1926,72300,72160,140,0.0019363762102351315,0.002,1
1927,72300,72160,140,0.0019363762102351315,0.002,1
1928,72300,72160,140,0.0019363762102351315,0.002,1
1929,72300,72160,140,0.0019363762102351315,0.002,1
1930,72300,72160,140,0.0019363762102351315,0.002,1
1931,72300,72160,140,0.0019363762102351315,0.002,1
1932,72300,72160,140,0.0019363762102351315,0.002,1
1933,72300,72160,140,0.0019363762102351315,0.002,1
1934,72300,72160,140,0.0019363762102351315,0.002,1
1935,72300,72160,140,0.0019363762102351315,0.002,1
1936,72300,72160,140,0.0019363762102351315,0.002,1
1937,72300,72160,140,0.0019363762102351315,0.002,1
1938,72300,72160,140,0.0019363762102351315,0.002,1
1939,72300,72160,140,0.0019363762102351315,0.002,1
1940,72300,72160,140,0.0019363762102351315,0.002,1
1941,72300,72160,140,0.0019363762102351315,0.002,1
1942,72300,72160,140,0.0019363762102351315,0.002,1
1943,72300,72160,140,0.0019363762102351315,0.002,1
1944,72300,72160,140,0.0019363762102351315,0.002,1
1945,72300,72160,140,0.0019363762102351315,0.002,1
1946,72300,72160,140,0.0019363762102351315,0.002,1
1947,72300,72160,140,0.0019363762102351315,0.002,1
1948,72300,72160,140,0.0019363762102351315,0.002,1
1949,72300,72160,140,0.0019363762102351315,0.002,1
1950,72300,72160,140,0.0019363762102351315,0.002,1
1951,72300,72160,140,0.0019363762102351315,0.002,1
1952,72300,72160,140,0.0019363762102351315,0.002,1
1953,72300,72160,140,0.0019363762102351315,0.002,1
1954,72300,72160,140,0.0019363762102351315,0.002,1
1955,72300,72160,140,0.0019363762102351315,0.002,1
1956,72300,72160,140,0.0019363762102351315,0.002,1
1957,72300,72160,140,0.0019363762102351315,0.002,1
1958,72300,72160,140,0.0019363762102351315,0.002,1
1959,72300,72160,140,0.0019363762102351315,0.002,1
1960,72300,72160,140,0.0019363762102351315,0.002,1
1961,72300,72160,140,0.0019363762102351315,0.002,1
1962,72300,72160,140,0.0019363762102351315,0.002,1
1963,72300,72160,140,0.0019363762102351315,0.002,1
1964,72300,72160,140,0.0019363762102351315,0.002,1
1965,72300,72160,140,0.0019363762102351315,0.002,1
1966,72300,72160,140,0.0019363762102351315,0.002,1
1967,72300,72160,140,0.0019363762102351315,0.002,1
1968,72300,72160,140,0.0019363762102351315,0.002,1
1969,72300,72160,140,0.0019363762102351315,0.002,1
1970,72300,72160,140,0.0019363762102351315,0.002,1
1971,72300,72160,140,0.0019363762102351315,0.002,1
1972,72300,72160,140,0.0019363762102351315,0.002,1
1973,72300,72160,140,0.0019363762102351315,0.002,1
1974,72300,72160,140,0.0019363762102351315,0.002,1
1975,72300,72160,140,0.0019363762102351315,0.002,1
1976,72300,72160,140,0.0019363762102351315,0.002,1
1977,72300,72160,140,0.0019363762102351315,0.002,1
1978,72300,72160,140,0.0019363762102351315,0.002,1
1979,72300,72160,140,0.0019363762102351315,0.002,1
1980,72300,72160,140,0.0019363762102351315,0.002,1
1981,72300,72160,140,0.0019363762102351315,0.002,1
1982,72300,72160,140,0.0019363762102351315,0.002,1
1983,72300,72160,140,0.0019363762102351315,0.002,1
1984,72300,72160,140,0.0019363762102351315,0.002,1
1985,72300,72160,140,0.0019363762102351315,0.002,1
1986,72300,72160,140,0.0019363762102351315,0.002,1
1987,72300,72160,140,0.0019363762102351315,0.002,1
1988,72300,72160,140,0.0019363762102351315,0.002,1
1989,72300,72160,140,0.0019363762102351315,0.002,1
1990,72300,72160,140,0.0019363762102351315,0.002,1
1991,72300,72160,140,0.0019363762102351315,0.002,1
1992,72300,72160,140,0.0019363762102351315,0.002,1
1993,72300,72160,140,0.0019363762102351315,0.002,1
1994,72300,72160,140,0.0019363762102351315,0.002,1
1995,72300,72160,140,0.0019363762102351315,0.002,1
1996,72300,72160,140,0.0019363762102351315,0.002,1
1997,72300,72160,140,0.0019363762102351315,0.002,1
1998,72300,72160,140,0.0019363762102351315,0.002,1
1999,72300,72160,140,0.0019363762102351315,0.002,1
2000,72300,72160,140,0.0019363762102351315,0.002,1
