step,base-mem,mlu-mem,diff_abs,diff_relative,max_error_range,success
1,70675.5302734375,70639.5244140625,36.00585938,0.0005094529780773692,0.002,1
2,71320.64844,71252.642578125,68.00585938,0.0009535227296004631,0.002,1
3,71320.64844,71252.642578125,68.00585938,0.0009535227296004631,0.002,1
4,71320.64844,71252.642578125,68.00585938,0.0009535227296004631,0.002,1
5,71320.64844,71252.642578125,68.00585938,0.0009535227296004631,0.002,1
6,71320.64844,71252.642578125,68.00585938,0.0009535227296004631,0.002,1
7,71320.64844,71252.642578125,68.00585938,0.0009535227296004631,0.002,1
8,71320.64844,71252.642578125,68.00585938,0.0009535227296004631,0.002,1
9,71320.64844,71252.642578125,68.00585938,0.0009535227296004631,0.002,1
10,71320.64844,71252.642578125,68.00585938,0.0009535227296004631,0.002,1
11,71320.64844,71252.642578125,68.00585938,0.0009535227296004631,0.002,1
12,71320.64844,71252.642578125,68.00585938,0.0009535227296004631,0.002,1
13,71320.64844,71252.642578125,68.00585938,0.0009535227296004631,0.002,1
14,71320.64844,71252.642578125,68.00585938,0.0009535227296004631,0.002,1
15,71320.64844,71252.642578125,68.00585938,0.0009535227296004631,0.002,1
16,71320.64844,71252.642578125,68.00585938,0.0009535227296004631,0.002,1
17,71320.64844,71252.642578125,68.00585938,0.0009535227296004631,0.002,1
18,71320.64844,71252.642578125,68.00585938,0.0009535227296004631,0.002,1
19,71320.64844,71252.642578125,68.00585938,0.0009535227296004631,0.002,1
20,71320.64844,71252.642578125,68.00585938,0.0009535227296004631,0.002,1
21,71320.64844,71252.642578125,68.00585938,0.0009535227296004631,0.002,1
22,71320.64844,71252.642578125,68.00585938,0.0009535227296004631,0.002,1
23,71320.64844,71252.642578125,68.00585938,0.0009535227296004631,0.002,1
24,71320.64844,71252.642578125,68.00585938,0.0009535227296004631,0.002,1
25,71320.64844,71252.642578125,68.00585938,0.0009535227296004631,0.002,1
26,71320.64844,71252.642578125,68.00585938,0.0009535227296004631,0.002,1
27,71320.64844,71252.642578125,68.00585938,0.0009535227296004631,0.002,1
28,71320.64844,71252.642578125,68.00585938,0.0009535227296004631,0.002,1
29,71320.64844,71252.642578125,68.00585938,0.0009535227296004631,0.002,1
30,71320.64844,71252.642578125,68.00585938,0.0009535227296004631,0.002,1
31,71320.64844,71252.642578125,68.00585938,0.0009535227296004631,0.002,1
32,71320.64844,71252.642578125,68.00585938,0.0009535227296004631,0.002,1
33,71320.64844,71252.642578125,68.00585938,0.0009535227296004631,0.002,1
34,71320.64844,71252.642578125,68.00585938,0.0009535227296004631,0.002,1
35,71320.64844,71252.642578125,68.00585938,0.0009535227296004631,0.002,1
36,71320.64844,71252.642578125,68.00585938,0.0009535227296004631,0.002,1
37,71320.64844,71252.642578125,68.00585938,0.0009535227296004631,0.002,1
38,71320.64844,71252.642578125,68.00585938,0.0009535227296004631,0.002,1
39,71320.64844,71252.642578125,68.00585938,0.0009535227296004631,0.002,1
40,71320.64844,71252.642578125,68.00585938,0.0009535227296004631,0.002,1
41,71320.64844,71252.642578125,68.00585938,0.0009535227296004631,0.002,1
42,71320.64844,71252.642578125,68.00585938,0.0009535227296004631,0.002,1
43,71320.64844,71252.642578125,68.00585938,0.0009535227296004631,0.002,1
44,71320.64844,71252.642578125,68.00585938,0.0009535227296004631,0.002,1
45,71320.64844,71252.642578125,68.00585938,0.0009535227296004631,0.002,1
46,71320.64844,71252.642578125,68.00585938,0.0009535227296004631,0.002,1
47,71320.64844,71252.642578125,68.00585938,0.0009535227296004631,0.002,1
48,71320.64844,71252.642578125,68.00585938,0.0009535227296004631,0.002,1
49,71320.64844,71252.642578125,68.00585938,0.0009535227296004631,0.002,1
50,71320.64844,71252.642578125,68.00585938,0.0009535227296004631,0.002,1
51,71320.64844,71252.642578125,68.00585938,0.0009535227296004631,0.002,1
52,71320.64844,71252.642578125,68.00585938,0.0009535227296004631,0.002,1
53,71320.64844,71252.642578125,68.00585938,0.0009535227296004631,0.002,1
54,71320.64844,71252.642578125,68.00585938,0.0009535227296004631,0.002,1
55,71320.64844,71252.642578125,68.00585938,0.0009535227296004631,0.002,1
56,71320.64844,71252.642578125,68.00585938,0.0009535227296004631,0.002,1
57,71320.64844,71252.642578125,68.00585938,0.0009535227296004631,0.002,1
58,71320.64844,71252.642578125,68.00585938,0.0009535227296004631,0.002,1
59,71320.64844,71252.642578125,68.00585938,0.0009535227296004631,0.002,1
60,71320.64844,71252.642578125,68.00585938,0.0009535227296004631,0.002,1
61,71320.64844,71252.642578125,68.00585938,0.0009535227296004631,0.002,1
62,71320.64844,71252.642578125,68.00585938,0.0009535227296004631,0.002,1
63,71320.64844,71252.642578125,68.00585938,0.0009535227296004631,0.002,1
64,71320.64844,71252.642578125,68.00585938,0.0009535227296004631,0.002,1
65,71320.64844,71252.642578125,68.00585938,0.0009535227296004631,0.002,1
66,71320.64844,71252.642578125,68.00585938,0.0009535227296004631,0.002,1
67,71320.64844,71252.642578125,68.00585938,0.0009535227296004631,0.002,1
68,71320.64844,71252.642578125,68.00585938,0.0009535227296004631,0.002,1
69,71320.64844,71252.642578125,68.00585938,0.0009535227296004631,0.002,1
70,71320.64844,71252.642578125,68.00585938,0.0009535227296004631,0.002,1
71,71320.64844,71252.642578125,68.00585938,0.0009535227296004631,0.002,1
72,71320.64844,71252.642578125,68.00585938,0.0009535227296004631,0.002,1
73,71320.64844,71252.642578125,68.00585938,0.0009535227296004631,0.002,1
74,71320.64844,71252.642578125,68.00585938,0.0009535227296004631,0.002,1
75,71320.64844,71252.642578125,68.00585938,0.0009535227296004631,0.002,1
76,71320.64844,71252.642578125,68.00585938,0.0009535227296004631,0.002,1
77,71320.64844,71252.642578125,68.00585938,0.0009535227296004631,0.002,1
78,71320.64844,71252.642578125,68.00585938,0.0009535227296004631,0.002,1
79,71320.64844,71252.642578125,68.00585938,0.0009535227296004631,0.002,1
80,71320.64844,71252.642578125,68.00585938,0.0009535227296004631,0.002,1
81,71320.64844,71252.642578125,68.00585938,0.0009535227296004631,0.002,1
82,71320.64844,71252.642578125,68.00585938,0.0009535227296004631,0.002,1
83,71320.64844,71252.642578125,68.00585938,0.0009535227296004631,0.002,1
84,71320.64844,71252.642578125,68.00585938,0.0009535227296004631,0.002,1
85,71320.64844,71252.642578125,68.00585938,0.0009535227296004631,0.002,1
86,71320.64844,71252.642578125,68.00585938,0.0009535227296004631,0.002,1
87,71320.64844,71252.642578125,68.00585938,0.0009535227296004631,0.002,1
88,71320.64844,71252.642578125,68.00585938,0.0009535227296004631,0.002,1
89,71320.64844,71252.642578125,68.00585938,0.0009535227296004631,0.002,1
90,71320.64844,71252.642578125,68.00585938,0.0009535227296004631,0.002,1
91,71320.64844,71252.642578125,68.00585938,0.0009535227296004631,0.002,1
92,71320.64844,71252.642578125,68.00585938,0.0009535227296004631,0.002,1
93,71320.64844,71252.642578125,68.00585938,0.0009535227296004631,0.002,1
94,71320.64844,71252.642578125,68.00585938,0.0009535227296004631,0.002,1
95,71320.64844,71252.642578125,68.00585938,0.0009535227296004631,0.002,1
96,71320.64844,71252.642578125,68.00585938,0.0009535227296004631,0.002,1
97,71320.64844,71252.642578125,68.00585938,0.0009535227296004631,0.002,1
98,71320.64844,71252.642578125,68.00585938,0.0009535227296004631,0.002,1
99,71320.64844,71252.642578125,68.00585938,0.0009535227296004631,0.002,1
100,71320.64844,71252.642578125,68.00585938,0.0009535227296004631,0.002,1
101,71320.64844,71252.642578125,68.00585938,0.0009535227296004631,0.002,1
102,71320.64844,71252.642578125,68.00585938,0.0009535227296004631,0.002,1
103,71320.64844,71252.642578125,68.00585938,0.0009535227296004631,0.002,1
104,71320.64844,71252.642578125,68.00585938,0.0009535227296004631,0.002,1
105,71320.64844,71252.642578125,68.00585938,0.0009535227296004631,0.002,1
106,71320.64844,71252.642578125,68.00585938,0.0009535227296004631,0.002,1
107,71320.64844,71252.642578125,68.00585938,0.0009535227296004631,0.002,1
108,71320.64844,71252.642578125,68.00585938,0.0009535227296004631,0.002,1
109,71320.64844,71252.642578125,68.00585938,0.0009535227296004631,0.002,1
110,71320.64844,71252.642578125,68.00585938,0.0009535227296004631,0.002,1
111,71320.64844,71252.642578125,68.00585938,0.0009535227296004631,0.002,1
112,71320.64844,71252.642578125,68.00585938,0.0009535227296004631,0.002,1
113,71320.64844,71252.642578125,68.00585938,0.0009535227296004631,0.002,1
114,71320.64844,71252.642578125,68.00585938,0.0009535227296004631,0.002,1
115,71320.64844,71252.642578125,68.00585938,0.0009535227296004631,0.002,1
116,71320.64844,71252.642578125,68.00585938,0.0009535227296004631,0.002,1
117,71320.64844,71252.642578125,68.00585938,0.0009535227296004631,0.002,1
118,71320.64844,71252.642578125,68.00585938,0.0009535227296004631,0.002,1
119,71320.64844,71252.642578125,68.00585938,0.0009535227296004631,0.002,1
120,71320.64844,71252.642578125,68.00585938,0.0009535227296004631,0.002,1
121,71320.64844,71252.642578125,68.00585938,0.0009535227296004631,0.002,1
122,71320.64844,71252.642578125,68.00585938,0.0009535227296004631,0.002,1
123,71320.64844,71252.642578125,68.00585938,0.0009535227296004631,0.002,1
124,71320.64844,71252.642578125,68.00585938,0.0009535227296004631,0.002,1
125,71320.64844,71252.642578125,68.00585938,0.0009535227296004631,0.002,1
126,71320.64844,71252.642578125,68.00585938,0.0009535227296004631,0.002,1
127,71320.64844,71252.642578125,68.00585938,0.0009535227296004631,0.002,1
128,71320.64844,71252.642578125,68.00585938,0.0009535227296004631,0.002,1
129,71320.64844,71252.642578125,68.00585938,0.0009535227296004631,0.002,1
130,71320.64844,71252.642578125,68.00585938,0.0009535227296004631,0.002,1
131,71320.64844,71252.642578125,68.00585938,0.0009535227296004631,0.002,1
132,71320.64844,71252.642578125,68.00585938,0.0009535227296004631,0.002,1
133,71320.64844,71252.642578125,68.00585938,0.0009535227296004631,0.002,1
134,71320.64844,71252.642578125,68.00585938,0.0009535227296004631,0.002,1
135,71320.64844,71252.642578125,68.00585938,0.0009535227296004631,0.002,1
136,71320.64844,71252.642578125,68.00585938,0.0009535227296004631,0.002,1
137,71320.64844,71252.642578125,68.00585938,0.0009535227296004631,0.002,1
138,71320.64844,71252.642578125,68.00585938,0.0009535227296004631,0.002,1
139,71320.64844,71252.642578125,68.00585938,0.0009535227296004631,0.002,1
140,71320.64844,71252.642578125,68.00585938,0.0009535227296004631,0.002,1
141,71320.64844,71252.642578125,68.00585938,0.0009535227296004631,0.002,1
142,71320.64844,71252.642578125,68.00585938,0.0009535227296004631,0.002,1
143,71320.64844,71252.642578125,68.00585938,0.0009535227296004631,0.002,1
144,71320.64844,71252.642578125,68.00585938,0.0009535227296004631,0.002,1
145,71320.64844,71252.642578125,68.00585938,0.0009535227296004631,0.002,1
146,71320.64844,71252.642578125,68.00585938,0.0009535227296004631,0.002,1
147,71320.64844,71252.642578125,68.00585938,0.0009535227296004631,0.002,1
148,71320.64844,71252.642578125,68.00585938,0.0009535227296004631,0.002,1
149,71320.64844,71252.642578125,68.00585938,0.0009535227296004631,0.002,1
150,71320.64844,71252.642578125,68.00585938,0.0009535227296004631,0.002,1
151,71320.64844,71252.642578125,68.00585938,0.0009535227296004631,0.002,1
152,71320.64844,71252.642578125,68.00585938,0.0009535227296004631,0.002,1
153,71320.64844,71252.642578125,68.00585938,0.0009535227296004631,0.002,1
154,71320.64844,71252.642578125,68.00585938,0.0009535227296004631,0.002,1
155,71320.64844,71252.642578125,68.00585938,0.0009535227296004631,0.002,1
156,71320.64844,71252.642578125,68.00585938,0.0009535227296004631,0.002,1
157,71320.64844,71252.642578125,68.00585938,0.0009535227296004631,0.002,1
158,71320.64844,71252.642578125,68.00585938,0.0009535227296004631,0.002,1
159,71320.64844,71252.642578125,68.00585938,0.0009535227296004631,0.002,1
160,71320.64844,71252.642578125,68.00585938,0.0009535227296004631,0.002,1
161,71320.64844,71252.642578125,68.00585938,0.0009535227296004631,0.002,1
162,71320.64844,71252.642578125,68.00585938,0.0009535227296004631,0.002,1
163,71320.64844,71252.642578125,68.00585938,0.0009535227296004631,0.002,1
164,71320.64844,71252.642578125,68.00585938,0.0009535227296004631,0.002,1
165,71320.64844,71252.642578125,68.00585938,0.0009535227296004631,0.002,1
166,71320.64844,71252.642578125,68.00585938,0.0009535227296004631,0.002,1
167,71320.64844,71252.642578125,68.00585938,0.0009535227296004631,0.002,1
168,71320.64844,71252.642578125,68.00585938,0.0009535227296004631,0.002,1
169,71320.64844,71252.642578125,68.00585938,0.0009535227296004631,0.002,1
170,71320.64844,71252.642578125,68.00585938,0.0009535227296004631,0.002,1
171,71320.64844,71252.642578125,68.00585938,0.0009535227296004631,0.002,1
172,71320.64844,71252.642578125,68.00585938,0.0009535227296004631,0.002,1
173,71320.64844,71252.642578125,68.00585938,0.0009535227296004631,0.002,1
174,71320.64844,71252.642578125,68.00585938,0.0009535227296004631,0.002,1
175,71320.64844,71252.642578125,68.00585938,0.0009535227296004631,0.002,1
176,71320.64844,71252.642578125,68.00585938,0.0009535227296004631,0.002,1
177,71320.64844,71252.642578125,68.00585938,0.0009535227296004631,0.002,1
178,71320.64844,71252.642578125,68.00585938,0.0009535227296004631,0.002,1
179,71320.64844,71252.642578125,68.00585938,0.0009535227296004631,0.002,1
180,71320.64844,71252.642578125,68.00585938,0.0009535227296004631,0.002,1
181,71320.64844,71252.642578125,68.00585938,0.0009535227296004631,0.002,1
182,71320.64844,71252.642578125,68.00585938,0.0009535227296004631,0.002,1
183,71320.64844,71252.642578125,68.00585938,0.0009535227296004631,0.002,1
184,71320.64844,71252.642578125,68.00585938,0.0009535227296004631,0.002,1
185,71320.64844,71252.642578125,68.00585938,0.0009535227296004631,0.002,1
186,71320.64844,71252.642578125,68.00585938,0.0009535227296004631,0.002,1
187,71320.64844,71252.642578125,68.00585938,0.0009535227296004631,0.002,1
188,71320.64844,71252.642578125,68.00585938,0.0009535227296004631,0.002,1
189,71320.64844,71252.642578125,68.00585938,0.0009535227296004631,0.002,1
190,71320.64844,71252.642578125,68.00585938,0.0009535227296004631,0.002,1
191,71320.64844,71252.642578125,68.00585938,0.0009535227296004631,0.002,1
192,71320.64844,71252.642578125,68.00585938,0.0009535227296004631,0.002,1
193,71320.64844,71252.642578125,68.00585938,0.0009535227296004631,0.002,1
194,71320.64844,71252.642578125,68.00585938,0.0009535227296004631,0.002,1
195,71320.64844,71252.642578125,68.00585938,0.0009535227296004631,0.002,1
196,71320.64844,71252.642578125,68.00585938,0.0009535227296004631,0.002,1
197,71320.64844,71252.642578125,68.00585938,0.0009535227296004631,0.002,1
198,71320.64844,71252.642578125,68.00585938,0.0009535227296004631,0.002,1
199,71320.64844,71252.642578125,68.00585938,0.0009535227296004631,0.002,1
200,71320.64844,71252.642578125,68.00585938,0.0009535227296004631,0.002,1
201,71320.64844,71252.642578125,68.00585938,0.0009535227296004631,0.002,1
202,71320.64844,71252.642578125,68.00585938,0.0009535227296004631,0.002,1
203,71320.64844,71252.642578125,68.00585938,0.0009535227296004631,0.002,1
204,71320.64844,71252.642578125,68.00585938,0.0009535227296004631,0.002,1
205,71320.64844,71252.642578125,68.00585938,0.0009535227296004631,0.002,1
206,71320.64844,71252.642578125,68.00585938,0.0009535227296004631,0.002,1
207,71320.64844,71252.642578125,68.00585938,0.0009535227296004631,0.002,1
208,71320.64844,71252.642578125,68.00585938,0.0009535227296004631,0.002,1
209,71320.64844,71252.642578125,68.00585938,0.0009535227296004631,0.002,1
210,71320.64844,71252.642578125,68.00585938,0.0009535227296004631,0.002,1
211,71320.64844,71252.642578125,68.00585938,0.0009535227296004631,0.002,1
212,71320.64844,71252.642578125,68.00585938,0.0009535227296004631,0.002,1
213,71320.64844,71252.642578125,68.00585938,0.0009535227296004631,0.002,1
214,71320.64844,71252.642578125,68.00585938,0.0009535227296004631,0.002,1
215,71320.64844,71252.642578125,68.00585938,0.0009535227296004631,0.002,1
216,71320.64844,71252.642578125,68.00585938,0.0009535227296004631,0.002,1
217,71320.64844,71252.642578125,68.00585938,0.0009535227296004631,0.002,1
218,71320.64844,71252.642578125,68.00585938,0.0009535227296004631,0.002,1
219,71320.64844,71252.642578125,68.00585938,0.0009535227296004631,0.002,1
220,71320.64844,71252.642578125,68.00585938,0.0009535227296004631,0.002,1
221,71320.64844,71252.642578125,68.00585938,0.0009535227296004631,0.002,1
222,71320.64844,71252.642578125,68.00585938,0.0009535227296004631,0.002,1
223,71320.64844,71252.642578125,68.00585938,0.0009535227296004631,0.002,1
224,71320.64844,71252.642578125,68.00585938,0.0009535227296004631,0.002,1
225,71320.64844,71252.642578125,68.00585938,0.0009535227296004631,0.002,1
226,71320.64844,71252.642578125,68.00585938,0.0009535227296004631,0.002,1
227,71320.64844,71252.642578125,68.00585938,0.0009535227296004631,0.002,1
228,71320.64844,71252.642578125,68.00585938,0.0009535227296004631,0.002,1
229,71320.64844,71252.642578125,68.00585938,0.0009535227296004631,0.002,1
230,71320.64844,71252.642578125,68.00585938,0.0009535227296004631,0.002,1
231,71320.64844,71252.642578125,68.00585938,0.0009535227296004631,0.002,1
232,71320.64844,71252.642578125,68.00585938,0.0009535227296004631,0.002,1
233,71320.64844,71252.642578125,68.00585938,0.0009535227296004631,0.002,1
234,71320.64844,71252.642578125,68.00585938,0.0009535227296004631,0.002,1
235,71320.64844,71252.642578125,68.00585938,0.0009535227296004631,0.002,1
236,71320.64844,71252.642578125,68.00585938,0.0009535227296004631,0.002,1
237,71320.64844,71252.642578125,68.00585938,0.0009535227296004631,0.002,1
238,71320.64844,71252.642578125,68.00585938,0.0009535227296004631,0.002,1
239,71320.64844,71252.642578125,68.00585938,0.0009535227296004631,0.002,1
240,71320.64844,71252.642578125,68.00585938,0.0009535227296004631,0.002,1
241,71320.64844,71252.642578125,68.00585938,0.0009535227296004631,0.002,1
242,71320.64844,71252.642578125,68.00585938,0.0009535227296004631,0.002,1
243,71320.64844,71252.642578125,68.00585938,0.0009535227296004631,0.002,1
244,71320.64844,71252.642578125,68.00585938,0.0009535227296004631,0.002,1
245,71320.64844,71252.642578125,68.00585938,0.0009535227296004631,0.002,1
246,71320.64844,71252.642578125,68.00585938,0.0009535227296004631,0.002,1
247,71320.64844,71252.642578125,68.00585938,0.0009535227296004631,0.002,1
248,71320.64844,71252.642578125,68.00585938,0.0009535227296004631,0.002,1
249,71320.64844,71252.642578125,68.00585938,0.0009535227296004631,0.002,1
250,71320.64844,71252.642578125,68.00585938,0.0009535227296004631,0.002,1
251,71320.64844,71252.642578125,68.00585938,0.0009535227296004631,0.002,1
252,71320.64844,71252.642578125,68.00585938,0.0009535227296004631,0.002,1
253,71320.64844,71252.642578125,68.00585938,0.0009535227296004631,0.002,1
254,71320.64844,71252.642578125,68.00585938,0.0009535227296004631,0.002,1
255,71320.64844,71252.642578125,68.00585938,0.0009535227296004631,0.002,1
256,71320.64844,71252.642578125,68.00585938,0.0009535227296004631,0.002,1
257,71320.64844,71252.642578125,68.00585938,0.0009535227296004631,0.002,1
258,71320.64844,71252.642578125,68.00585938,0.0009535227296004631,0.002,1
259,71320.64844,71252.642578125,68.00585938,0.0009535227296004631,0.002,1
260,71320.64844,71252.642578125,68.00585938,0.0009535227296004631,0.002,1
261,71320.64844,71252.642578125,68.00585938,0.0009535227296004631,0.002,1
262,71320.64844,71252.642578125,68.00585938,0.0009535227296004631,0.002,1
263,71320.64844,71252.642578125,68.00585938,0.0009535227296004631,0.002,1
264,71320.64844,71252.642578125,68.00585938,0.0009535227296004631,0.002,1
265,71320.64844,71252.642578125,68.00585938,0.0009535227296004631,0.002,1
266,71320.64844,71252.642578125,68.00585938,0.0009535227296004631,0.002,1
267,71320.64844,71252.642578125,68.00585938,0.0009535227296004631,0.002,1
268,71320.64844,71252.642578125,68.00585938,0.0009535227296004631,0.002,1
269,71320.64844,71252.642578125,68.00585938,0.0009535227296004631,0.002,1
270,71320.64844,71252.642578125,68.00585938,0.0009535227296004631,0.002,1
271,71320.64844,71252.642578125,68.00585938,0.0009535227296004631,0.002,1
272,71320.64844,71252.642578125,68.00585938,0.0009535227296004631,0.002,1
273,71320.64844,71252.642578125,68.00585938,0.0009535227296004631,0.002,1
274,71320.64844,71252.642578125,68.00585938,0.0009535227296004631,0.002,1
275,71320.64844,71252.642578125,68.00585938,0.0009535227296004631,0.002,1
276,71320.64844,71252.642578125,68.00585938,0.0009535227296004631,0.002,1
277,71320.64844,71252.642578125,68.00585938,0.0009535227296004631,0.002,1
278,71320.64844,71252.642578125,68.00585938,0.0009535227296004631,0.002,1
279,71320.64844,71252.642578125,68.00585938,0.0009535227296004631,0.002,1
280,71320.64844,71252.642578125,68.00585938,0.0009535227296004631,0.002,1
281,71320.64844,71252.642578125,68.00585938,0.0009535227296004631,0.002,1
282,71320.64844,71252.642578125,68.00585938,0.0009535227296004631,0.002,1
283,71320.64844,71252.642578125,68.00585938,0.0009535227296004631,0.002,1
284,71320.64844,71252.642578125,68.00585938,0.0009535227296004631,0.002,1
285,71320.64844,71252.642578125,68.00585938,0.0009535227296004631,0.002,1
286,71320.64844,71252.642578125,68.00585938,0.0009535227296004631,0.002,1
287,71320.64844,71252.642578125,68.00585938,0.0009535227296004631,0.002,1
288,71320.64844,71252.642578125,68.00585938,0.0009535227296004631,0.002,1
289,71320.64844,71252.642578125,68.00585938,0.0009535227296004631,0.002,1
290,71320.64844,71252.642578125,68.00585938,0.0009535227296004631,0.002,1
291,71320.64844,71252.642578125,68.00585938,0.0009535227296004631,0.002,1
292,71320.64844,71252.642578125,68.00585938,0.0009535227296004631,0.002,1
293,71320.64844,71252.642578125,68.00585938,0.0009535227296004631,0.002,1
294,71320.64844,71252.642578125,68.00585938,0.0009535227296004631,0.002,1
295,71320.64844,71252.642578125,68.00585938,0.0009535227296004631,0.002,1
296,71320.64844,71252.642578125,68.00585938,0.0009535227296004631,0.002,1
297,71320.64844,71252.642578125,68.00585938,0.0009535227296004631,0.002,1
298,71320.64844,71252.642578125,68.00585938,0.0009535227296004631,0.002,1
299,71320.64844,71252.642578125,68.00585938,0.0009535227296004631,0.002,1
300,71320.64844,71252.642578125,68.00585938,0.0009535227296004631,0.002,1
301,71320.64844,71252.642578125,68.00585938,0.0009535227296004631,0.002,1
302,71320.64844,71252.642578125,68.00585938,0.0009535227296004631,0.002,1
303,71320.64844,71252.642578125,68.00585938,0.0009535227296004631,0.002,1
304,71320.64844,71252.642578125,68.00585938,0.0009535227296004631,0.002,1
305,71320.64844,71252.642578125,68.00585938,0.0009535227296004631,0.002,1
306,71320.64844,71252.642578125,68.00585938,0.0009535227296004631,0.002,1
307,71320.64844,71252.642578125,68.00585938,0.0009535227296004631,0.002,1
308,71320.64844,71252.642578125,68.00585938,0.0009535227296004631,0.002,1
309,71320.64844,71252.642578125,68.00585938,0.0009535227296004631,0.002,1
310,71320.64844,71252.642578125,68.00585938,0.0009535227296004631,0.002,1
311,71320.64844,71252.642578125,68.00585938,0.0009535227296004631,0.002,1
312,71320.64844,71252.642578125,68.00585938,0.0009535227296004631,0.002,1
313,71320.64844,71252.642578125,68.00585938,0.0009535227296004631,0.002,1
314,71320.64844,71252.642578125,68.00585938,0.0009535227296004631,0.002,1
315,71320.64844,71252.642578125,68.00585938,0.0009535227296004631,0.002,1
316,71320.64844,71252.642578125,68.00585938,0.0009535227296004631,0.002,1
317,71320.64844,71252.642578125,68.00585938,0.0009535227296004631,0.002,1
318,71320.64844,71252.642578125,68.00585938,0.0009535227296004631,0.002,1
319,71320.64844,71252.642578125,68.00585938,0.0009535227296004631,0.002,1
320,71320.64844,71252.642578125,68.00585938,0.0009535227296004631,0.002,1
321,71320.64844,71252.642578125,68.00585938,0.0009535227296004631,0.002,1
322,71320.64844,71252.642578125,68.00585938,0.0009535227296004631,0.002,1
323,71320.64844,71252.642578125,68.00585938,0.0009535227296004631,0.002,1
324,71320.64844,71252.642578125,68.00585938,0.0009535227296004631,0.002,1
325,71320.64844,71252.642578125,68.00585938,0.0009535227296004631,0.002,1
326,71320.64844,71252.642578125,68.00585938,0.0009535227296004631,0.002,1
327,71320.64844,71252.642578125,68.00585938,0.0009535227296004631,0.002,1
328,71320.64844,71252.642578125,68.00585938,0.0009535227296004631,0.002,1
329,71320.64844,71252.642578125,68.00585938,0.0009535227296004631,0.002,1
330,71320.64844,71252.642578125,68.00585938,0.0009535227296004631,0.002,1
331,71320.64844,71252.642578125,68.00585938,0.0009535227296004631,0.002,1
332,71320.64844,71252.642578125,68.00585938,0.0009535227296004631,0.002,1
333,71320.64844,71252.642578125,68.00585938,0.0009535227296004631,0.002,1
334,71320.64844,71252.642578125,68.00585938,0.0009535227296004631,0.002,1
335,71320.64844,71252.642578125,68.00585938,0.0009535227296004631,0.002,1
336,71320.64844,71252.642578125,68.00585938,0.0009535227296004631,0.002,1
337,71320.64844,71252.642578125,68.00585938,0.0009535227296004631,0.002,1
338,71320.64844,71252.642578125,68.00585938,0.0009535227296004631,0.002,1
339,71320.64844,71252.642578125,68.00585938,0.0009535227296004631,0.002,1
340,71320.64844,71252.642578125,68.00585938,0.0009535227296004631,0.002,1
341,71320.64844,71252.642578125,68.00585938,0.0009535227296004631,0.002,1
342,71320.64844,71252.642578125,68.00585938,0.0009535227296004631,0.002,1
343,71320.64844,71252.642578125,68.00585938,0.0009535227296004631,0.002,1
344,71320.64844,71252.642578125,68.00585938,0.0009535227296004631,0.002,1
345,71320.64844,71252.642578125,68.00585938,0.0009535227296004631,0.002,1
346,71320.64844,71252.642578125,68.00585938,0.0009535227296004631,0.002,1
347,71320.64844,71252.642578125,68.00585938,0.0009535227296004631,0.002,1
348,71320.64844,71252.642578125,68.00585938,0.0009535227296004631,0.002,1
349,71320.64844,71252.642578125,68.00585938,0.0009535227296004631,0.002,1
350,71320.64844,71252.642578125,68.00585938,0.0009535227296004631,0.002,1
351,71320.64844,71252.642578125,68.00585938,0.0009535227296004631,0.002,1
352,71320.64844,71252.642578125,68.00585938,0.0009535227296004631,0.002,1
353,71320.64844,71252.642578125,68.00585938,0.0009535227296004631,0.002,1
354,71320.64844,71252.642578125,68.00585938,0.0009535227296004631,0.002,1
355,71320.64844,71252.642578125,68.00585938,0.0009535227296004631,0.002,1
356,71320.64844,71252.642578125,68.00585938,0.0009535227296004631,0.002,1
357,71320.64844,71252.642578125,68.00585938,0.0009535227296004631,0.002,1
358,71320.64844,71252.642578125,68.00585938,0.0009535227296004631,0.002,1
359,71320.64844,71252.642578125,68.00585938,0.0009535227296004631,0.002,1
360,71320.64844,71252.642578125,68.00585938,0.0009535227296004631,0.002,1
361,71320.64844,71252.642578125,68.00585938,0.0009535227296004631,0.002,1
362,71320.64844,71252.642578125,68.00585938,0.0009535227296004631,0.002,1
363,71320.64844,71252.642578125,68.00585938,0.0009535227296004631,0.002,1
364,71320.64844,71252.642578125,68.00585938,0.0009535227296004631,0.002,1
365,71320.64844,71252.642578125,68.00585938,0.0009535227296004631,0.002,1
366,71320.64844,71252.642578125,68.00585938,0.0009535227296004631,0.002,1
367,71320.64844,71252.642578125,68.00585938,0.0009535227296004631,0.002,1
368,71320.64844,71252.642578125,68.00585938,0.0009535227296004631,0.002,1
369,71320.64844,71252.642578125,68.00585938,0.0009535227296004631,0.002,1
370,71320.64844,71252.642578125,68.00585938,0.0009535227296004631,0.002,1
371,71320.64844,71252.642578125,68.00585938,0.0009535227296004631,0.002,1
372,71320.64844,71252.642578125,68.00585938,0.0009535227296004631,0.002,1
373,71320.64844,71252.642578125,68.00585938,0.0009535227296004631,0.002,1
374,71320.64844,71252.642578125,68.00585938,0.0009535227296004631,0.002,1
375,71320.64844,71252.642578125,68.00585938,0.0009535227296004631,0.002,1
376,71320.64844,71252.642578125,68.00585938,0.0009535227296004631,0.002,1
377,71320.64844,71252.642578125,68.00585938,0.0009535227296004631,0.002,1
378,71320.64844,71252.642578125,68.00585938,0.0009535227296004631,0.002,1
379,71320.64844,71252.642578125,68.00585938,0.0009535227296004631,0.002,1
380,71320.64844,71252.642578125,68.00585938,0.0009535227296004631,0.002,1
381,71320.64844,71252.642578125,68.00585938,0.0009535227296004631,0.002,1
382,71320.64844,71252.642578125,68.00585938,0.0009535227296004631,0.002,1
383,71320.64844,71252.642578125,68.00585938,0.0009535227296004631,0.002,1
384,71320.64844,71252.642578125,68.00585938,0.0009535227296004631,0.002,1
385,71320.64844,71252.642578125,68.00585938,0.0009535227296004631,0.002,1
386,71320.64844,71252.642578125,68.00585938,0.0009535227296004631,0.002,1
387,71320.64844,71252.642578125,68.00585938,0.0009535227296004631,0.002,1
388,71320.64844,71252.642578125,68.00585938,0.0009535227296004631,0.002,1
389,71320.64844,71252.642578125,68.00585938,0.0009535227296004631,0.002,1
390,71320.64844,71252.642578125,68.00585938,0.0009535227296004631,0.002,1
391,71320.64844,71252.642578125,68.00585938,0.0009535227296004631,0.002,1
392,71320.64844,71252.642578125,68.00585938,0.0009535227296004631,0.002,1
393,71320.64844,71252.642578125,68.00585938,0.0009535227296004631,0.002,1
394,71320.64844,71252.642578125,68.00585938,0.0009535227296004631,0.002,1
395,71320.64844,71252.642578125,68.00585938,0.0009535227296004631,0.002,1
396,71320.64844,71252.642578125,68.00585938,0.0009535227296004631,0.002,1
397,71320.64844,71252.642578125,68.00585938,0.0009535227296004631,0.002,1
398,71320.64844,71252.642578125,68.00585938,0.0009535227296004631,0.002,1
399,71320.64844,71252.642578125,68.00585938,0.0009535227296004631,0.002,1
400,71320.64844,71252.642578125,68.00585938,0.0009535227296004631,0.002,1
401,71320.64844,71252.642578125,68.00585938,0.0009535227296004631,0.002,1
402,71320.64844,71252.642578125,68.00585938,0.0009535227296004631,0.002,1
403,71320.64844,71252.642578125,68.00585938,0.0009535227296004631,0.002,1
404,71320.64844,71252.642578125,68.00585938,0.0009535227296004631,0.002,1
405,71320.64844,71252.642578125,68.00585938,0.0009535227296004631,0.002,1
406,71320.64844,71252.642578125,68.00585938,0.0009535227296004631,0.002,1
407,71320.64844,71252.642578125,68.00585938,0.0009535227296004631,0.002,1
408,71320.64844,71252.642578125,68.00585938,0.0009535227296004631,0.002,1
409,71320.64844,71252.642578125,68.00585938,0.0009535227296004631,0.002,1
410,71320.64844,71252.642578125,68.00585938,0.0009535227296004631,0.002,1
411,71320.64844,71252.642578125,68.00585938,0.0009535227296004631,0.002,1
412,71320.64844,71252.642578125,68.00585938,0.0009535227296004631,0.002,1
413,71320.64844,71252.642578125,68.00585938,0.0009535227296004631,0.002,1
414,71320.64844,71252.642578125,68.00585938,0.0009535227296004631,0.002,1
415,71320.64844,71252.642578125,68.00585938,0.0009535227296004631,0.002,1
416,71320.64844,71252.642578125,68.00585938,0.0009535227296004631,0.002,1
417,71320.64844,71252.642578125,68.00585938,0.0009535227296004631,0.002,1
418,71320.64844,71252.642578125,68.00585938,0.0009535227296004631,0.002,1
419,71320.64844,71252.642578125,68.00585938,0.0009535227296004631,0.002,1
420,71320.64844,71252.642578125,68.00585938,0.0009535227296004631,0.002,1
421,71320.64844,71252.642578125,68.00585938,0.0009535227296004631,0.002,1
422,71320.64844,71252.642578125,68.00585938,0.0009535227296004631,0.002,1
423,71320.64844,71252.642578125,68.00585938,0.0009535227296004631,0.002,1
424,71320.64844,71252.642578125,68.00585938,0.0009535227296004631,0.002,1
425,71320.64844,71252.642578125,68.00585938,0.0009535227296004631,0.002,1
426,71320.64844,71252.642578125,68.00585938,0.0009535227296004631,0.002,1
427,71320.64844,71252.642578125,68.00585938,0.0009535227296004631,0.002,1
428,71320.64844,71252.642578125,68.00585938,0.0009535227296004631,0.002,1
429,71320.64844,71252.642578125,68.00585938,0.0009535227296004631,0.002,1
430,71320.64844,71252.642578125,68.00585938,0.0009535227296004631,0.002,1
431,71320.64844,71252.642578125,68.00585938,0.0009535227296004631,0.002,1
432,71320.64844,71252.642578125,68.00585938,0.0009535227296004631,0.002,1
433,71320.64844,71252.642578125,68.00585938,0.0009535227296004631,0.002,1
434,71320.64844,71252.642578125,68.00585938,0.0009535227296004631,0.002,1
435,71320.64844,71252.642578125,68.00585938,0.0009535227296004631,0.002,1
436,71320.64844,71252.642578125,68.00585938,0.0009535227296004631,0.002,1
437,71320.64844,71252.642578125,68.00585938,0.0009535227296004631,0.002,1
438,71320.64844,71252.642578125,68.00585938,0.0009535227296004631,0.002,1
439,71320.64844,71252.642578125,68.00585938,0.0009535227296004631,0.002,1
440,71320.64844,71252.642578125,68.00585938,0.0009535227296004631,0.002,1
441,71320.64844,71252.642578125,68.00585938,0.0009535227296004631,0.002,1
442,71320.64844,71252.642578125,68.00585938,0.0009535227296004631,0.002,1
443,71320.64844,71252.642578125,68.00585938,0.0009535227296004631,0.002,1
444,71320.64844,71252.642578125,68.00585938,0.0009535227296004631,0.002,1
445,71320.64844,71252.642578125,68.00585938,0.0009535227296004631,0.002,1
446,71320.64844,71252.642578125,68.00585938,0.0009535227296004631,0.002,1
447,71320.64844,71252.642578125,68.00585938,0.0009535227296004631,0.002,1
448,71320.64844,71252.642578125,68.00585938,0.0009535227296004631,0.002,1
449,71320.64844,71252.642578125,68.00585938,0.0009535227296004631,0.002,1
450,71320.64844,71252.642578125,68.00585938,0.0009535227296004631,0.002,1
451,71320.64844,71252.642578125,68.00585938,0.0009535227296004631,0.002,1
452,71320.64844,71252.642578125,68.00585938,0.0009535227296004631,0.002,1
453,71320.64844,71252.642578125,68.00585938,0.0009535227296004631,0.002,1
454,71320.64844,71252.642578125,68.00585938,0.0009535227296004631,0.002,1
455,71320.64844,71252.642578125,68.00585938,0.0009535227296004631,0.002,1
456,71320.64844,71252.642578125,68.00585938,0.0009535227296004631,0.002,1
457,71320.64844,71252.642578125,68.00585938,0.0009535227296004631,0.002,1
458,71320.64844,71252.642578125,68.00585938,0.0009535227296004631,0.002,1
459,71320.64844,71252.642578125,68.00585938,0.0009535227296004631,0.002,1
460,71320.64844,71252.642578125,68.00585938,0.0009535227296004631,0.002,1
461,71320.64844,71252.642578125,68.00585938,0.0009535227296004631,0.002,1
462,71320.64844,71252.642578125,68.00585938,0.0009535227296004631,0.002,1
463,71320.64844,71252.642578125,68.00585938,0.0009535227296004631,0.002,1
464,71320.64844,71252.642578125,68.00585938,0.0009535227296004631,0.002,1
465,71320.64844,71252.642578125,68.00585938,0.0009535227296004631,0.002,1
466,71320.64844,71252.642578125,68.00585938,0.0009535227296004631,0.002,1
467,71320.64844,71252.642578125,68.00585938,0.0009535227296004631,0.002,1
468,71320.64844,71252.642578125,68.00585938,0.0009535227296004631,0.002,1
469,71320.64844,71252.642578125,68.00585938,0.0009535227296004631,0.002,1
470,71320.64844,71252.642578125,68.00585938,0.0009535227296004631,0.002,1
471,71320.64844,71252.642578125,68.00585938,0.0009535227296004631,0.002,1
472,71320.64844,71252.642578125,68.00585938,0.0009535227296004631,0.002,1
473,71320.64844,71252.642578125,68.00585938,0.0009535227296004631,0.002,1
474,71320.64844,71252.642578125,68.00585938,0.0009535227296004631,0.002,1
475,71320.64844,71252.642578125,68.00585938,0.0009535227296004631,0.002,1
476,71320.64844,71252.642578125,68.00585938,0.0009535227296004631,0.002,1
477,71320.64844,71252.642578125,68.00585938,0.0009535227296004631,0.002,1
478,71320.64844,71252.642578125,68.00585938,0.0009535227296004631,0.002,1
479,71320.64844,71252.642578125,68.00585938,0.0009535227296004631,0.002,1
480,71320.64844,71252.642578125,68.00585938,0.0009535227296004631,0.002,1
481,71320.64844,71252.642578125,68.00585938,0.0009535227296004631,0.002,1
482,71320.64844,71252.642578125,68.00585938,0.0009535227296004631,0.002,1
483,71320.64844,71252.642578125,68.00585938,0.0009535227296004631,0.002,1
484,71320.64844,71252.642578125,68.00585938,0.0009535227296004631,0.002,1
485,71320.64844,71252.642578125,68.00585938,0.0009535227296004631,0.002,1
486,71320.64844,71252.642578125,68.00585938,0.0009535227296004631,0.002,1
487,71320.64844,71252.642578125,68.00585938,0.0009535227296004631,0.002,1
488,71320.64844,71252.642578125,68.00585938,0.0009535227296004631,0.002,1
489,71320.64844,71252.642578125,68.00585938,0.0009535227296004631,0.002,1
490,71320.64844,71252.642578125,68.00585938,0.0009535227296004631,0.002,1
491,71320.64844,71252.642578125,68.00585938,0.0009535227296004631,0.002,1
492,71320.64844,71252.642578125,68.00585938,0.0009535227296004631,0.002,1
493,71320.64844,71252.642578125,68.00585938,0.0009535227296004631,0.002,1
494,71320.64844,71252.642578125,68.00585938,0.0009535227296004631,0.002,1
495,71320.64844,71252.642578125,68.00585938,0.0009535227296004631,0.002,1
496,71320.64844,71252.642578125,68.00585938,0.0009535227296004631,0.002,1
497,71320.64844,71252.642578125,68.00585938,0.0009535227296004631,0.002,1
498,71320.64844,71252.642578125,68.00585938,0.0009535227296004631,0.002,1
499,71320.64844,71252.642578125,68.00585938,0.0009535227296004631,0.002,1
500,71320.64844,71252.642578125,68.00585938,0.0009535227296004631,0.002,1
501,71320.64844,71252.642578125,68.00585938,0.0009535227296004631,0.002,1
502,71320.64844,71252.642578125,68.00585938,0.0009535227296004631,0.002,1
503,71320.64844,71252.642578125,68.00585938,0.0009535227296004631,0.002,1
504,71320.64844,71252.642578125,68.00585938,0.0009535227296004631,0.002,1
505,71320.64844,71252.642578125,68.00585938,0.0009535227296004631,0.002,1
506,71320.64844,71252.642578125,68.00585938,0.0009535227296004631,0.002,1
507,71320.64844,71252.642578125,68.00585938,0.0009535227296004631,0.002,1
508,71320.64844,71252.642578125,68.00585938,0.0009535227296004631,0.002,1
509,71320.64844,71252.642578125,68.00585938,0.0009535227296004631,0.002,1
510,71320.64844,71252.642578125,68.00585938,0.0009535227296004631,0.002,1
511,71320.64844,71252.642578125,68.00585938,0.0009535227296004631,0.002,1
512,71320.64844,71252.642578125,68.00585938,0.0009535227296004631,0.002,1
513,71320.64844,71252.642578125,68.00585938,0.0009535227296004631,0.002,1
514,71320.64844,71252.642578125,68.00585938,0.0009535227296004631,0.002,1
515,71320.64844,71252.642578125,68.00585938,0.0009535227296004631,0.002,1
516,71320.64844,71252.642578125,68.00585938,0.0009535227296004631,0.002,1
517,71320.64844,71252.642578125,68.00585938,0.0009535227296004631,0.002,1
518,71320.64844,71252.642578125,68.00585938,0.0009535227296004631,0.002,1
519,71320.64844,71252.642578125,68.00585938,0.0009535227296004631,0.002,1
520,71320.64844,71252.642578125,68.00585938,0.0009535227296004631,0.002,1
521,71320.64844,71252.642578125,68.00585938,0.0009535227296004631,0.002,1
522,71320.64844,71252.642578125,68.00585938,0.0009535227296004631,0.002,1
523,71320.64844,71252.642578125,68.00585938,0.0009535227296004631,0.002,1
524,71320.64844,71252.642578125,68.00585938,0.0009535227296004631,0.002,1
525,71320.64844,71252.642578125,68.00585938,0.0009535227296004631,0.002,1
526,71320.64844,71252.642578125,68.00585938,0.0009535227296004631,0.002,1
527,71320.64844,71252.642578125,68.00585938,0.0009535227296004631,0.002,1
528,71320.64844,71252.642578125,68.00585938,0.0009535227296004631,0.002,1
529,71320.64844,71252.642578125,68.00585938,0.0009535227296004631,0.002,1
530,71320.64844,71252.642578125,68.00585938,0.0009535227296004631,0.002,1
531,71320.64844,71252.642578125,68.00585938,0.0009535227296004631,0.002,1
532,71320.64844,71252.642578125,68.00585938,0.0009535227296004631,0.002,1
533,71320.64844,71252.642578125,68.00585938,0.0009535227296004631,0.002,1
534,71320.64844,71252.642578125,68.00585938,0.0009535227296004631,0.002,1
535,71320.64844,71252.642578125,68.00585938,0.0009535227296004631,0.002,1
536,71320.64844,71252.642578125,68.00585938,0.0009535227296004631,0.002,1
537,71320.64844,71252.642578125,68.00585938,0.0009535227296004631,0.002,1
538,71320.64844,71252.642578125,68.00585938,0.0009535227296004631,0.002,1
539,71320.64844,71252.642578125,68.00585938,0.0009535227296004631,0.002,1
540,71320.64844,71252.642578125,68.00585938,0.0009535227296004631,0.002,1
541,71320.64844,71252.642578125,68.00585938,0.0009535227296004631,0.002,1
542,71320.64844,71252.642578125,68.00585938,0.0009535227296004631,0.002,1
543,71320.64844,71252.642578125,68.00585938,0.0009535227296004631,0.002,1
544,71320.64844,71252.642578125,68.00585938,0.0009535227296004631,0.002,1
545,71320.64844,71252.642578125,68.00585938,0.0009535227296004631,0.002,1
546,71320.64844,71252.642578125,68.00585938,0.0009535227296004631,0.002,1
547,71320.64844,71252.642578125,68.00585938,0.0009535227296004631,0.002,1
548,71320.64844,71252.642578125,68.00585938,0.0009535227296004631,0.002,1
549,71320.64844,71252.642578125,68.00585938,0.0009535227296004631,0.002,1
550,71320.64844,71252.642578125,68.00585938,0.0009535227296004631,0.002,1
551,71320.64844,71252.642578125,68.00585938,0.0009535227296004631,0.002,1
552,71320.64844,71252.642578125,68.00585938,0.0009535227296004631,0.002,1
553,71320.64844,71252.642578125,68.00585938,0.0009535227296004631,0.002,1
554,71320.64844,71252.642578125,68.00585938,0.0009535227296004631,0.002,1
555,71320.64844,71252.642578125,68.00585938,0.0009535227296004631,0.002,1
556,71320.64844,71252.642578125,68.00585938,0.0009535227296004631,0.002,1
557,71320.64844,71252.642578125,68.00585938,0.0009535227296004631,0.002,1
558,71320.64844,71252.642578125,68.00585938,0.0009535227296004631,0.002,1
559,71320.64844,71252.642578125,68.00585938,0.0009535227296004631,0.002,1
560,71320.64844,71252.642578125,68.00585938,0.0009535227296004631,0.002,1
561,71320.64844,71252.642578125,68.00585938,0.0009535227296004631,0.002,1
562,71320.64844,71252.642578125,68.00585938,0.0009535227296004631,0.002,1
563,71320.64844,71252.642578125,68.00585938,0.0009535227296004631,0.002,1
564,71320.64844,71252.642578125,68.00585938,0.0009535227296004631,0.002,1
565,71320.64844,71252.642578125,68.00585938,0.0009535227296004631,0.002,1
566,71320.64844,71252.642578125,68.00585938,0.0009535227296004631,0.002,1
567,71320.64844,71252.642578125,68.00585938,0.0009535227296004631,0.002,1
568,71320.64844,71252.642578125,68.00585938,0.0009535227296004631,0.002,1
569,71320.64844,71252.642578125,68.00585938,0.0009535227296004631,0.002,1
570,71320.64844,71252.642578125,68.00585938,0.0009535227296004631,0.002,1
571,71320.64844,71252.642578125,68.00585938,0.0009535227296004631,0.002,1
572,71320.64844,71252.642578125,68.00585938,0.0009535227296004631,0.002,1
573,71320.64844,71252.642578125,68.00585938,0.0009535227296004631,0.002,1
574,71320.64844,71252.642578125,68.00585938,0.0009535227296004631,0.002,1
575,71320.64844,71252.642578125,68.00585938,0.0009535227296004631,0.002,1
576,71320.64844,71252.642578125,68.00585938,0.0009535227296004631,0.002,1
577,71320.64844,71252.642578125,68.00585938,0.0009535227296004631,0.002,1
578,71320.64844,71252.642578125,68.00585938,0.0009535227296004631,0.002,1
579,71320.64844,71252.642578125,68.00585938,0.0009535227296004631,0.002,1
580,71320.64844,71252.642578125,68.00585938,0.0009535227296004631,0.002,1
581,71320.64844,71252.642578125,68.00585938,0.0009535227296004631,0.002,1
582,71320.64844,71252.642578125,68.00585938,0.0009535227296004631,0.002,1
583,71320.64844,71252.642578125,68.00585938,0.0009535227296004631,0.002,1
584,71320.64844,71252.642578125,68.00585938,0.0009535227296004631,0.002,1
585,71320.64844,71252.642578125,68.00585938,0.0009535227296004631,0.002,1
586,71320.64844,71252.642578125,68.00585938,0.0009535227296004631,0.002,1
587,71320.64844,71252.642578125,68.00585938,0.0009535227296004631,0.002,1
588,71320.64844,71252.642578125,68.00585938,0.0009535227296004631,0.002,1
589,71320.64844,71252.642578125,68.00585938,0.0009535227296004631,0.002,1
590,71320.64844,71252.642578125,68.00585938,0.0009535227296004631,0.002,1
591,71320.64844,71252.642578125,68.00585938,0.0009535227296004631,0.002,1
592,71320.64844,71252.642578125,68.00585938,0.0009535227296004631,0.002,1
593,71320.64844,71252.642578125,68.00585938,0.0009535227296004631,0.002,1
594,71320.64844,71252.642578125,68.00585938,0.0009535227296004631,0.002,1
595,71320.64844,71252.642578125,68.00585938,0.0009535227296004631,0.002,1
596,71320.64844,71252.642578125,68.00585938,0.0009535227296004631,0.002,1
597,71320.64844,71252.642578125,68.00585938,0.0009535227296004631,0.002,1
598,71320.64844,71252.642578125,68.00585938,0.0009535227296004631,0.002,1
599,71320.64844,71252.642578125,68.00585938,0.0009535227296004631,0.002,1
600,71320.64844,71252.642578125,68.00585938,0.0009535227296004631,0.002,1
601,71320.64844,71252.642578125,68.00585938,0.0009535227296004631,0.002,1
602,71320.64844,71252.642578125,68.00585938,0.0009535227296004631,0.002,1
603,71320.64844,71252.642578125,68.00585938,0.0009535227296004631,0.002,1
604,71320.64844,71252.642578125,68.00585938,0.0009535227296004631,0.002,1
605,71320.64844,71252.642578125,68.00585938,0.0009535227296004631,0.002,1
606,71320.64844,71252.642578125,68.00585938,0.0009535227296004631,0.002,1
607,71320.64844,71252.642578125,68.00585938,0.0009535227296004631,0.002,1
608,71320.64844,71252.642578125,68.00585938,0.0009535227296004631,0.002,1
609,71320.64844,71252.642578125,68.00585938,0.0009535227296004631,0.002,1
610,71320.64844,71252.642578125,68.00585938,0.0009535227296004631,0.002,1
611,71320.64844,71252.642578125,68.00585938,0.0009535227296004631,0.002,1
612,71320.64844,71252.642578125,68.00585938,0.0009535227296004631,0.002,1
613,71320.64844,71252.642578125,68.00585938,0.0009535227296004631,0.002,1
614,71320.64844,71252.642578125,68.00585938,0.0009535227296004631,0.002,1
615,71320.64844,71252.642578125,68.00585938,0.0009535227296004631,0.002,1
616,71320.64844,71252.642578125,68.00585938,0.0009535227296004631,0.002,1
617,71320.64844,71252.642578125,68.00585938,0.0009535227296004631,0.002,1
618,71320.64844,71252.642578125,68.00585938,0.0009535227296004631,0.002,1
619,71320.64844,71252.642578125,68.00585938,0.0009535227296004631,0.002,1
620,71320.64844,71252.642578125,68.00585938,0.0009535227296004631,0.002,1
621,71320.64844,71252.642578125,68.00585938,0.0009535227296004631,0.002,1
622,71320.64844,71252.642578125,68.00585938,0.0009535227296004631,0.002,1
623,71320.64844,71252.642578125,68.00585938,0.0009535227296004631,0.002,1
624,71320.64844,71252.642578125,68.00585938,0.0009535227296004631,0.002,1
625,71320.64844,71252.642578125,68.00585938,0.0009535227296004631,0.002,1
626,71320.64844,71252.642578125,68.00585938,0.0009535227296004631,0.002,1
627,71320.64844,71252.642578125,68.00585938,0.0009535227296004631,0.002,1
628,71320.64844,71252.642578125,68.00585938,0.0009535227296004631,0.002,1
629,71320.64844,71252.642578125,68.00585938,0.0009535227296004631,0.002,1
630,71320.64844,71252.642578125,68.00585938,0.0009535227296004631,0.002,1
631,71320.64844,71252.642578125,68.00585938,0.0009535227296004631,0.002,1
632,71320.64844,71252.642578125,68.00585938,0.0009535227296004631,0.002,1
633,71320.64844,71252.642578125,68.00585938,0.0009535227296004631,0.002,1
634,71320.64844,71252.642578125,68.00585938,0.0009535227296004631,0.002,1
635,71320.64844,71252.642578125,68.00585938,0.0009535227296004631,0.002,1
636,71320.64844,71252.642578125,68.00585938,0.0009535227296004631,0.002,1
637,71320.64844,71252.642578125,68.00585938,0.0009535227296004631,0.002,1
638,71320.64844,71252.642578125,68.00585938,0.0009535227296004631,0.002,1
639,71320.64844,71252.642578125,68.00585938,0.0009535227296004631,0.002,1
640,71320.64844,71252.642578125,68.00585938,0.0009535227296004631,0.002,1
641,71320.64844,71252.642578125,68.00585938,0.0009535227296004631,0.002,1
642,71320.64844,71252.642578125,68.00585938,0.0009535227296004631,0.002,1
643,71320.64844,71252.642578125,68.00585938,0.0009535227296004631,0.002,1
644,71320.64844,71252.642578125,68.00585938,0.0009535227296004631,0.002,1
645,71320.64844,71252.642578125,68.00585938,0.0009535227296004631,0.002,1
646,71320.64844,71252.642578125,68.00585938,0.0009535227296004631,0.002,1
647,71320.64844,71252.642578125,68.00585938,0.0009535227296004631,0.002,1
648,71320.64844,71252.642578125,68.00585938,0.0009535227296004631,0.002,1
649,71320.64844,71252.642578125,68.00585938,0.0009535227296004631,0.002,1
650,71320.64844,71252.642578125,68.00585938,0.0009535227296004631,0.002,1
651,71320.64844,71252.642578125,68.00585938,0.0009535227296004631,0.002,1
652,71320.64844,71252.642578125,68.00585938,0.0009535227296004631,0.002,1
653,71320.64844,71252.642578125,68.00585938,0.0009535227296004631,0.002,1
654,71320.64844,71252.642578125,68.00585938,0.0009535227296004631,0.002,1
655,71320.64844,71252.642578125,68.00585938,0.0009535227296004631,0.002,1
656,71320.64844,71252.642578125,68.00585938,0.0009535227296004631,0.002,1
657,71320.64844,71252.642578125,68.00585938,0.0009535227296004631,0.002,1
658,71320.64844,71252.642578125,68.00585938,0.0009535227296004631,0.002,1
659,71320.64844,71252.642578125,68.00585938,0.0009535227296004631,0.002,1
660,71320.64844,71252.642578125,68.00585938,0.0009535227296004631,0.002,1
661,71320.64844,71252.642578125,68.00585938,0.0009535227296004631,0.002,1
662,71320.64844,71252.642578125,68.00585938,0.0009535227296004631,0.002,1
663,71320.64844,71252.642578125,68.00585938,0.0009535227296004631,0.002,1
664,71320.64844,71252.642578125,68.00585938,0.0009535227296004631,0.002,1
665,71320.64844,71252.642578125,68.00585938,0.0009535227296004631,0.002,1
666,71320.64844,71252.642578125,68.00585938,0.0009535227296004631,0.002,1
667,71320.64844,71252.642578125,68.00585938,0.0009535227296004631,0.002,1
668,71320.64844,71252.642578125,68.00585938,0.0009535227296004631,0.002,1
669,71320.64844,71252.642578125,68.00585938,0.0009535227296004631,0.002,1
670,71320.64844,71252.642578125,68.00585938,0.0009535227296004631,0.002,1
671,71320.64844,71252.642578125,68.00585938,0.0009535227296004631,0.002,1
672,71320.64844,71252.642578125,68.00585938,0.0009535227296004631,0.002,1
673,71320.64844,71252.642578125,68.00585938,0.0009535227296004631,0.002,1
674,71320.64844,71252.642578125,68.00585938,0.0009535227296004631,0.002,1
675,71320.64844,71252.642578125,68.00585938,0.0009535227296004631,0.002,1
676,71320.64844,71252.642578125,68.00585938,0.0009535227296004631,0.002,1
677,71320.64844,71252.642578125,68.00585938,0.0009535227296004631,0.002,1
678,71320.64844,71252.642578125,68.00585938,0.0009535227296004631,0.002,1
679,71320.64844,71252.642578125,68.00585938,0.0009535227296004631,0.002,1
680,71320.64844,71252.642578125,68.00585938,0.0009535227296004631,0.002,1
681,71320.64844,71252.642578125,68.00585938,0.0009535227296004631,0.002,1
682,71320.64844,71252.642578125,68.00585938,0.0009535227296004631,0.002,1
683,71320.64844,71252.642578125,68.00585938,0.0009535227296004631,0.002,1
684,71320.64844,71252.642578125,68.00585938,0.0009535227296004631,0.002,1
685,71320.64844,71252.642578125,68.00585938,0.0009535227296004631,0.002,1
686,71320.64844,71252.642578125,68.00585938,0.0009535227296004631,0.002,1
687,71320.64844,71252.642578125,68.00585938,0.0009535227296004631,0.002,1
688,71320.64844,71252.642578125,68.00585938,0.0009535227296004631,0.002,1
689,71320.64844,71252.642578125,68.00585938,0.0009535227296004631,0.002,1
690,71320.64844,71252.642578125,68.00585938,0.0009535227296004631,0.002,1
691,71320.64844,71252.642578125,68.00585938,0.0009535227296004631,0.002,1
692,71320.64844,71252.642578125,68.00585938,0.0009535227296004631,0.002,1
693,71320.64844,71252.642578125,68.00585938,0.0009535227296004631,0.002,1
694,71320.64844,71252.642578125,68.00585938,0.0009535227296004631,0.002,1
695,71320.64844,71252.642578125,68.00585938,0.0009535227296004631,0.002,1
696,71320.64844,71252.642578125,68.00585938,0.0009535227296004631,0.002,1
697,71320.64844,71252.642578125,68.00585938,0.0009535227296004631,0.002,1
698,71320.64844,71252.642578125,68.00585938,0.0009535227296004631,0.002,1
699,71320.64844,71252.642578125,68.00585938,0.0009535227296004631,0.002,1
700,71320.64844,71252.642578125,68.00585938,0.0009535227296004631,0.002,1
701,71320.64844,71252.642578125,68.00585938,0.0009535227296004631,0.002,1
702,71320.64844,71252.642578125,68.00585938,0.0009535227296004631,0.002,1
703,71320.64844,71252.642578125,68.00585938,0.0009535227296004631,0.002,1
704,71320.64844,71252.642578125,68.00585938,0.0009535227296004631,0.002,1
705,71320.64844,71252.642578125,68.00585938,0.0009535227296004631,0.002,1
706,71320.64844,71252.642578125,68.00585938,0.0009535227296004631,0.002,1
707,71320.64844,71252.642578125,68.00585938,0.0009535227296004631,0.002,1
708,71320.64844,71252.642578125,68.00585938,0.0009535227296004631,0.002,1
709,71320.64844,71252.642578125,68.00585938,0.0009535227296004631,0.002,1
710,71320.64844,71252.642578125,68.00585938,0.0009535227296004631,0.002,1
711,71320.64844,71252.642578125,68.00585938,0.0009535227296004631,0.002,1
712,71320.64844,71252.642578125,68.00585938,0.0009535227296004631,0.002,1
713,71320.64844,71252.642578125,68.00585938,0.0009535227296004631,0.002,1
714,71320.64844,71252.642578125,68.00585938,0.0009535227296004631,0.002,1
715,71320.64844,71252.642578125,68.00585938,0.0009535227296004631,0.002,1
716,71320.64844,71252.642578125,68.00585938,0.0009535227296004631,0.002,1
717,71320.64844,71252.642578125,68.00585938,0.0009535227296004631,0.002,1
718,71320.64844,71252.642578125,68.00585938,0.0009535227296004631,0.002,1
719,71320.64844,71252.642578125,68.00585938,0.0009535227296004631,0.002,1
720,71320.64844,71252.642578125,68.00585938,0.0009535227296004631,0.002,1
721,71320.64844,71252.642578125,68.00585938,0.0009535227296004631,0.002,1
722,71320.64844,71252.642578125,68.00585938,0.0009535227296004631,0.002,1
723,71320.64844,71252.642578125,68.00585938,0.0009535227296004631,0.002,1
724,71320.64844,71252.642578125,68.00585938,0.0009535227296004631,0.002,1
725,71320.64844,71252.642578125,68.00585938,0.0009535227296004631,0.002,1
726,71320.64844,71252.642578125,68.00585938,0.0009535227296004631,0.002,1
727,71320.64844,71252.642578125,68.00585938,0.0009535227296004631,0.002,1
728,71320.64844,71252.642578125,68.00585938,0.0009535227296004631,0.002,1
729,71320.64844,71252.642578125,68.00585938,0.0009535227296004631,0.002,1
730,71320.64844,71252.642578125,68.00585938,0.0009535227296004631,0.002,1
731,71320.64844,71252.642578125,68.00585938,0.0009535227296004631,0.002,1
732,71320.64844,71252.642578125,68.00585938,0.0009535227296004631,0.002,1
733,71320.64844,71252.642578125,68.00585938,0.0009535227296004631,0.002,1
734,71320.64844,71252.642578125,68.00585938,0.0009535227296004631,0.002,1
735,71320.64844,71252.642578125,68.00585938,0.0009535227296004631,0.002,1
736,71320.64844,71252.642578125,68.00585938,0.0009535227296004631,0.002,1
737,71320.64844,71252.642578125,68.00585938,0.0009535227296004631,0.002,1
738,71320.64844,71252.642578125,68.00585938,0.0009535227296004631,0.002,1
739,71320.64844,71252.642578125,68.00585938,0.0009535227296004631,0.002,1
740,71320.64844,71252.642578125,68.00585938,0.0009535227296004631,0.002,1
741,71320.64844,71252.642578125,68.00585938,0.0009535227296004631,0.002,1
742,71320.64844,71252.642578125,68.00585938,0.0009535227296004631,0.002,1
743,71320.64844,71252.642578125,68.00585938,0.0009535227296004631,0.002,1
744,71320.64844,71252.642578125,68.00585938,0.0009535227296004631,0.002,1
745,71320.64844,71252.642578125,68.00585938,0.0009535227296004631,0.002,1
746,71320.64844,71252.642578125,68.00585938,0.0009535227296004631,0.002,1
747,71320.64844,71252.642578125,68.00585938,0.0009535227296004631,0.002,1
748,71320.64844,71252.642578125,68.00585938,0.0009535227296004631,0.002,1
749,71320.64844,71252.642578125,68.00585938,0.0009535227296004631,0.002,1
750,71320.64844,71252.642578125,68.00585938,0.0009535227296004631,0.002,1
751,71320.64844,71252.642578125,68.00585938,0.0009535227296004631,0.002,1
752,71320.64844,71252.642578125,68.00585938,0.0009535227296004631,0.002,1
753,71320.64844,71252.642578125,68.00585938,0.0009535227296004631,0.002,1
754,71320.64844,71252.642578125,68.00585938,0.0009535227296004631,0.002,1
755,71320.64844,71252.642578125,68.00585938,0.0009535227296004631,0.002,1
756,71320.64844,71252.642578125,68.00585938,0.0009535227296004631,0.002,1
757,71320.64844,71252.642578125,68.00585938,0.0009535227296004631,0.002,1
758,71320.64844,71252.642578125,68.00585938,0.0009535227296004631,0.002,1
759,71320.64844,71252.642578125,68.00585938,0.0009535227296004631,0.002,1
760,71320.64844,71252.642578125,68.00585938,0.0009535227296004631,0.002,1
761,71320.64844,71252.642578125,68.00585938,0.0009535227296004631,0.002,1
762,71320.64844,71252.642578125,68.00585938,0.0009535227296004631,0.002,1
763,71320.64844,71252.642578125,68.00585938,0.0009535227296004631,0.002,1
764,71320.64844,71252.642578125,68.00585938,0.0009535227296004631,0.002,1
765,71320.64844,71252.642578125,68.00585938,0.0009535227296004631,0.002,1
766,71320.64844,71252.642578125,68.00585938,0.0009535227296004631,0.002,1
767,71320.64844,71252.642578125,68.00585938,0.0009535227296004631,0.002,1
768,71320.64844,71252.642578125,68.00585938,0.0009535227296004631,0.002,1
769,71320.64844,71252.642578125,68.00585938,0.0009535227296004631,0.002,1
770,71320.64844,71252.642578125,68.00585938,0.0009535227296004631,0.002,1
771,71320.64844,71252.642578125,68.00585938,0.0009535227296004631,0.002,1
772,71320.64844,71252.642578125,68.00585938,0.0009535227296004631,0.002,1
773,71320.64844,71252.642578125,68.00585938,0.0009535227296004631,0.002,1
774,71320.64844,71252.642578125,68.00585938,0.0009535227296004631,0.002,1
775,71320.64844,71252.642578125,68.00585938,0.0009535227296004631,0.002,1
776,71320.64844,71252.642578125,68.00585938,0.0009535227296004631,0.002,1
777,71320.64844,71252.642578125,68.00585938,0.0009535227296004631,0.002,1
778,71320.64844,71252.642578125,68.00585938,0.0009535227296004631,0.002,1
779,71320.64844,71252.642578125,68.00585938,0.0009535227296004631,0.002,1
780,71320.64844,71252.642578125,68.00585938,0.0009535227296004631,0.002,1
781,71320.64844,71252.642578125,68.00585938,0.0009535227296004631,0.002,1
782,71320.64844,71252.642578125,68.00585938,0.0009535227296004631,0.002,1
783,71320.64844,71252.642578125,68.00585938,0.0009535227296004631,0.002,1
784,71320.64844,71252.642578125,68.00585938,0.0009535227296004631,0.002,1
785,71320.64844,71252.642578125,68.00585938,0.0009535227296004631,0.002,1
786,71320.64844,71252.642578125,68.00585938,0.0009535227296004631,0.002,1
787,71320.64844,71252.642578125,68.00585938,0.0009535227296004631,0.002,1
788,71320.64844,71252.642578125,68.00585938,0.0009535227296004631,0.002,1
789,71320.64844,71252.642578125,68.00585938,0.0009535227296004631,0.002,1
790,71320.64844,71252.642578125,68.00585938,0.0009535227296004631,0.002,1
791,71320.64844,71252.642578125,68.00585938,0.0009535227296004631,0.002,1
792,71320.64844,71252.642578125,68.00585938,0.0009535227296004631,0.002,1
793,71320.64844,71252.642578125,68.00585938,0.0009535227296004631,0.002,1
794,71320.64844,71252.642578125,68.00585938,0.0009535227296004631,0.002,1
795,71320.64844,71252.642578125,68.00585938,0.0009535227296004631,0.002,1
796,71320.64844,71252.642578125,68.00585938,0.0009535227296004631,0.002,1
797,71320.64844,71252.642578125,68.00585938,0.0009535227296004631,0.002,1
798,71320.64844,71252.642578125,68.00585938,0.0009535227296004631,0.002,1
799,71320.64844,71252.642578125,68.00585938,0.0009535227296004631,0.002,1
800,71320.64844,71252.642578125,68.00585938,0.0009535227296004631,0.002,1
801,71320.64844,71252.642578125,68.00585938,0.0009535227296004631,0.002,1
802,71320.64844,71252.642578125,68.00585938,0.0009535227296004631,0.002,1
803,71320.64844,71252.642578125,68.00585938,0.0009535227296004631,0.002,1
804,71320.64844,71252.642578125,68.00585938,0.0009535227296004631,0.002,1
805,71320.64844,71252.642578125,68.00585938,0.0009535227296004631,0.002,1
806,71320.64844,71252.642578125,68.00585938,0.0009535227296004631,0.002,1
807,71320.64844,71252.642578125,68.00585938,0.0009535227296004631,0.002,1
808,71320.64844,71252.642578125,68.00585938,0.0009535227296004631,0.002,1
809,71320.64844,71252.642578125,68.00585938,0.0009535227296004631,0.002,1
810,71320.64844,71252.642578125,68.00585938,0.0009535227296004631,0.002,1
811,71320.64844,71252.642578125,68.00585938,0.0009535227296004631,0.002,1
812,71320.64844,71252.642578125,68.00585938,0.0009535227296004631,0.002,1
813,71320.64844,71252.642578125,68.00585938,0.0009535227296004631,0.002,1
814,71320.64844,71252.642578125,68.00585938,0.0009535227296004631,0.002,1
815,71320.64844,71252.642578125,68.00585938,0.0009535227296004631,0.002,1
816,71320.64844,71252.642578125,68.00585938,0.0009535227296004631,0.002,1
817,71320.64844,71252.642578125,68.00585938,0.0009535227296004631,0.002,1
818,71320.64844,71252.642578125,68.00585938,0.0009535227296004631,0.002,1
819,71320.64844,71252.642578125,68.00585938,0.0009535227296004631,0.002,1
820,71320.64844,71252.642578125,68.00585938,0.0009535227296004631,0.002,1
821,71320.64844,71252.642578125,68.00585938,0.0009535227296004631,0.002,1
822,71320.64844,71252.642578125,68.00585938,0.0009535227296004631,0.002,1
823,71320.64844,71252.642578125,68.00585938,0.0009535227296004631,0.002,1
824,71320.64844,71252.642578125,68.00585938,0.0009535227296004631,0.002,1
825,71320.64844,71252.642578125,68.00585938,0.0009535227296004631,0.002,1
826,71320.64844,71252.642578125,68.00585938,0.0009535227296004631,0.002,1
827,71320.64844,71252.642578125,68.00585938,0.0009535227296004631,0.002,1
828,71320.64844,71252.642578125,68.00585938,0.0009535227296004631,0.002,1
829,71320.64844,71252.642578125,68.00585938,0.0009535227296004631,0.002,1
830,71320.64844,71252.642578125,68.00585938,0.0009535227296004631,0.002,1
831,71320.64844,71252.642578125,68.00585938,0.0009535227296004631,0.002,1
832,71320.64844,71252.642578125,68.00585938,0.0009535227296004631,0.002,1
833,71320.64844,71252.642578125,68.00585938,0.0009535227296004631,0.002,1
834,71320.64844,71252.642578125,68.00585938,0.0009535227296004631,0.002,1
835,71320.64844,71252.642578125,68.00585938,0.0009535227296004631,0.002,1
836,71320.64844,71252.642578125,68.00585938,0.0009535227296004631,0.002,1
837,71320.64844,71252.642578125,68.00585938,0.0009535227296004631,0.002,1
838,71320.64844,71252.642578125,68.00585938,0.0009535227296004631,0.002,1
839,71320.64844,71252.642578125,68.00585938,0.0009535227296004631,0.002,1
840,71320.64844,71252.642578125,68.00585938,0.0009535227296004631,0.002,1
841,71320.64844,71252.642578125,68.00585938,0.0009535227296004631,0.002,1
842,71320.64844,71252.642578125,68.00585938,0.0009535227296004631,0.002,1
843,71320.64844,71252.642578125,68.00585938,0.0009535227296004631,0.002,1
844,71320.64844,71252.642578125,68.00585938,0.0009535227296004631,0.002,1
845,71320.64844,71252.642578125,68.00585938,0.0009535227296004631,0.002,1
846,71320.64844,71252.642578125,68.00585938,0.0009535227296004631,0.002,1
847,71320.64844,71252.642578125,68.00585938,0.0009535227296004631,0.002,1
848,71320.64844,71252.642578125,68.00585938,0.0009535227296004631,0.002,1
849,71320.64844,71252.642578125,68.00585938,0.0009535227296004631,0.002,1
850,71320.64844,71252.642578125,68.00585938,0.0009535227296004631,0.002,1
851,71320.64844,71252.642578125,68.00585938,0.0009535227296004631,0.002,1
852,71320.64844,71252.642578125,68.00585938,0.0009535227296004631,0.002,1
853,71320.64844,71252.642578125,68.00585938,0.0009535227296004631,0.002,1
854,71320.64844,71252.642578125,68.00585938,0.0009535227296004631,0.002,1
855,71320.64844,71252.642578125,68.00585938,0.0009535227296004631,0.002,1
856,71320.64844,71252.642578125,68.00585938,0.0009535227296004631,0.002,1
857,71320.64844,71252.642578125,68.00585938,0.0009535227296004631,0.002,1
858,71320.64844,71252.642578125,68.00585938,0.0009535227296004631,0.002,1
859,71320.64844,71252.642578125,68.00585938,0.0009535227296004631,0.002,1
860,71320.64844,71252.642578125,68.00585938,0.0009535227296004631,0.002,1
861,71320.64844,71252.642578125,68.00585938,0.0009535227296004631,0.002,1
862,71320.64844,71252.642578125,68.00585938,0.0009535227296004631,0.002,1
863,71320.64844,71252.642578125,68.00585938,0.0009535227296004631,0.002,1
864,71320.64844,71252.642578125,68.00585938,0.0009535227296004631,0.002,1
865,71320.64844,71252.642578125,68.00585938,0.0009535227296004631,0.002,1
866,71320.64844,71252.642578125,68.00585938,0.0009535227296004631,0.002,1
867,71320.64844,71252.642578125,68.00585938,0.0009535227296004631,0.002,1
868,71320.64844,71252.642578125,68.00585938,0.0009535227296004631,0.002,1
869,71320.64844,71252.642578125,68.00585938,0.0009535227296004631,0.002,1
870,71320.64844,71252.642578125,68.00585938,0.0009535227296004631,0.002,1
871,71320.64844,71252.642578125,68.00585938,0.0009535227296004631,0.002,1
872,71320.64844,71252.642578125,68.00585938,0.0009535227296004631,0.002,1
873,71320.64844,71252.642578125,68.00585938,0.0009535227296004631,0.002,1
874,71320.64844,71252.642578125,68.00585938,0.0009535227296004631,0.002,1
875,71320.64844,71252.642578125,68.00585938,0.0009535227296004631,0.002,1
876,71320.64844,71252.642578125,68.00585938,0.0009535227296004631,0.002,1
877,71320.64844,71252.642578125,68.00585938,0.0009535227296004631,0.002,1
878,71320.64844,71252.642578125,68.00585938,0.0009535227296004631,0.002,1
879,71320.64844,71252.642578125,68.00585938,0.0009535227296004631,0.002,1
880,71320.64844,71252.642578125,68.00585938,0.0009535227296004631,0.002,1
881,71320.64844,71252.642578125,68.00585938,0.0009535227296004631,0.002,1
882,71320.64844,71252.642578125,68.00585938,0.0009535227296004631,0.002,1
883,71320.64844,71252.642578125,68.00585938,0.0009535227296004631,0.002,1
884,71320.64844,71252.642578125,68.00585938,0.0009535227296004631,0.002,1
885,71320.64844,71252.642578125,68.00585938,0.0009535227296004631,0.002,1
886,71320.64844,71252.642578125,68.00585938,0.0009535227296004631,0.002,1
887,71320.64844,71252.642578125,68.00585938,0.0009535227296004631,0.002,1
888,71320.64844,71252.642578125,68.00585938,0.0009535227296004631,0.002,1
889,71320.64844,71252.642578125,68.00585938,0.0009535227296004631,0.002,1
890,71320.64844,71252.642578125,68.00585938,0.0009535227296004631,0.002,1
891,71320.64844,71252.642578125,68.00585938,0.0009535227296004631,0.002,1
892,71320.64844,71252.642578125,68.00585938,0.0009535227296004631,0.002,1
893,71320.64844,71252.642578125,68.00585938,0.0009535227296004631,0.002,1
894,71320.64844,71252.642578125,68.00585938,0.0009535227296004631,0.002,1
895,71320.64844,71252.642578125,68.00585938,0.0009535227296004631,0.002,1
896,71320.64844,71252.642578125,68.00585938,0.0009535227296004631,0.002,1
897,71320.64844,71252.642578125,68.00585938,0.0009535227296004631,0.002,1
898,71320.64844,71252.642578125,68.00585938,0.0009535227296004631,0.002,1
899,71320.64844,71252.642578125,68.00585938,0.0009535227296004631,0.002,1
900,71320.64844,71252.642578125,68.00585938,0.0009535227296004631,0.002,1
901,71320.64844,71252.642578125,68.00585938,0.0009535227296004631,0.002,1
902,71320.64844,71252.642578125,68.00585938,0.0009535227296004631,0.002,1
903,71320.64844,71252.642578125,68.00585938,0.0009535227296004631,0.002,1
904,71320.64844,71252.642578125,68.00585938,0.0009535227296004631,0.002,1
905,71320.64844,71252.642578125,68.00585938,0.0009535227296004631,0.002,1
906,71320.64844,71252.642578125,68.00585938,0.0009535227296004631,0.002,1
907,71320.64844,71252.642578125,68.00585938,0.0009535227296004631,0.002,1
908,71320.64844,71252.642578125,68.00585938,0.0009535227296004631,0.002,1
909,71320.64844,71252.642578125,68.00585938,0.0009535227296004631,0.002,1
910,71320.64844,71252.642578125,68.00585938,0.0009535227296004631,0.002,1
911,71320.64844,71252.642578125,68.00585938,0.0009535227296004631,0.002,1
912,71320.64844,71252.642578125,68.00585938,0.0009535227296004631,0.002,1
913,71320.64844,71252.642578125,68.00585938,0.0009535227296004631,0.002,1
914,71320.64844,71252.642578125,68.00585938,0.0009535227296004631,0.002,1
915,71320.64844,71252.642578125,68.00585938,0.0009535227296004631,0.002,1
916,71320.64844,71252.642578125,68.00585938,0.0009535227296004631,0.002,1
917,71320.64844,71252.642578125,68.00585938,0.0009535227296004631,0.002,1
918,71320.64844,71252.642578125,68.00585938,0.0009535227296004631,0.002,1
919,71320.64844,71252.642578125,68.00585938,0.0009535227296004631,0.002,1
920,71320.64844,71252.642578125,68.00585938,0.0009535227296004631,0.002,1
921,71320.64844,71252.642578125,68.00585938,0.0009535227296004631,0.002,1
922,71320.64844,71252.642578125,68.00585938,0.0009535227296004631,0.002,1
923,71320.64844,71252.642578125,68.00585938,0.0009535227296004631,0.002,1
924,71320.64844,71252.642578125,68.00585938,0.0009535227296004631,0.002,1
925,71320.64844,71252.642578125,68.00585938,0.0009535227296004631,0.002,1
926,71320.64844,71252.642578125,68.00585938,0.0009535227296004631,0.002,1
927,71320.64844,71252.642578125,68.00585938,0.0009535227296004631,0.002,1
928,71320.64844,71252.642578125,68.00585938,0.0009535227296004631,0.002,1
929,71320.64844,71252.642578125,68.00585938,0.0009535227296004631,0.002,1
930,71320.64844,71252.642578125,68.00585938,0.0009535227296004631,0.002,1
931,71320.64844,71252.642578125,68.00585938,0.0009535227296004631,0.002,1
932,71320.64844,71252.642578125,68.00585938,0.0009535227296004631,0.002,1
933,71320.64844,71252.642578125,68.00585938,0.0009535227296004631,0.002,1
934,71320.64844,71252.642578125,68.00585938,0.0009535227296004631,0.002,1
935,71320.64844,71252.642578125,68.00585938,0.0009535227296004631,0.002,1
936,71320.64844,71252.642578125,68.00585938,0.0009535227296004631,0.002,1
937,71320.64844,71252.642578125,68.00585938,0.0009535227296004631,0.002,1
938,71320.64844,71252.642578125,68.00585938,0.0009535227296004631,0.002,1
939,71320.64844,71252.642578125,68.00585938,0.0009535227296004631,0.002,1
940,71320.64844,71252.642578125,68.00585938,0.0009535227296004631,0.002,1
941,71320.64844,71252.642578125,68.00585938,0.0009535227296004631,0.002,1
942,71320.64844,71252.642578125,68.00585938,0.0009535227296004631,0.002,1
943,71320.64844,71252.642578125,68.00585938,0.0009535227296004631,0.002,1
944,71320.64844,71252.642578125,68.00585938,0.0009535227296004631,0.002,1
945,71320.64844,71252.642578125,68.00585938,0.0009535227296004631,0.002,1
946,71320.64844,71252.642578125,68.00585938,0.0009535227296004631,0.002,1
947,71320.64844,71252.642578125,68.00585938,0.0009535227296004631,0.002,1
948,71320.64844,71252.642578125,68.00585938,0.0009535227296004631,0.002,1
949,71320.64844,71252.642578125,68.00585938,0.0009535227296004631,0.002,1
950,71320.64844,71252.642578125,68.00585938,0.0009535227296004631,0.002,1
951,71320.64844,71252.642578125,68.00585938,0.0009535227296004631,0.002,1
952,71320.64844,71252.642578125,68.00585938,0.0009535227296004631,0.002,1
953,71320.64844,71252.642578125,68.00585938,0.0009535227296004631,0.002,1
954,71320.64844,71252.642578125,68.00585938,0.0009535227296004631,0.002,1
955,71320.64844,71252.642578125,68.00585938,0.0009535227296004631,0.002,1
956,71320.64844,71252.642578125,68.00585938,0.0009535227296004631,0.002,1
957,71320.64844,71252.642578125,68.00585938,0.0009535227296004631,0.002,1
958,71320.64844,71252.642578125,68.00585938,0.0009535227296004631,0.002,1
959,71320.64844,71252.642578125,68.00585938,0.0009535227296004631,0.002,1
960,71320.64844,71252.642578125,68.00585938,0.0009535227296004631,0.002,1
961,71320.64844,71252.642578125,68.00585938,0.0009535227296004631,0.002,1
962,71320.64844,71252.642578125,68.00585938,0.0009535227296004631,0.002,1
963,71320.64844,71252.642578125,68.00585938,0.0009535227296004631,0.002,1
964,71320.64844,71252.642578125,68.00585938,0.0009535227296004631,0.002,1
965,71320.64844,71252.642578125,68.00585938,0.0009535227296004631,0.002,1
966,71320.64844,71252.642578125,68.00585938,0.0009535227296004631,0.002,1
967,71320.64844,71252.642578125,68.00585938,0.0009535227296004631,0.002,1
968,71320.64844,71252.642578125,68.00585938,0.0009535227296004631,0.002,1
969,71320.64844,71252.642578125,68.00585938,0.0009535227296004631,0.002,1
970,71320.64844,71252.642578125,68.00585938,0.0009535227296004631,0.002,1
971,71320.64844,71252.642578125,68.00585938,0.0009535227296004631,0.002,1
972,71320.64844,71252.642578125,68.00585938,0.0009535227296004631,0.002,1
973,71320.64844,71252.642578125,68.00585938,0.0009535227296004631,0.002,1
974,71320.64844,71252.642578125,68.00585938,0.0009535227296004631,0.002,1
975,71320.64844,71252.642578125,68.00585938,0.0009535227296004631,0.002,1
976,71320.64844,71252.642578125,68.00585938,0.0009535227296004631,0.002,1
977,71320.64844,71252.642578125,68.00585938,0.0009535227296004631,0.002,1
978,71320.64844,71252.642578125,68.00585938,0.0009535227296004631,0.002,1
979,71320.64844,71252.642578125,68.00585938,0.0009535227296004631,0.002,1
980,71320.64844,71252.642578125,68.00585938,0.0009535227296004631,0.002,1
981,71320.64844,71252.642578125,68.00585938,0.0009535227296004631,0.002,1
982,71320.64844,71252.642578125,68.00585938,0.0009535227296004631,0.002,1
983,71320.64844,71252.642578125,68.00585938,0.0009535227296004631,0.002,1
984,71320.64844,71252.642578125,68.00585938,0.0009535227296004631,0.002,1
985,71320.64844,71252.642578125,68.00585938,0.0009535227296004631,0.002,1
986,71320.64844,71252.642578125,68.00585938,0.0009535227296004631,0.002,1
987,71320.64844,71252.642578125,68.00585938,0.0009535227296004631,0.002,1
988,71320.64844,71252.642578125,68.00585938,0.0009535227296004631,0.002,1
989,71320.64844,71252.642578125,68.00585938,0.0009535227296004631,0.002,1
990,71320.64844,71252.642578125,68.00585938,0.0009535227296004631,0.002,1
991,71320.64844,71252.642578125,68.00585938,0.0009535227296004631,0.002,1
992,71320.64844,71252.642578125,68.00585938,0.0009535227296004631,0.002,1
993,71320.64844,71252.642578125,68.00585938,0.0009535227296004631,0.002,1
994,71320.64844,71252.642578125,68.00585938,0.0009535227296004631,0.002,1
995,71320.64844,71252.642578125,68.00585938,0.0009535227296004631,0.002,1
996,71320.64844,71252.642578125,68.00585938,0.0009535227296004631,0.002,1
997,71320.64844,71252.642578125,68.00585938,0.0009535227296004631,0.002,1
998,71320.64844,71252.642578125,68.00585938,0.0009535227296004631,0.002,1
999,71320.64844,71252.642578125,68.00585938,0.0009535227296004631,0.002,1
1000,71320.64844,71252.642578125,68.00585938,0.0009535227296004631,0.002,1
1001,71320.64844,71252.642578125,68.00585938,0.0009535227296004631,0.002,1
1002,71320.64844,71252.642578125,68.00585938,0.0009535227296004631,0.002,1
1003,71320.64844,71252.642578125,68.00585938,0.0009535227296004631,0.002,1
1004,71320.64844,71252.642578125,68.00585938,0.0009535227296004631,0.002,1
1005,71320.64844,71252.642578125,68.00585938,0.0009535227296004631,0.002,1
1006,71320.64844,71252.642578125,68.00585938,0.0009535227296004631,0.002,1
1007,71320.64844,71252.642578125,68.00585938,0.0009535227296004631,0.002,1
1008,71320.64844,71252.642578125,68.00585938,0.0009535227296004631,0.002,1
1009,71320.64844,71252.642578125,68.00585938,0.0009535227296004631,0.002,1
1010,71320.64844,71252.642578125,68.00585938,0.0009535227296004631,0.002,1
1011,71320.64844,71252.642578125,68.00585938,0.0009535227296004631,0.002,1
1012,71320.64844,71252.642578125,68.00585938,0.0009535227296004631,0.002,1
1013,71320.64844,71252.642578125,68.00585938,0.0009535227296004631,0.002,1
1014,71320.64844,71252.642578125,68.00585938,0.0009535227296004631,0.002,1
1015,71320.64844,71252.642578125,68.00585938,0.0009535227296004631,0.002,1
1016,71320.64844,71252.642578125,68.00585938,0.0009535227296004631,0.002,1
1017,71320.64844,71252.642578125,68.00585938,0.0009535227296004631,0.002,1
1018,71320.64844,71252.642578125,68.00585938,0.0009535227296004631,0.002,1
1019,71320.64844,71252.642578125,68.00585938,0.0009535227296004631,0.002,1
1020,71320.64844,71252.642578125,68.00585938,0.0009535227296004631,0.002,1
1021,71320.64844,71252.642578125,68.00585938,0.0009535227296004631,0.002,1
1022,71320.64844,71252.642578125,68.00585938,0.0009535227296004631,0.002,1
1023,71320.64844,71252.642578125,68.00585938,0.0009535227296004631,0.002,1
1024,71320.64844,71252.642578125,68.00585938,0.0009535227296004631,0.002,1
1025,71320.64844,71252.642578125,68.00585938,0.0009535227296004631,0.002,1
1026,71320.64844,71252.642578125,68.00585938,0.0009535227296004631,0.002,1
1027,71320.64844,71252.642578125,68.00585938,0.0009535227296004631,0.002,1
1028,71320.64844,71252.642578125,68.00585938,0.0009535227296004631,0.002,1
1029,71320.64844,71252.642578125,68.00585938,0.0009535227296004631,0.002,1
1030,71320.64844,71252.642578125,68.00585938,0.0009535227296004631,0.002,1
1031,71320.64844,71252.642578125,68.00585938,0.0009535227296004631,0.002,1
1032,71320.64844,71252.642578125,68.00585938,0.0009535227296004631,0.002,1
1033,71320.64844,71252.642578125,68.00585938,0.0009535227296004631,0.002,1
1034,71320.64844,71252.642578125,68.00585938,0.0009535227296004631,0.002,1
1035,71320.64844,71252.642578125,68.00585938,0.0009535227296004631,0.002,1
1036,71320.64844,71252.642578125,68.00585938,0.0009535227296004631,0.002,1
1037,71320.64844,71252.642578125,68.00585938,0.0009535227296004631,0.002,1
1038,71320.64844,71252.642578125,68.00585938,0.0009535227296004631,0.002,1
1039,71320.64844,71252.642578125,68.00585938,0.0009535227296004631,0.002,1
1040,71320.64844,71252.642578125,68.00585938,0.0009535227296004631,0.002,1
1041,71320.64844,71252.642578125,68.00585938,0.0009535227296004631,0.002,1
1042,71320.64844,71252.642578125,68.00585938,0.0009535227296004631,0.002,1
1043,71320.64844,71252.642578125,68.00585938,0.0009535227296004631,0.002,1
1044,71320.64844,71252.642578125,68.00585938,0.0009535227296004631,0.002,1
1045,71320.64844,71252.642578125,68.00585938,0.0009535227296004631,0.002,1
1046,71320.64844,71252.642578125,68.00585938,0.0009535227296004631,0.002,1
1047,71320.64844,71252.642578125,68.00585938,0.0009535227296004631,0.002,1
1048,71320.64844,71252.642578125,68.00585938,0.0009535227296004631,0.002,1
1049,71320.64844,71252.642578125,68.00585938,0.0009535227296004631,0.002,1
1050,71320.64844,71252.642578125,68.00585938,0.0009535227296004631,0.002,1
1051,71320.64844,71252.642578125,68.00585938,0.0009535227296004631,0.002,1
1052,71320.64844,71252.642578125,68.00585938,0.0009535227296004631,0.002,1
1053,71320.64844,71252.642578125,68.00585938,0.0009535227296004631,0.002,1
1054,71320.64844,71252.642578125,68.00585938,0.0009535227296004631,0.002,1
1055,71320.64844,71252.642578125,68.00585938,0.0009535227296004631,0.002,1
1056,71320.64844,71252.642578125,68.00585938,0.0009535227296004631,0.002,1
1057,71320.64844,71252.642578125,68.00585938,0.0009535227296004631,0.002,1
1058,71320.64844,71252.642578125,68.00585938,0.0009535227296004631,0.002,1
1059,71320.64844,71252.642578125,68.00585938,0.0009535227296004631,0.002,1
1060,71320.64844,71252.642578125,68.00585938,0.0009535227296004631,0.002,1
1061,71320.64844,71252.642578125,68.00585938,0.0009535227296004631,0.002,1
1062,71320.64844,71252.642578125,68.00585938,0.0009535227296004631,0.002,1
1063,71320.64844,71252.642578125,68.00585938,0.0009535227296004631,0.002,1
1064,71320.64844,71252.642578125,68.00585938,0.0009535227296004631,0.002,1
1065,71320.64844,71252.642578125,68.00585938,0.0009535227296004631,0.002,1
1066,71320.64844,71252.642578125,68.00585938,0.0009535227296004631,0.002,1
1067,71320.64844,71252.642578125,68.00585938,0.0009535227296004631,0.002,1
1068,71320.64844,71252.642578125,68.00585938,0.0009535227296004631,0.002,1
1069,71320.64844,71252.642578125,68.00585938,0.0009535227296004631,0.002,1
1070,71320.64844,71252.642578125,68.00585938,0.0009535227296004631,0.002,1
1071,71320.64844,71252.642578125,68.00585938,0.0009535227296004631,0.002,1
1072,71320.64844,71252.642578125,68.00585938,0.0009535227296004631,0.002,1
1073,71320.64844,71252.642578125,68.00585938,0.0009535227296004631,0.002,1
1074,71320.64844,71252.642578125,68.00585938,0.0009535227296004631,0.002,1
1075,71320.64844,71252.642578125,68.00585938,0.0009535227296004631,0.002,1
1076,71320.64844,71252.642578125,68.00585938,0.0009535227296004631,0.002,1
1077,71320.64844,71252.642578125,68.00585938,0.0009535227296004631,0.002,1
1078,71320.64844,71252.642578125,68.00585938,0.0009535227296004631,0.002,1
1079,71320.64844,71252.642578125,68.00585938,0.0009535227296004631,0.002,1
1080,71320.64844,71252.642578125,68.00585938,0.0009535227296004631,0.002,1
1081,71320.64844,71252.642578125,68.00585938,0.0009535227296004631,0.002,1
1082,71320.64844,71252.642578125,68.00585938,0.0009535227296004631,0.002,1
1083,71320.64844,71252.642578125,68.00585938,0.0009535227296004631,0.002,1
1084,71320.64844,71252.642578125,68.00585938,0.0009535227296004631,0.002,1
1085,71320.64844,71252.642578125,68.00585938,0.0009535227296004631,0.002,1
1086,71320.64844,71252.642578125,68.00585938,0.0009535227296004631,0.002,1
1087,71320.64844,71252.642578125,68.00585938,0.0009535227296004631,0.002,1
1088,71320.64844,71252.642578125,68.00585938,0.0009535227296004631,0.002,1
1089,71320.64844,71252.642578125,68.00585938,0.0009535227296004631,0.002,1
1090,71320.64844,71252.642578125,68.00585938,0.0009535227296004631,0.002,1
1091,71320.64844,71252.642578125,68.00585938,0.0009535227296004631,0.002,1
1092,71320.64844,71252.642578125,68.00585938,0.0009535227296004631,0.002,1
1093,71320.64844,71252.642578125,68.00585938,0.0009535227296004631,0.002,1
1094,71320.64844,71252.642578125,68.00585938,0.0009535227296004631,0.002,1
1095,71320.64844,71252.642578125,68.00585938,0.0009535227296004631,0.002,1
1096,71320.64844,71252.642578125,68.00585938,0.0009535227296004631,0.002,1
1097,71320.64844,71252.642578125,68.00585938,0.0009535227296004631,0.002,1
1098,71320.64844,71252.642578125,68.00585938,0.0009535227296004631,0.002,1
1099,71320.64844,71252.642578125,68.00585938,0.0009535227296004631,0.002,1
1100,71320.64844,71252.642578125,68.00585938,0.0009535227296004631,0.002,1
1101,71320.64844,71252.642578125,68.00585938,0.0009535227296004631,0.002,1
1102,71320.64844,71252.642578125,68.00585938,0.0009535227296004631,0.002,1
1103,71320.64844,71252.642578125,68.00585938,0.0009535227296004631,0.002,1
1104,71320.64844,71252.642578125,68.00585938,0.0009535227296004631,0.002,1
1105,71320.64844,71252.642578125,68.00585938,0.0009535227296004631,0.002,1
1106,71320.64844,71252.642578125,68.00585938,0.0009535227296004631,0.002,1
1107,71320.64844,71252.642578125,68.00585938,0.0009535227296004631,0.002,1
1108,71320.64844,71252.642578125,68.00585938,0.0009535227296004631,0.002,1
1109,71320.64844,71252.642578125,68.00585938,0.0009535227296004631,0.002,1
1110,71320.64844,71252.642578125,68.00585938,0.0009535227296004631,0.002,1
1111,71320.64844,71252.642578125,68.00585938,0.0009535227296004631,0.002,1
1112,71320.64844,71252.642578125,68.00585938,0.0009535227296004631,0.002,1
1113,71320.64844,71252.642578125,68.00585938,0.0009535227296004631,0.002,1
1114,71320.64844,71252.642578125,68.00585938,0.0009535227296004631,0.002,1
1115,71320.64844,71252.642578125,68.00585938,0.0009535227296004631,0.002,1
1116,71320.64844,71252.642578125,68.00585938,0.0009535227296004631,0.002,1
1117,71320.64844,71252.642578125,68.00585938,0.0009535227296004631,0.002,1
1118,71320.64844,71252.642578125,68.00585938,0.0009535227296004631,0.002,1
1119,71320.64844,71252.642578125,68.00585938,0.0009535227296004631,0.002,1
1120,71320.64844,71252.642578125,68.00585938,0.0009535227296004631,0.002,1
1121,71320.64844,71252.642578125,68.00585938,0.0009535227296004631,0.002,1
1122,71320.64844,71252.642578125,68.00585938,0.0009535227296004631,0.002,1
1123,71320.64844,71252.642578125,68.00585938,0.0009535227296004631,0.002,1
1124,71320.64844,71252.642578125,68.00585938,0.0009535227296004631,0.002,1
1125,71320.64844,71252.642578125,68.00585938,0.0009535227296004631,0.002,1
1126,71320.64844,71252.642578125,68.00585938,0.0009535227296004631,0.002,1
1127,71320.64844,71252.642578125,68.00585938,0.0009535227296004631,0.002,1
1128,71320.64844,71252.642578125,68.00585938,0.0009535227296004631,0.002,1
1129,71320.64844,71252.642578125,68.00585938,0.0009535227296004631,0.002,1
1130,71320.64844,71252.642578125,68.00585938,0.0009535227296004631,0.002,1
1131,71320.64844,71252.642578125,68.00585938,0.0009535227296004631,0.002,1
1132,71320.64844,71252.642578125,68.00585938,0.0009535227296004631,0.002,1
1133,71320.64844,71252.642578125,68.00585938,0.0009535227296004631,0.002,1
1134,71320.64844,71252.642578125,68.00585938,0.0009535227296004631,0.002,1
1135,71320.64844,71252.642578125,68.00585938,0.0009535227296004631,0.002,1
1136,71320.64844,71252.642578125,68.00585938,0.0009535227296004631,0.002,1
1137,71320.64844,71252.642578125,68.00585938,0.0009535227296004631,0.002,1
1138,71320.64844,71252.642578125,68.00585938,0.0009535227296004631,0.002,1
1139,71320.64844,71252.642578125,68.00585938,0.0009535227296004631,0.002,1
1140,71320.64844,71252.642578125,68.00585938,0.0009535227296004631,0.002,1
1141,71320.64844,71252.642578125,68.00585938,0.0009535227296004631,0.002,1
1142,71320.64844,71252.642578125,68.00585938,0.0009535227296004631,0.002,1
1143,71320.64844,71252.642578125,68.00585938,0.0009535227296004631,0.002,1
1144,71320.64844,71252.642578125,68.00585938,0.0009535227296004631,0.002,1
1145,71320.64844,71252.642578125,68.00585938,0.0009535227296004631,0.002,1
1146,71320.64844,71252.642578125,68.00585938,0.0009535227296004631,0.002,1
1147,71320.64844,71252.642578125,68.00585938,0.0009535227296004631,0.002,1
1148,71320.64844,71252.642578125,68.00585938,0.0009535227296004631,0.002,1
1149,71320.64844,71252.642578125,68.00585938,0.0009535227296004631,0.002,1
1150,71320.64844,71252.642578125,68.00585938,0.0009535227296004631,0.002,1
1151,71320.64844,71252.642578125,68.00585938,0.0009535227296004631,0.002,1
1152,71320.64844,71252.642578125,68.00585938,0.0009535227296004631,0.002,1
1153,71320.64844,71252.642578125,68.00585938,0.0009535227296004631,0.002,1
1154,71320.64844,71252.642578125,68.00585938,0.0009535227296004631,0.002,1
1155,71320.64844,71252.642578125,68.00585938,0.0009535227296004631,0.002,1
1156,71320.64844,71252.642578125,68.00585938,0.0009535227296004631,0.002,1
1157,71320.64844,71252.642578125,68.00585938,0.0009535227296004631,0.002,1
1158,71320.64844,71252.642578125,68.00585938,0.0009535227296004631,0.002,1
1159,71320.64844,71252.642578125,68.00585938,0.0009535227296004631,0.002,1
1160,71320.64844,71252.642578125,68.00585938,0.0009535227296004631,0.002,1
1161,71320.64844,71252.642578125,68.00585938,0.0009535227296004631,0.002,1
1162,71320.64844,71252.642578125,68.00585938,0.0009535227296004631,0.002,1
1163,71320.64844,71252.642578125,68.00585938,0.0009535227296004631,0.002,1
1164,71320.64844,71252.642578125,68.00585938,0.0009535227296004631,0.002,1
1165,71320.64844,71252.642578125,68.00585938,0.0009535227296004631,0.002,1
1166,71320.64844,71252.642578125,68.00585938,0.0009535227296004631,0.002,1
1167,71320.64844,71252.642578125,68.00585938,0.0009535227296004631,0.002,1
1168,71320.64844,71252.642578125,68.00585938,0.0009535227296004631,0.002,1
1169,71320.64844,71252.642578125,68.00585938,0.0009535227296004631,0.002,1
1170,71320.64844,71252.642578125,68.00585938,0.0009535227296004631,0.002,1
1171,71320.64844,71252.642578125,68.00585938,0.0009535227296004631,0.002,1
1172,71320.64844,71252.642578125,68.00585938,0.0009535227296004631,0.002,1
1173,71320.64844,71252.642578125,68.00585938,0.0009535227296004631,0.002,1
1174,71320.64844,71252.642578125,68.00585938,0.0009535227296004631,0.002,1
1175,71320.64844,71252.642578125,68.00585938,0.0009535227296004631,0.002,1
1176,71320.64844,71252.642578125,68.00585938,0.0009535227296004631,0.002,1
1177,71320.64844,71252.642578125,68.00585938,0.0009535227296004631,0.002,1
1178,71320.64844,71252.642578125,68.00585938,0.0009535227296004631,0.002,1
1179,71320.64844,71252.642578125,68.00585938,0.0009535227296004631,0.002,1
1180,71320.64844,71252.642578125,68.00585938,0.0009535227296004631,0.002,1
1181,71320.64844,71252.642578125,68.00585938,0.0009535227296004631,0.002,1
1182,71320.64844,71252.642578125,68.00585938,0.0009535227296004631,0.002,1
1183,71320.64844,71252.642578125,68.00585938,0.0009535227296004631,0.002,1
1184,71320.64844,71252.642578125,68.00585938,0.0009535227296004631,0.002,1
1185,71320.64844,71252.642578125,68.00585938,0.0009535227296004631,0.002,1
1186,71320.64844,71252.642578125,68.00585938,0.0009535227296004631,0.002,1
1187,71320.64844,71252.642578125,68.00585938,0.0009535227296004631,0.002,1
1188,71320.64844,71252.642578125,68.00585938,0.0009535227296004631,0.002,1
1189,71320.64844,71252.642578125,68.00585938,0.0009535227296004631,0.002,1
1190,71320.64844,71252.642578125,68.00585938,0.0009535227296004631,0.002,1
1191,71320.64844,71252.642578125,68.00585938,0.0009535227296004631,0.002,1
1192,71320.64844,71252.642578125,68.00585938,0.0009535227296004631,0.002,1
1193,71320.64844,71252.642578125,68.00585938,0.0009535227296004631,0.002,1
1194,71320.64844,71252.642578125,68.00585938,0.0009535227296004631,0.002,1
1195,71320.64844,71252.642578125,68.00585938,0.0009535227296004631,0.002,1
1196,71320.64844,71252.642578125,68.00585938,0.0009535227296004631,0.002,1
1197,71320.64844,71252.642578125,68.00585938,0.0009535227296004631,0.002,1
1198,71320.64844,71252.642578125,68.00585938,0.0009535227296004631,0.002,1
1199,71320.64844,71252.642578125,68.00585938,0.0009535227296004631,0.002,1
1200,71320.64844,71252.642578125,68.00585938,0.0009535227296004631,0.002,1
1201,71320.64844,71252.642578125,68.00585938,0.0009535227296004631,0.002,1
1202,71320.64844,71252.642578125,68.00585938,0.0009535227296004631,0.002,1
1203,71320.64844,71252.642578125,68.00585938,0.0009535227296004631,0.002,1
1204,71320.64844,71252.642578125,68.00585938,0.0009535227296004631,0.002,1
1205,71320.64844,71252.642578125,68.00585938,0.0009535227296004631,0.002,1
1206,71320.64844,71252.642578125,68.00585938,0.0009535227296004631,0.002,1
1207,71320.64844,71252.642578125,68.00585938,0.0009535227296004631,0.002,1
1208,71320.64844,71252.642578125,68.00585938,0.0009535227296004631,0.002,1
1209,71320.64844,71252.642578125,68.00585938,0.0009535227296004631,0.002,1
1210,71320.64844,71252.642578125,68.00585938,0.0009535227296004631,0.002,1
1211,71320.64844,71252.642578125,68.00585938,0.0009535227296004631,0.002,1
1212,71320.64844,71252.642578125,68.00585938,0.0009535227296004631,0.002,1
1213,71320.64844,71252.642578125,68.00585938,0.0009535227296004631,0.002,1
1214,71320.64844,71252.642578125,68.00585938,0.0009535227296004631,0.002,1
1215,71320.64844,71252.642578125,68.00585938,0.0009535227296004631,0.002,1
1216,71320.64844,71252.642578125,68.00585938,0.0009535227296004631,0.002,1
1217,71320.64844,71252.642578125,68.00585938,0.0009535227296004631,0.002,1
1218,71320.64844,71252.642578125,68.00585938,0.0009535227296004631,0.002,1
1219,71320.64844,71252.642578125,68.00585938,0.0009535227296004631,0.002,1
1220,71320.64844,71252.642578125,68.00585938,0.0009535227296004631,0.002,1
1221,71320.64844,71252.642578125,68.00585938,0.0009535227296004631,0.002,1
1222,71320.64844,71252.642578125,68.00585938,0.0009535227296004631,0.002,1
1223,71320.64844,71252.642578125,68.00585938,0.0009535227296004631,0.002,1
1224,71320.64844,71252.642578125,68.00585938,0.0009535227296004631,0.002,1
1225,71320.64844,71252.642578125,68.00585938,0.0009535227296004631,0.002,1
1226,71320.64844,71252.642578125,68.00585938,0.0009535227296004631,0.002,1
1227,71320.64844,71252.642578125,68.00585938,0.0009535227296004631,0.002,1
1228,71320.64844,71252.642578125,68.00585938,0.0009535227296004631,0.002,1
1229,71320.64844,71252.642578125,68.00585938,0.0009535227296004631,0.002,1
1230,71320.64844,71252.642578125,68.00585938,0.0009535227296004631,0.002,1
1231,71320.64844,71252.642578125,68.00585938,0.0009535227296004631,0.002,1
1232,71320.64844,71252.642578125,68.00585938,0.0009535227296004631,0.002,1
1233,71320.64844,71252.642578125,68.00585938,0.0009535227296004631,0.002,1
1234,71320.64844,71252.642578125,68.00585938,0.0009535227296004631,0.002,1
1235,71320.64844,71252.642578125,68.00585938,0.0009535227296004631,0.002,1
1236,71320.64844,71252.642578125,68.00585938,0.0009535227296004631,0.002,1
1237,71320.64844,71252.642578125,68.00585938,0.0009535227296004631,0.002,1
1238,71320.64844,71252.642578125,68.00585938,0.0009535227296004631,0.002,1
1239,71320.64844,71252.642578125,68.00585938,0.0009535227296004631,0.002,1
1240,71320.64844,71252.642578125,68.00585938,0.0009535227296004631,0.002,1
1241,71320.64844,71252.642578125,68.00585938,0.0009535227296004631,0.002,1
1242,71320.64844,71252.642578125,68.00585938,0.0009535227296004631,0.002,1
1243,71320.64844,71252.642578125,68.00585938,0.0009535227296004631,0.002,1
1244,71320.64844,71252.642578125,68.00585938,0.0009535227296004631,0.002,1
1245,71320.64844,71252.642578125,68.00585938,0.0009535227296004631,0.002,1
1246,71320.64844,71252.642578125,68.00585938,0.0009535227296004631,0.002,1
1247,71320.64844,71252.642578125,68.00585938,0.0009535227296004631,0.002,1
1248,71320.64844,71252.642578125,68.00585938,0.0009535227296004631,0.002,1
1249,71320.64844,71252.642578125,68.00585938,0.0009535227296004631,0.002,1
1250,71320.64844,71252.642578125,68.00585938,0.0009535227296004631,0.002,1
1251,71320.64844,71252.642578125,68.00585938,0.0009535227296004631,0.002,1
1252,71320.64844,71252.642578125,68.00585938,0.0009535227296004631,0.002,1
1253,71320.64844,71252.642578125,68.00585938,0.0009535227296004631,0.002,1
1254,71320.64844,71252.642578125,68.00585938,0.0009535227296004631,0.002,1
1255,71320.64844,71252.642578125,68.00585938,0.0009535227296004631,0.002,1
1256,71320.64844,71252.642578125,68.00585938,0.0009535227296004631,0.002,1
1257,71320.64844,71252.642578125,68.00585938,0.0009535227296004631,0.002,1
1258,71320.64844,71252.642578125,68.00585938,0.0009535227296004631,0.002,1
1259,71320.64844,71252.642578125,68.00585938,0.0009535227296004631,0.002,1
1260,71320.64844,71252.642578125,68.00585938,0.0009535227296004631,0.002,1
1261,71320.64844,71252.642578125,68.00585938,0.0009535227296004631,0.002,1
1262,71320.64844,71252.642578125,68.00585938,0.0009535227296004631,0.002,1
1263,71320.64844,71252.642578125,68.00585938,0.0009535227296004631,0.002,1
1264,71320.64844,71252.642578125,68.00585938,0.0009535227296004631,0.002,1
1265,71320.64844,71252.642578125,68.00585938,0.0009535227296004631,0.002,1
1266,71320.64844,71252.642578125,68.00585938,0.0009535227296004631,0.002,1
1267,71320.64844,71252.642578125,68.00585938,0.0009535227296004631,0.002,1
1268,71320.64844,71252.642578125,68.00585938,0.0009535227296004631,0.002,1
1269,71320.64844,71252.642578125,68.00585938,0.0009535227296004631,0.002,1
1270,71320.64844,71252.642578125,68.00585938,0.0009535227296004631,0.002,1
1271,71320.64844,71252.642578125,68.00585938,0.0009535227296004631,0.002,1
1272,71320.64844,71252.642578125,68.00585938,0.0009535227296004631,0.002,1
1273,71320.64844,71252.642578125,68.00585938,0.0009535227296004631,0.002,1
1274,71320.64844,71252.642578125,68.00585938,0.0009535227296004631,0.002,1
1275,71320.64844,71252.642578125,68.00585938,0.0009535227296004631,0.002,1
1276,71320.64844,71252.642578125,68.00585938,0.0009535227296004631,0.002,1
1277,71320.64844,71252.642578125,68.00585938,0.0009535227296004631,0.002,1
1278,71320.64844,71252.642578125,68.00585938,0.0009535227296004631,0.002,1
1279,71320.64844,71252.642578125,68.00585938,0.0009535227296004631,0.002,1
1280,71320.64844,71252.642578125,68.00585938,0.0009535227296004631,0.002,1
1281,71320.64844,71252.642578125,68.00585938,0.0009535227296004631,0.002,1
1282,71320.64844,71252.642578125,68.00585938,0.0009535227296004631,0.002,1
1283,71320.64844,71252.642578125,68.00585938,0.0009535227296004631,0.002,1
1284,71320.64844,71252.642578125,68.00585938,0.0009535227296004631,0.002,1
1285,71320.64844,71252.642578125,68.00585938,0.0009535227296004631,0.002,1
1286,71320.64844,71252.642578125,68.00585938,0.0009535227296004631,0.002,1
1287,71320.64844,71252.642578125,68.00585938,0.0009535227296004631,0.002,1
1288,71320.64844,71252.642578125,68.00585938,0.0009535227296004631,0.002,1
1289,71320.64844,71252.642578125,68.00585938,0.0009535227296004631,0.002,1
1290,71320.64844,71252.642578125,68.00585938,0.0009535227296004631,0.002,1
1291,71320.64844,71252.642578125,68.00585938,0.0009535227296004631,0.002,1
1292,71320.64844,71252.642578125,68.00585938,0.0009535227296004631,0.002,1
1293,71320.64844,71252.642578125,68.00585938,0.0009535227296004631,0.002,1
1294,71320.64844,71252.642578125,68.00585938,0.0009535227296004631,0.002,1
1295,71320.64844,71252.642578125,68.00585938,0.0009535227296004631,0.002,1
1296,71320.64844,71252.642578125,68.00585938,0.0009535227296004631,0.002,1
1297,71320.64844,71252.642578125,68.00585938,0.0009535227296004631,0.002,1
1298,71320.64844,71252.642578125,68.00585938,0.0009535227296004631,0.002,1
1299,71320.64844,71252.642578125,68.00585938,0.0009535227296004631,0.002,1
1300,71320.64844,71252.642578125,68.00585938,0.0009535227296004631,0.002,1
1301,71320.64844,71252.642578125,68.00585938,0.0009535227296004631,0.002,1
1302,71320.64844,71252.642578125,68.00585938,0.0009535227296004631,0.002,1
1303,71320.64844,71252.642578125,68.00585938,0.0009535227296004631,0.002,1
1304,71320.64844,71252.642578125,68.00585938,0.0009535227296004631,0.002,1
1305,71320.64844,71252.642578125,68.00585938,0.0009535227296004631,0.002,1
1306,71320.64844,71252.642578125,68.00585938,0.0009535227296004631,0.002,1
1307,71320.64844,71252.642578125,68.00585938,0.0009535227296004631,0.002,1
1308,71320.64844,71252.642578125,68.00585938,0.0009535227296004631,0.002,1
1309,71320.64844,71252.642578125,68.00585938,0.0009535227296004631,0.002,1
1310,71320.64844,71252.642578125,68.00585938,0.0009535227296004631,0.002,1
1311,71320.64844,71252.642578125,68.00585938,0.0009535227296004631,0.002,1
1312,71320.64844,71252.642578125,68.00585938,0.0009535227296004631,0.002,1
1313,71320.64844,71252.642578125,68.00585938,0.0009535227296004631,0.002,1
1314,71320.64844,71252.642578125,68.00585938,0.0009535227296004631,0.002,1
1315,71320.64844,71252.642578125,68.00585938,0.0009535227296004631,0.002,1
1316,71320.64844,71252.642578125,68.00585938,0.0009535227296004631,0.002,1
1317,71320.64844,71252.642578125,68.00585938,0.0009535227296004631,0.002,1
1318,71320.64844,71252.642578125,68.00585938,0.0009535227296004631,0.002,1
1319,71320.64844,71252.642578125,68.00585938,0.0009535227296004631,0.002,1
1320,71320.64844,71252.642578125,68.00585938,0.0009535227296004631,0.002,1
1321,71320.64844,71252.642578125,68.00585938,0.0009535227296004631,0.002,1
1322,71320.64844,71252.642578125,68.00585938,0.0009535227296004631,0.002,1
1323,71320.64844,71252.642578125,68.00585938,0.0009535227296004631,0.002,1
1324,71320.64844,71252.642578125,68.00585938,0.0009535227296004631,0.002,1
1325,71320.64844,71252.642578125,68.00585938,0.0009535227296004631,0.002,1
1326,71320.64844,71252.642578125,68.00585938,0.0009535227296004631,0.002,1
1327,71320.64844,71252.642578125,68.00585938,0.0009535227296004631,0.002,1
1328,71320.64844,71252.642578125,68.00585938,0.0009535227296004631,0.002,1
1329,71320.64844,71252.642578125,68.00585938,0.0009535227296004631,0.002,1
1330,71320.64844,71252.642578125,68.00585938,0.0009535227296004631,0.002,1
1331,71320.64844,71252.642578125,68.00585938,0.0009535227296004631,0.002,1
1332,71320.64844,71252.642578125,68.00585938,0.0009535227296004631,0.002,1
1333,71320.64844,71252.642578125,68.00585938,0.0009535227296004631,0.002,1
1334,71320.64844,71252.642578125,68.00585938,0.0009535227296004631,0.002,1
1335,71320.64844,71252.642578125,68.00585938,0.0009535227296004631,0.002,1
1336,71320.64844,71252.642578125,68.00585938,0.0009535227296004631,0.002,1
1337,71320.64844,71252.642578125,68.00585938,0.0009535227296004631,0.002,1
1338,71320.64844,71252.642578125,68.00585938,0.0009535227296004631,0.002,1
1339,71320.64844,71252.642578125,68.00585938,0.0009535227296004631,0.002,1
1340,71320.64844,71252.642578125,68.00585938,0.0009535227296004631,0.002,1
1341,71320.64844,71252.642578125,68.00585938,0.0009535227296004631,0.002,1
1342,71320.64844,71252.642578125,68.00585938,0.0009535227296004631,0.002,1
1343,71320.64844,71252.642578125,68.00585938,0.0009535227296004631,0.002,1
1344,71320.64844,71252.642578125,68.00585938,0.0009535227296004631,0.002,1
1345,71320.64844,71252.642578125,68.00585938,0.0009535227296004631,0.002,1
1346,71320.64844,71252.642578125,68.00585938,0.0009535227296004631,0.002,1
1347,71320.64844,71252.642578125,68.00585938,0.0009535227296004631,0.002,1
1348,71320.64844,71252.642578125,68.00585938,0.0009535227296004631,0.002,1
1349,71320.64844,71252.642578125,68.00585938,0.0009535227296004631,0.002,1
1350,71320.64844,71252.642578125,68.00585938,0.0009535227296004631,0.002,1
1351,71320.64844,71252.642578125,68.00585938,0.0009535227296004631,0.002,1
1352,71320.64844,71252.642578125,68.00585938,0.0009535227296004631,0.002,1
1353,71320.64844,71252.642578125,68.00585938,0.0009535227296004631,0.002,1
1354,71320.64844,71252.642578125,68.00585938,0.0009535227296004631,0.002,1
1355,71320.64844,71252.642578125,68.00585938,0.0009535227296004631,0.002,1
1356,71320.64844,71252.642578125,68.00585938,0.0009535227296004631,0.002,1
1357,71320.64844,71252.642578125,68.00585938,0.0009535227296004631,0.002,1
1358,71320.64844,71252.642578125,68.00585938,0.0009535227296004631,0.002,1
1359,71320.64844,71252.642578125,68.00585938,0.0009535227296004631,0.002,1
1360,71320.64844,71252.642578125,68.00585938,0.0009535227296004631,0.002,1
1361,71320.64844,71252.642578125,68.00585938,0.0009535227296004631,0.002,1
1362,71320.64844,71252.642578125,68.00585938,0.0009535227296004631,0.002,1
1363,71320.64844,71252.642578125,68.00585938,0.0009535227296004631,0.002,1
1364,71320.64844,71252.642578125,68.00585938,0.0009535227296004631,0.002,1
1365,71320.64844,71252.642578125,68.00585938,0.0009535227296004631,0.002,1
1366,71320.64844,71252.642578125,68.00585938,0.0009535227296004631,0.002,1
1367,71320.64844,71252.642578125,68.00585938,0.0009535227296004631,0.002,1
1368,71320.64844,71252.642578125,68.00585938,0.0009535227296004631,0.002,1
1369,71320.64844,71252.642578125,68.00585938,0.0009535227296004631,0.002,1
1370,71320.64844,71252.642578125,68.00585938,0.0009535227296004631,0.002,1
1371,71320.64844,71252.642578125,68.00585938,0.0009535227296004631,0.002,1
1372,71320.64844,71252.642578125,68.00585938,0.0009535227296004631,0.002,1
1373,71320.64844,71252.642578125,68.00585938,0.0009535227296004631,0.002,1
1374,71320.64844,71252.642578125,68.00585938,0.0009535227296004631,0.002,1
1375,71320.64844,71252.642578125,68.00585938,0.0009535227296004631,0.002,1
1376,71320.64844,71252.642578125,68.00585938,0.0009535227296004631,0.002,1
1377,71320.64844,71252.642578125,68.00585938,0.0009535227296004631,0.002,1
1378,71320.64844,71252.642578125,68.00585938,0.0009535227296004631,0.002,1
1379,71320.64844,71252.642578125,68.00585938,0.0009535227296004631,0.002,1
1380,71320.64844,71252.642578125,68.00585938,0.0009535227296004631,0.002,1
1381,71320.64844,71252.642578125,68.00585938,0.0009535227296004631,0.002,1
1382,71320.64844,71252.642578125,68.00585938,0.0009535227296004631,0.002,1
1383,71320.64844,71252.642578125,68.00585938,0.0009535227296004631,0.002,1
1384,71320.64844,71252.642578125,68.00585938,0.0009535227296004631,0.002,1
1385,71320.64844,71252.642578125,68.00585938,0.0009535227296004631,0.002,1
1386,71320.64844,71252.642578125,68.00585938,0.0009535227296004631,0.002,1
1387,71320.64844,71252.642578125,68.00585938,0.0009535227296004631,0.002,1
1388,71320.64844,71252.642578125,68.00585938,0.0009535227296004631,0.002,1
1389,71320.64844,71252.642578125,68.00585938,0.0009535227296004631,0.002,1
1390,71320.64844,71252.642578125,68.00585938,0.0009535227296004631,0.002,1
1391,71320.64844,71252.642578125,68.00585938,0.0009535227296004631,0.002,1
1392,71320.64844,71252.642578125,68.00585938,0.0009535227296004631,0.002,1
1393,71320.64844,71252.642578125,68.00585938,0.0009535227296004631,0.002,1
1394,71320.64844,71252.642578125,68.00585938,0.0009535227296004631,0.002,1
1395,71320.64844,71252.642578125,68.00585938,0.0009535227296004631,0.002,1
1396,71320.64844,71252.642578125,68.00585938,0.0009535227296004631,0.002,1
1397,71320.64844,71252.642578125,68.00585938,0.0009535227296004631,0.002,1
1398,71320.64844,71252.642578125,68.00585938,0.0009535227296004631,0.002,1
1399,71320.64844,71252.642578125,68.00585938,0.0009535227296004631,0.002,1
1400,71320.64844,71252.642578125,68.00585938,0.0009535227296004631,0.002,1
1401,71320.64844,71252.642578125,68.00585938,0.0009535227296004631,0.002,1
1402,71320.64844,71252.642578125,68.00585938,0.0009535227296004631,0.002,1
1403,71320.64844,71252.642578125,68.00585938,0.0009535227296004631,0.002,1
1404,71320.64844,71252.642578125,68.00585938,0.0009535227296004631,0.002,1
1405,71320.64844,71252.642578125,68.00585938,0.0009535227296004631,0.002,1
1406,71320.64844,71252.642578125,68.00585938,0.0009535227296004631,0.002,1
1407,71320.64844,71252.642578125,68.00585938,0.0009535227296004631,0.002,1
1408,71320.64844,71252.642578125,68.00585938,0.0009535227296004631,0.002,1
1409,71320.64844,71252.642578125,68.00585938,0.0009535227296004631,0.002,1
1410,71320.64844,71252.642578125,68.00585938,0.0009535227296004631,0.002,1
1411,71320.64844,71252.642578125,68.00585938,0.0009535227296004631,0.002,1
1412,71320.64844,71252.642578125,68.00585938,0.0009535227296004631,0.002,1
1413,71320.64844,71252.642578125,68.00585938,0.0009535227296004631,0.002,1
1414,71320.64844,71252.642578125,68.00585938,0.0009535227296004631,0.002,1
1415,71320.64844,71252.642578125,68.00585938,0.0009535227296004631,0.002,1
1416,71320.64844,71252.642578125,68.00585938,0.0009535227296004631,0.002,1
1417,71320.64844,71252.642578125,68.00585938,0.0009535227296004631,0.002,1
1418,71320.64844,71252.642578125,68.00585938,0.0009535227296004631,0.002,1
1419,71320.64844,71252.642578125,68.00585938,0.0009535227296004631,0.002,1
1420,71320.64844,71252.642578125,68.00585938,0.0009535227296004631,0.002,1
1421,71320.64844,71252.642578125,68.00585938,0.0009535227296004631,0.002,1
1422,71320.64844,71252.642578125,68.00585938,0.0009535227296004631,0.002,1
1423,71320.64844,71252.642578125,68.00585938,0.0009535227296004631,0.002,1
1424,71320.64844,71252.642578125,68.00585938,0.0009535227296004631,0.002,1
1425,71320.64844,71252.642578125,68.00585938,0.0009535227296004631,0.002,1
1426,71320.64844,71252.642578125,68.00585938,0.0009535227296004631,0.002,1
1427,71320.64844,71252.642578125,68.00585938,0.0009535227296004631,0.002,1
1428,71320.64844,71252.642578125,68.00585938,0.0009535227296004631,0.002,1
1429,71320.64844,71252.642578125,68.00585938,0.0009535227296004631,0.002,1
1430,71320.64844,71252.642578125,68.00585938,0.0009535227296004631,0.002,1
1431,71320.64844,71252.642578125,68.00585938,0.0009535227296004631,0.002,1
1432,71320.64844,71252.642578125,68.00585938,0.0009535227296004631,0.002,1
1433,71320.64844,71252.642578125,68.00585938,0.0009535227296004631,0.002,1
1434,71320.64844,71252.642578125,68.00585938,0.0009535227296004631,0.002,1
1435,71320.64844,71252.642578125,68.00585938,0.0009535227296004631,0.002,1
1436,71320.64844,71252.642578125,68.00585938,0.0009535227296004631,0.002,1
1437,71320.64844,71252.642578125,68.00585938,0.0009535227296004631,0.002,1
1438,71320.64844,71252.642578125,68.00585938,0.0009535227296004631,0.002,1
1439,71320.64844,71252.642578125,68.00585938,0.0009535227296004631,0.002,1
1440,71320.64844,71252.642578125,68.00585938,0.0009535227296004631,0.002,1
1441,71320.64844,71252.642578125,68.00585938,0.0009535227296004631,0.002,1
1442,71320.64844,71252.642578125,68.00585938,0.0009535227296004631,0.002,1
1443,71320.64844,71252.642578125,68.00585938,0.0009535227296004631,0.002,1
1444,71320.64844,71252.642578125,68.00585938,0.0009535227296004631,0.002,1
1445,71320.64844,71252.642578125,68.00585938,0.0009535227296004631,0.002,1
1446,71320.64844,71252.642578125,68.00585938,0.0009535227296004631,0.002,1
1447,71320.64844,71252.642578125,68.00585938,0.0009535227296004631,0.002,1
1448,71320.64844,71252.642578125,68.00585938,0.0009535227296004631,0.002,1
1449,71320.64844,71252.642578125,68.00585938,0.0009535227296004631,0.002,1
1450,71320.64844,71252.642578125,68.00585938,0.0009535227296004631,0.002,1
1451,71320.64844,71252.642578125,68.00585938,0.0009535227296004631,0.002,1
1452,71320.64844,71252.642578125,68.00585938,0.0009535227296004631,0.002,1
1453,71320.64844,71252.642578125,68.00585938,0.0009535227296004631,0.002,1
1454,71320.64844,71252.642578125,68.00585938,0.0009535227296004631,0.002,1
1455,71320.64844,71252.642578125,68.00585938,0.0009535227296004631,0.002,1
1456,71320.64844,71252.642578125,68.00585938,0.0009535227296004631,0.002,1
1457,71320.64844,71252.642578125,68.00585938,0.0009535227296004631,0.002,1
1458,71320.64844,71252.642578125,68.00585938,0.0009535227296004631,0.002,1
1459,71320.64844,71252.642578125,68.00585938,0.0009535227296004631,0.002,1
1460,71320.64844,71252.642578125,68.00585938,0.0009535227296004631,0.002,1
1461,71320.64844,71252.642578125,68.00585938,0.0009535227296004631,0.002,1
1462,71320.64844,71252.642578125,68.00585938,0.0009535227296004631,0.002,1
1463,71320.64844,71252.642578125,68.00585938,0.0009535227296004631,0.002,1
1464,71320.64844,71252.642578125,68.00585938,0.0009535227296004631,0.002,1
1465,71320.64844,71252.642578125,68.00585938,0.0009535227296004631,0.002,1
1466,71320.64844,71252.642578125,68.00585938,0.0009535227296004631,0.002,1
1467,71320.64844,71252.642578125,68.00585938,0.0009535227296004631,0.002,1
1468,71320.64844,71252.642578125,68.00585938,0.0009535227296004631,0.002,1
1469,71320.64844,71252.642578125,68.00585938,0.0009535227296004631,0.002,1
1470,71320.64844,71252.642578125,68.00585938,0.0009535227296004631,0.002,1
1471,71320.64844,71252.642578125,68.00585938,0.0009535227296004631,0.002,1
1472,71320.64844,71252.642578125,68.00585938,0.0009535227296004631,0.002,1
1473,71320.64844,71252.642578125,68.00585938,0.0009535227296004631,0.002,1
1474,71320.64844,71252.642578125,68.00585938,0.0009535227296004631,0.002,1
1475,71320.64844,71252.642578125,68.00585938,0.0009535227296004631,0.002,1
1476,71320.64844,71252.642578125,68.00585938,0.0009535227296004631,0.002,1
1477,71320.64844,71252.642578125,68.00585938,0.0009535227296004631,0.002,1
1478,71320.64844,71252.642578125,68.00585938,0.0009535227296004631,0.002,1
1479,71320.64844,71252.642578125,68.00585938,0.0009535227296004631,0.002,1
1480,71320.64844,71252.642578125,68.00585938,0.0009535227296004631,0.002,1
1481,71320.64844,71252.642578125,68.00585938,0.0009535227296004631,0.002,1
1482,71320.64844,71252.642578125,68.00585938,0.0009535227296004631,0.002,1
1483,71320.64844,71252.642578125,68.00585938,0.0009535227296004631,0.002,1
1484,71320.64844,71252.642578125,68.00585938,0.0009535227296004631,0.002,1
1485,71320.64844,71252.642578125,68.00585938,0.0009535227296004631,0.002,1
1486,71320.64844,71252.642578125,68.00585938,0.0009535227296004631,0.002,1
1487,71320.64844,71252.642578125,68.00585938,0.0009535227296004631,0.002,1
1488,71320.64844,71252.642578125,68.00585938,0.0009535227296004631,0.002,1
1489,71320.64844,71252.642578125,68.00585938,0.0009535227296004631,0.002,1
1490,71320.64844,71252.642578125,68.00585938,0.0009535227296004631,0.002,1
1491,71320.64844,71252.642578125,68.00585938,0.0009535227296004631,0.002,1
1492,71320.64844,71252.642578125,68.00585938,0.0009535227296004631,0.002,1
1493,71320.64844,71252.642578125,68.00585938,0.0009535227296004631,0.002,1
1494,71320.64844,71252.642578125,68.00585938,0.0009535227296004631,0.002,1
1495,71320.64844,71252.642578125,68.00585938,0.0009535227296004631,0.002,1
1496,71320.64844,71252.642578125,68.00585938,0.0009535227296004631,0.002,1
1497,71320.64844,71252.642578125,68.00585938,0.0009535227296004631,0.002,1
1498,71320.64844,71252.642578125,68.00585938,0.0009535227296004631,0.002,1
1499,71320.64844,71252.642578125,68.00585938,0.0009535227296004631,0.002,1
1500,71320.64844,71252.642578125,68.00585938,0.0009535227296004631,0.002,1
1501,71320.64844,71252.642578125,68.00585938,0.0009535227296004631,0.002,1
1502,71320.64844,71252.642578125,68.00585938,0.0009535227296004631,0.002,1
1503,71320.64844,71252.642578125,68.00585938,0.0009535227296004631,0.002,1
1504,71320.64844,71252.642578125,68.00585938,0.0009535227296004631,0.002,1
1505,71320.64844,71252.642578125,68.00585938,0.0009535227296004631,0.002,1
1506,71320.64844,71252.642578125,68.00585938,0.0009535227296004631,0.002,1
1507,71320.64844,71252.642578125,68.00585938,0.0009535227296004631,0.002,1
1508,71320.64844,71252.642578125,68.00585938,0.0009535227296004631,0.002,1
1509,71320.64844,71252.642578125,68.00585938,0.0009535227296004631,0.002,1
1510,71320.64844,71252.642578125,68.00585938,0.0009535227296004631,0.002,1
1511,71320.64844,71252.642578125,68.00585938,0.0009535227296004631,0.002,1
1512,71320.64844,71252.642578125,68.00585938,0.0009535227296004631,0.002,1
1513,71320.64844,71252.642578125,68.00585938,0.0009535227296004631,0.002,1
1514,71320.64844,71252.642578125,68.00585938,0.0009535227296004631,0.002,1
1515,71320.64844,71252.642578125,68.00585938,0.0009535227296004631,0.002,1
1516,71320.64844,71252.642578125,68.00585938,0.0009535227296004631,0.002,1
1517,71320.64844,71252.642578125,68.00585938,0.0009535227296004631,0.002,1
1518,71320.64844,71252.642578125,68.00585938,0.0009535227296004631,0.002,1
1519,71320.64844,71252.642578125,68.00585938,0.0009535227296004631,0.002,1
1520,71320.64844,71252.642578125,68.00585938,0.0009535227296004631,0.002,1
1521,71320.64844,71252.642578125,68.00585938,0.0009535227296004631,0.002,1
1522,71320.64844,71252.642578125,68.00585938,0.0009535227296004631,0.002,1
1523,71320.64844,71252.642578125,68.00585938,0.0009535227296004631,0.002,1
1524,71320.64844,71252.642578125,68.00585938,0.0009535227296004631,0.002,1
1525,71320.64844,71252.642578125,68.00585938,0.0009535227296004631,0.002,1
1526,71320.64844,71252.642578125,68.00585938,0.0009535227296004631,0.002,1
1527,71320.64844,71252.642578125,68.00585938,0.0009535227296004631,0.002,1
1528,71320.64844,71252.642578125,68.00585938,0.0009535227296004631,0.002,1
1529,71320.64844,71252.642578125,68.00585938,0.0009535227296004631,0.002,1
1530,71320.64844,71252.642578125,68.00585938,0.0009535227296004631,0.002,1
1531,71320.64844,71252.642578125,68.00585938,0.0009535227296004631,0.002,1
1532,71320.64844,71252.642578125,68.00585938,0.0009535227296004631,0.002,1
1533,71320.64844,71252.642578125,68.00585938,0.0009535227296004631,0.002,1
1534,71320.64844,71252.642578125,68.00585938,0.0009535227296004631,0.002,1
1535,71320.64844,71252.642578125,68.00585938,0.0009535227296004631,0.002,1
1536,71320.64844,71252.642578125,68.00585938,0.0009535227296004631,0.002,1
1537,71320.64844,71252.642578125,68.00585938,0.0009535227296004631,0.002,1
1538,71320.64844,71252.642578125,68.00585938,0.0009535227296004631,0.002,1
1539,71320.64844,71252.642578125,68.00585938,0.0009535227296004631,0.002,1
1540,71320.64844,71252.642578125,68.00585938,0.0009535227296004631,0.002,1
1541,71320.64844,71252.642578125,68.00585938,0.0009535227296004631,0.002,1
1542,71320.64844,71252.642578125,68.00585938,0.0009535227296004631,0.002,1
1543,71320.64844,71252.642578125,68.00585938,0.0009535227296004631,0.002,1
1544,71320.64844,71252.642578125,68.00585938,0.0009535227296004631,0.002,1
1545,71320.64844,71252.642578125,68.00585938,0.0009535227296004631,0.002,1
1546,71320.64844,71252.642578125,68.00585938,0.0009535227296004631,0.002,1
1547,71320.64844,71252.642578125,68.00585938,0.0009535227296004631,0.002,1
1548,71320.64844,71252.642578125,68.00585938,0.0009535227296004631,0.002,1
1549,71320.64844,71252.642578125,68.00585938,0.0009535227296004631,0.002,1
1550,71320.64844,71252.642578125,68.00585938,0.0009535227296004631,0.002,1
1551,71320.64844,71252.642578125,68.00585938,0.0009535227296004631,0.002,1
1552,71320.64844,71252.642578125,68.00585938,0.0009535227296004631,0.002,1
1553,71320.64844,71252.642578125,68.00585938,0.0009535227296004631,0.002,1
1554,71320.64844,71252.642578125,68.00585938,0.0009535227296004631,0.002,1
1555,71320.64844,71252.642578125,68.00585938,0.0009535227296004631,0.002,1
1556,71320.64844,71252.642578125,68.00585938,0.0009535227296004631,0.002,1
1557,71320.64844,71252.642578125,68.00585938,0.0009535227296004631,0.002,1
1558,71320.64844,71252.642578125,68.00585938,0.0009535227296004631,0.002,1
1559,71320.64844,71252.642578125,68.00585938,0.0009535227296004631,0.002,1
1560,71320.64844,71252.642578125,68.00585938,0.0009535227296004631,0.002,1
1561,71320.64844,71252.642578125,68.00585938,0.0009535227296004631,0.002,1
1562,71320.64844,71252.642578125,68.00585938,0.0009535227296004631,0.002,1
1563,71320.64844,71252.642578125,68.00585938,0.0009535227296004631,0.002,1
1564,71320.64844,71252.642578125,68.00585938,0.0009535227296004631,0.002,1
1565,71320.64844,71252.642578125,68.00585938,0.0009535227296004631,0.002,1
1566,71320.64844,71252.642578125,68.00585938,0.0009535227296004631,0.002,1
1567,71320.64844,71252.642578125,68.00585938,0.0009535227296004631,0.002,1
1568,71320.64844,71252.642578125,68.00585938,0.0009535227296004631,0.002,1
1569,71320.64844,71252.642578125,68.00585938,0.0009535227296004631,0.002,1
1570,71320.64844,71252.642578125,68.00585938,0.0009535227296004631,0.002,1
1571,71320.64844,71252.642578125,68.00585938,0.0009535227296004631,0.002,1
1572,71320.64844,71252.642578125,68.00585938,0.0009535227296004631,0.002,1
1573,71320.64844,71252.642578125,68.00585938,0.0009535227296004631,0.002,1
1574,71320.64844,71252.642578125,68.00585938,0.0009535227296004631,0.002,1
1575,71320.64844,71252.642578125,68.00585938,0.0009535227296004631,0.002,1
1576,71320.64844,71252.642578125,68.00585938,0.0009535227296004631,0.002,1
1577,71320.64844,71252.642578125,68.00585938,0.0009535227296004631,0.002,1
1578,71320.64844,71252.642578125,68.00585938,0.0009535227296004631,0.002,1
1579,71320.64844,71252.642578125,68.00585938,0.0009535227296004631,0.002,1
1580,71320.64844,71252.642578125,68.00585938,0.0009535227296004631,0.002,1
1581,71320.64844,71252.642578125,68.00585938,0.0009535227296004631,0.002,1
1582,71320.64844,71252.642578125,68.00585938,0.0009535227296004631,0.002,1
1583,71320.64844,71252.642578125,68.00585938,0.0009535227296004631,0.002,1
1584,71320.64844,71252.642578125,68.00585938,0.0009535227296004631,0.002,1
1585,71320.64844,71252.642578125,68.00585938,0.0009535227296004631,0.002,1
1586,71320.64844,71252.642578125,68.00585938,0.0009535227296004631,0.002,1
1587,71320.64844,71252.642578125,68.00585938,0.0009535227296004631,0.002,1
1588,71320.64844,71252.642578125,68.00585938,0.0009535227296004631,0.002,1
1589,71320.64844,71252.642578125,68.00585938,0.0009535227296004631,0.002,1
1590,71320.64844,71252.642578125,68.00585938,0.0009535227296004631,0.002,1
1591,71320.64844,71252.642578125,68.00585938,0.0009535227296004631,0.002,1
1592,71320.64844,71252.642578125,68.00585938,0.0009535227296004631,0.002,1
1593,71320.64844,71252.642578125,68.00585938,0.0009535227296004631,0.002,1
1594,71320.64844,71252.642578125,68.00585938,0.0009535227296004631,0.002,1
1595,71320.64844,71252.642578125,68.00585938,0.0009535227296004631,0.002,1
1596,71320.64844,71252.642578125,68.00585938,0.0009535227296004631,0.002,1
1597,71320.64844,71252.642578125,68.00585938,0.0009535227296004631,0.002,1
1598,71320.64844,71252.642578125,68.00585938,0.0009535227296004631,0.002,1
1599,71320.64844,71252.642578125,68.00585938,0.0009535227296004631,0.002,1
1600,71320.64844,71252.642578125,68.00585938,0.0009535227296004631,0.002,1
1601,71320.64844,71252.642578125,68.00585938,0.0009535227296004631,0.002,1
1602,71320.64844,71252.642578125,68.00585938,0.0009535227296004631,0.002,1
1603,71320.64844,71252.642578125,68.00585938,0.0009535227296004631,0.002,1
1604,71320.64844,71252.642578125,68.00585938,0.0009535227296004631,0.002,1
1605,71320.64844,71252.642578125,68.00585938,0.0009535227296004631,0.002,1
1606,71320.64844,71252.642578125,68.00585938,0.0009535227296004631,0.002,1
1607,71320.64844,71252.642578125,68.00585938,0.0009535227296004631,0.002,1
1608,71320.64844,71252.642578125,68.00585938,0.0009535227296004631,0.002,1
1609,71320.64844,71252.642578125,68.00585938,0.0009535227296004631,0.002,1
1610,71320.64844,71252.642578125,68.00585938,0.0009535227296004631,0.002,1
1611,71320.64844,71252.642578125,68.00585938,0.0009535227296004631,0.002,1
1612,71320.64844,71252.642578125,68.00585938,0.0009535227296004631,0.002,1
1613,71320.64844,71252.642578125,68.00585938,0.0009535227296004631,0.002,1
1614,71320.64844,71252.642578125,68.00585938,0.0009535227296004631,0.002,1
1615,71320.64844,71252.642578125,68.00585938,0.0009535227296004631,0.002,1
1616,71320.64844,71252.642578125,68.00585938,0.0009535227296004631,0.002,1
1617,71320.64844,71252.642578125,68.00585938,0.0009535227296004631,0.002,1
1618,71320.64844,71252.642578125,68.00585938,0.0009535227296004631,0.002,1
1619,71320.64844,71252.642578125,68.00585938,0.0009535227296004631,0.002,1
1620,71320.64844,71252.642578125,68.00585938,0.0009535227296004631,0.002,1
1621,71320.64844,71252.642578125,68.00585938,0.0009535227296004631,0.002,1
1622,71320.64844,71252.642578125,68.00585938,0.0009535227296004631,0.002,1
1623,71320.64844,71252.642578125,68.00585938,0.0009535227296004631,0.002,1
1624,71320.64844,71252.642578125,68.00585938,0.0009535227296004631,0.002,1
1625,71320.64844,71252.642578125,68.00585938,0.0009535227296004631,0.002,1
1626,71320.64844,71252.642578125,68.00585938,0.0009535227296004631,0.002,1
1627,71320.64844,71252.642578125,68.00585938,0.0009535227296004631,0.002,1
1628,71320.64844,71252.642578125,68.00585938,0.0009535227296004631,0.002,1
1629,71320.64844,71252.642578125,68.00585938,0.0009535227296004631,0.002,1
1630,71320.64844,71252.642578125,68.00585938,0.0009535227296004631,0.002,1
1631,71320.64844,71252.642578125,68.00585938,0.0009535227296004631,0.002,1
1632,71320.64844,71252.642578125,68.00585938,0.0009535227296004631,0.002,1
1633,71320.64844,71252.642578125,68.00585938,0.0009535227296004631,0.002,1
1634,71320.64844,71252.642578125,68.00585938,0.0009535227296004631,0.002,1
1635,71320.64844,71252.642578125,68.00585938,0.0009535227296004631,0.002,1
1636,71320.64844,71252.642578125,68.00585938,0.0009535227296004631,0.002,1
1637,71320.64844,71252.642578125,68.00585938,0.0009535227296004631,0.002,1
1638,71320.64844,71252.642578125,68.00585938,0.0009535227296004631,0.002,1
1639,71320.64844,71252.642578125,68.00585938,0.0009535227296004631,0.002,1
1640,71320.64844,71252.642578125,68.00585938,0.0009535227296004631,0.002,1
1641,71320.64844,71252.642578125,68.00585938,0.0009535227296004631,0.002,1
1642,71320.64844,71252.642578125,68.00585938,0.0009535227296004631,0.002,1
1643,71320.64844,71252.642578125,68.00585938,0.0009535227296004631,0.002,1
1644,71320.64844,71252.642578125,68.00585938,0.0009535227296004631,0.002,1
1645,71320.64844,71252.642578125,68.00585938,0.0009535227296004631,0.002,1
1646,71320.64844,71252.642578125,68.00585938,0.0009535227296004631,0.002,1
1647,71320.64844,71252.642578125,68.00585938,0.0009535227296004631,0.002,1
1648,71320.64844,71252.642578125,68.00585938,0.0009535227296004631,0.002,1
1649,71320.64844,71252.642578125,68.00585938,0.0009535227296004631,0.002,1
1650,71320.64844,71252.642578125,68.00585938,0.0009535227296004631,0.002,1
1651,71320.64844,71252.642578125,68.00585938,0.0009535227296004631,0.002,1
1652,71320.64844,71252.642578125,68.00585938,0.0009535227296004631,0.002,1
1653,71320.64844,71252.642578125,68.00585938,0.0009535227296004631,0.002,1
1654,71320.64844,71252.642578125,68.00585938,0.0009535227296004631,0.002,1
1655,71320.64844,71252.642578125,68.00585938,0.0009535227296004631,0.002,1
1656,71320.64844,71252.642578125,68.00585938,0.0009535227296004631,0.002,1
1657,71320.64844,71252.642578125,68.00585938,0.0009535227296004631,0.002,1
1658,71320.64844,71252.642578125,68.00585938,0.0009535227296004631,0.002,1
1659,71320.64844,71252.642578125,68.00585938,0.0009535227296004631,0.002,1
1660,71320.64844,71252.642578125,68.00585938,0.0009535227296004631,0.002,1
1661,71320.64844,71252.642578125,68.00585938,0.0009535227296004631,0.002,1
1662,71320.64844,71252.642578125,68.00585938,0.0009535227296004631,0.002,1
1663,71320.64844,71252.642578125,68.00585938,0.0009535227296004631,0.002,1
1664,71320.64844,71252.642578125,68.00585938,0.0009535227296004631,0.002,1
1665,71320.64844,71252.642578125,68.00585938,0.0009535227296004631,0.002,1
1666,71320.64844,71252.642578125,68.00585938,0.0009535227296004631,0.002,1
1667,71320.64844,71252.642578125,68.00585938,0.0009535227296004631,0.002,1
1668,71320.64844,71252.642578125,68.00585938,0.0009535227296004631,0.002,1
1669,71320.64844,71252.642578125,68.00585938,0.0009535227296004631,0.002,1
1670,71320.64844,71252.642578125,68.00585938,0.0009535227296004631,0.002,1
1671,71320.64844,71252.642578125,68.00585938,0.0009535227296004631,0.002,1
1672,71320.64844,71252.642578125,68.00585938,0.0009535227296004631,0.002,1
1673,71320.64844,71252.642578125,68.00585938,0.0009535227296004631,0.002,1
1674,71320.64844,71252.642578125,68.00585938,0.0009535227296004631,0.002,1
1675,71320.64844,71252.642578125,68.00585938,0.0009535227296004631,0.002,1
1676,71320.64844,71252.642578125,68.00585938,0.0009535227296004631,0.002,1
1677,71320.64844,71252.642578125,68.00585938,0.0009535227296004631,0.002,1
1678,71320.64844,71252.642578125,68.00585938,0.0009535227296004631,0.002,1
1679,71320.64844,71252.642578125,68.00585938,0.0009535227296004631,0.002,1
1680,71320.64844,71252.642578125,68.00585938,0.0009535227296004631,0.002,1
1681,71320.64844,71252.642578125,68.00585938,0.0009535227296004631,0.002,1
1682,71320.64844,71252.642578125,68.00585938,0.0009535227296004631,0.002,1
1683,71320.64844,71252.642578125,68.00585938,0.0009535227296004631,0.002,1
1684,71320.64844,71252.642578125,68.00585938,0.0009535227296004631,0.002,1
1685,71320.64844,71252.642578125,68.00585938,0.0009535227296004631,0.002,1
1686,71320.64844,71252.642578125,68.00585938,0.0009535227296004631,0.002,1
1687,71320.64844,71252.642578125,68.00585938,0.0009535227296004631,0.002,1
1688,71320.64844,71252.642578125,68.00585938,0.0009535227296004631,0.002,1
1689,71320.64844,71252.642578125,68.00585938,0.0009535227296004631,0.002,1
1690,71320.64844,71252.642578125,68.00585938,0.0009535227296004631,0.002,1
1691,71320.64844,71252.642578125,68.00585938,0.0009535227296004631,0.002,1
1692,71320.64844,71252.642578125,68.00585938,0.0009535227296004631,0.002,1
1693,71320.64844,71252.642578125,68.00585938,0.0009535227296004631,0.002,1
1694,71320.64844,71252.642578125,68.00585938,0.0009535227296004631,0.002,1
1695,71320.64844,71252.642578125,68.00585938,0.0009535227296004631,0.002,1
1696,71320.64844,71252.642578125,68.00585938,0.0009535227296004631,0.002,1
1697,71320.64844,71252.642578125,68.00585938,0.0009535227296004631,0.002,1
1698,71320.64844,71252.642578125,68.00585938,0.0009535227296004631,0.002,1
1699,71320.64844,71252.642578125,68.00585938,0.0009535227296004631,0.002,1
1700,71320.64844,71252.642578125,68.00585938,0.0009535227296004631,0.002,1
1701,71320.64844,71252.642578125,68.00585938,0.0009535227296004631,0.002,1
1702,71320.64844,71252.642578125,68.00585938,0.0009535227296004631,0.002,1
1703,71320.64844,71252.642578125,68.00585938,0.0009535227296004631,0.002,1
1704,71320.64844,71252.642578125,68.00585938,0.0009535227296004631,0.002,1
1705,71320.64844,71252.642578125,68.00585938,0.0009535227296004631,0.002,1
1706,71320.64844,71252.642578125,68.00585938,0.0009535227296004631,0.002,1
1707,71320.64844,71252.642578125,68.00585938,0.0009535227296004631,0.002,1
1708,71320.64844,71252.642578125,68.00585938,0.0009535227296004631,0.002,1
1709,71320.64844,71252.642578125,68.00585938,0.0009535227296004631,0.002,1
1710,71320.64844,71252.642578125,68.00585938,0.0009535227296004631,0.002,1
1711,71320.64844,71252.642578125,68.00585938,0.0009535227296004631,0.002,1
1712,71320.64844,71252.642578125,68.00585938,0.0009535227296004631,0.002,1
1713,71320.64844,71252.642578125,68.00585938,0.0009535227296004631,0.002,1
1714,71320.64844,71252.642578125,68.00585938,0.0009535227296004631,0.002,1
1715,71320.64844,71252.642578125,68.00585938,0.0009535227296004631,0.002,1
1716,71320.64844,71252.642578125,68.00585938,0.0009535227296004631,0.002,1
1717,71320.64844,71252.642578125,68.00585938,0.0009535227296004631,0.002,1
1718,71320.64844,71252.642578125,68.00585938,0.0009535227296004631,0.002,1
1719,71320.64844,71252.642578125,68.00585938,0.0009535227296004631,0.002,1
1720,71320.64844,71252.642578125,68.00585938,0.0009535227296004631,0.002,1
1721,71320.64844,71252.642578125,68.00585938,0.0009535227296004631,0.002,1
1722,71320.64844,71252.642578125,68.00585938,0.0009535227296004631,0.002,1
1723,71320.64844,71252.642578125,68.00585938,0.0009535227296004631,0.002,1
1724,71320.64844,71252.642578125,68.00585938,0.0009535227296004631,0.002,1
1725,71320.64844,71252.642578125,68.00585938,0.0009535227296004631,0.002,1
1726,71320.64844,71252.642578125,68.00585938,0.0009535227296004631,0.002,1
1727,71320.64844,71252.642578125,68.00585938,0.0009535227296004631,0.002,1
1728,71320.64844,71252.642578125,68.00585938,0.0009535227296004631,0.002,1
1729,71320.64844,71252.642578125,68.00585938,0.0009535227296004631,0.002,1
1730,71320.64844,71252.642578125,68.00585938,0.0009535227296004631,0.002,1
1731,71320.64844,71252.642578125,68.00585938,0.0009535227296004631,0.002,1
1732,71320.64844,71252.642578125,68.00585938,0.0009535227296004631,0.002,1
1733,71320.64844,71252.642578125,68.00585938,0.0009535227296004631,0.002,1
1734,71320.64844,71252.642578125,68.00585938,0.0009535227296004631,0.002,1
1735,71320.64844,71252.642578125,68.00585938,0.0009535227296004631,0.002,1
1736,71320.64844,71252.642578125,68.00585938,0.0009535227296004631,0.002,1
1737,71320.64844,71252.642578125,68.00585938,0.0009535227296004631,0.002,1
1738,71320.64844,71252.642578125,68.00585938,0.0009535227296004631,0.002,1
1739,71320.64844,71252.642578125,68.00585938,0.0009535227296004631,0.002,1
1740,71320.64844,71252.642578125,68.00585938,0.0009535227296004631,0.002,1
1741,71320.64844,71252.642578125,68.00585938,0.0009535227296004631,0.002,1
1742,71320.64844,71252.642578125,68.00585938,0.0009535227296004631,0.002,1
1743,71320.64844,71252.642578125,68.00585938,0.0009535227296004631,0.002,1
1744,71320.64844,71252.642578125,68.00585938,0.0009535227296004631,0.002,1
1745,71320.64844,71252.642578125,68.00585938,0.0009535227296004631,0.002,1
1746,71320.64844,71252.642578125,68.00585938,0.0009535227296004631,0.002,1
1747,71320.64844,71252.642578125,68.00585938,0.0009535227296004631,0.002,1
1748,71320.64844,71252.642578125,68.00585938,0.0009535227296004631,0.002,1
1749,71320.64844,71252.642578125,68.00585938,0.0009535227296004631,0.002,1
1750,71320.64844,71252.642578125,68.00585938,0.0009535227296004631,0.002,1
1751,71320.64844,71252.642578125,68.00585938,0.0009535227296004631,0.002,1
1752,71320.64844,71252.642578125,68.00585938,0.0009535227296004631,0.002,1
1753,71320.64844,71252.642578125,68.00585938,0.0009535227296004631,0.002,1
1754,71320.64844,71252.642578125,68.00585938,0.0009535227296004631,0.002,1
1755,71320.64844,71252.642578125,68.00585938,0.0009535227296004631,0.002,1
1756,71320.64844,71252.642578125,68.00585938,0.0009535227296004631,0.002,1
1757,71320.64844,71252.642578125,68.00585938,0.0009535227296004631,0.002,1
1758,71320.64844,71252.642578125,68.00585938,0.0009535227296004631,0.002,1
1759,71320.64844,71252.642578125,68.00585938,0.0009535227296004631,0.002,1
1760,71320.64844,71252.642578125,68.00585938,0.0009535227296004631,0.002,1
1761,71320.64844,71252.642578125,68.00585938,0.0009535227296004631,0.002,1
1762,71320.64844,71252.642578125,68.00585938,0.0009535227296004631,0.002,1
1763,71320.64844,71252.642578125,68.00585938,0.0009535227296004631,0.002,1
1764,71320.64844,71252.642578125,68.00585938,0.0009535227296004631,0.002,1
1765,71320.64844,71252.642578125,68.00585938,0.0009535227296004631,0.002,1
1766,71320.64844,71252.642578125,68.00585938,0.0009535227296004631,0.002,1
1767,71320.64844,71252.642578125,68.00585938,0.0009535227296004631,0.002,1
1768,71320.64844,71252.642578125,68.00585938,0.0009535227296004631,0.002,1
1769,71320.64844,71252.642578125,68.00585938,0.0009535227296004631,0.002,1
1770,71320.64844,71252.642578125,68.00585938,0.0009535227296004631,0.002,1
1771,71320.64844,71252.642578125,68.00585938,0.0009535227296004631,0.002,1
1772,71320.64844,71252.642578125,68.00585938,0.0009535227296004631,0.002,1
1773,71320.64844,71252.642578125,68.00585938,0.0009535227296004631,0.002,1
1774,71320.64844,71252.642578125,68.00585938,0.0009535227296004631,0.002,1
1775,71320.64844,71252.642578125,68.00585938,0.0009535227296004631,0.002,1
1776,71320.64844,71252.642578125,68.00585938,0.0009535227296004631,0.002,1
1777,71320.64844,71252.642578125,68.00585938,0.0009535227296004631,0.002,1
1778,71320.64844,71252.642578125,68.00585938,0.0009535227296004631,0.002,1
1779,71320.64844,71252.642578125,68.00585938,0.0009535227296004631,0.002,1
1780,71320.64844,71252.642578125,68.00585938,0.0009535227296004631,0.002,1
1781,71320.64844,71252.642578125,68.00585938,0.0009535227296004631,0.002,1
1782,71320.64844,71252.642578125,68.00585938,0.0009535227296004631,0.002,1
1783,71320.64844,71252.642578125,68.00585938,0.0009535227296004631,0.002,1
1784,71320.64844,71252.642578125,68.00585938,0.0009535227296004631,0.002,1
1785,71320.64844,71252.642578125,68.00585938,0.0009535227296004631,0.002,1
1786,71320.64844,71252.642578125,68.00585938,0.0009535227296004631,0.002,1
1787,71320.64844,71252.642578125,68.00585938,0.0009535227296004631,0.002,1
1788,71320.64844,71252.642578125,68.00585938,0.0009535227296004631,0.002,1
1789,71320.64844,71252.642578125,68.00585938,0.0009535227296004631,0.002,1
1790,71320.64844,71252.642578125,68.00585938,0.0009535227296004631,0.002,1
1791,71320.64844,71252.642578125,68.00585938,0.0009535227296004631,0.002,1
1792,71320.64844,71252.642578125,68.00585938,0.0009535227296004631,0.002,1
1793,71320.64844,71252.642578125,68.00585938,0.0009535227296004631,0.002,1
1794,71320.64844,71252.642578125,68.00585938,0.0009535227296004631,0.002,1
1795,71320.64844,71252.642578125,68.00585938,0.0009535227296004631,0.002,1
1796,71320.64844,71252.642578125,68.00585938,0.0009535227296004631,0.002,1
1797,71320.64844,71252.642578125,68.00585938,0.0009535227296004631,0.002,1
1798,71320.64844,71252.642578125,68.00585938,0.0009535227296004631,0.002,1
1799,71320.64844,71252.642578125,68.00585938,0.0009535227296004631,0.002,1
1800,71320.64844,71252.642578125,68.00585938,0.0009535227296004631,0.002,1
1801,71320.64844,71252.642578125,68.00585938,0.0009535227296004631,0.002,1
1802,71320.64844,71252.642578125,68.00585938,0.0009535227296004631,0.002,1
1803,71320.64844,71252.642578125,68.00585938,0.0009535227296004631,0.002,1
1804,71320.64844,71252.642578125,68.00585938,0.0009535227296004631,0.002,1
1805,71320.64844,71252.642578125,68.00585938,0.0009535227296004631,0.002,1
1806,71320.64844,71252.642578125,68.00585938,0.0009535227296004631,0.002,1
1807,71320.64844,71252.642578125,68.00585938,0.0009535227296004631,0.002,1
1808,71320.64844,71252.642578125,68.00585938,0.0009535227296004631,0.002,1
1809,71320.64844,71252.642578125,68.00585938,0.0009535227296004631,0.002,1
1810,71320.64844,71252.642578125,68.00585938,0.0009535227296004631,0.002,1
1811,71320.64844,71252.642578125,68.00585938,0.0009535227296004631,0.002,1
1812,71320.64844,71252.642578125,68.00585938,0.0009535227296004631,0.002,1
1813,71320.64844,71252.642578125,68.00585938,0.0009535227296004631,0.002,1
1814,71320.64844,71252.642578125,68.00585938,0.0009535227296004631,0.002,1
1815,71320.64844,71252.642578125,68.00585938,0.0009535227296004631,0.002,1
1816,71320.64844,71252.642578125,68.00585938,0.0009535227296004631,0.002,1
1817,71320.64844,71252.642578125,68.00585938,0.0009535227296004631,0.002,1
1818,71320.64844,71252.642578125,68.00585938,0.0009535227296004631,0.002,1
1819,71320.64844,71252.642578125,68.00585938,0.0009535227296004631,0.002,1
1820,71320.64844,71252.642578125,68.00585938,0.0009535227296004631,0.002,1
1821,71320.64844,71252.642578125,68.00585938,0.0009535227296004631,0.002,1
1822,71320.64844,71252.642578125,68.00585938,0.0009535227296004631,0.002,1
1823,71320.64844,71252.642578125,68.00585938,0.0009535227296004631,0.002,1
1824,71320.64844,71252.642578125,68.00585938,0.0009535227296004631,0.002,1
1825,71320.64844,71252.642578125,68.00585938,0.0009535227296004631,0.002,1
1826,71320.64844,71252.642578125,68.00585938,0.0009535227296004631,0.002,1
1827,71320.64844,71252.642578125,68.00585938,0.0009535227296004631,0.002,1
1828,71320.64844,71252.642578125,68.00585938,0.0009535227296004631,0.002,1
1829,71320.64844,71252.642578125,68.00585938,0.0009535227296004631,0.002,1
1830,71320.64844,71252.642578125,68.00585938,0.0009535227296004631,0.002,1
1831,71320.64844,71252.642578125,68.00585938,0.0009535227296004631,0.002,1
1832,71320.64844,71252.642578125,68.00585938,0.0009535227296004631,0.002,1
1833,71320.64844,71252.642578125,68.00585938,0.0009535227296004631,0.002,1
1834,71320.64844,71252.642578125,68.00585938,0.0009535227296004631,0.002,1
1835,71320.64844,71252.642578125,68.00585938,0.0009535227296004631,0.002,1
1836,71320.64844,71252.642578125,68.00585938,0.0009535227296004631,0.002,1
1837,71320.64844,71252.642578125,68.00585938,0.0009535227296004631,0.002,1
1838,71320.64844,71252.642578125,68.00585938,0.0009535227296004631,0.002,1
1839,71320.64844,71252.642578125,68.00585938,0.0009535227296004631,0.002,1
1840,71320.64844,71252.642578125,68.00585938,0.0009535227296004631,0.002,1
1841,71320.64844,71252.642578125,68.00585938,0.0009535227296004631,0.002,1
1842,71320.64844,71252.642578125,68.00585938,0.0009535227296004631,0.002,1
1843,71320.64844,71252.642578125,68.00585938,0.0009535227296004631,0.002,1
1844,71320.64844,71252.642578125,68.00585938,0.0009535227296004631,0.002,1
1845,71320.64844,71252.642578125,68.00585938,0.0009535227296004631,0.002,1
1846,71320.64844,71252.642578125,68.00585938,0.0009535227296004631,0.002,1
1847,71320.64844,71252.642578125,68.00585938,0.0009535227296004631,0.002,1
1848,71320.64844,71252.642578125,68.00585938,0.0009535227296004631,0.002,1
1849,71320.64844,71252.642578125,68.00585938,0.0009535227296004631,0.002,1
1850,71320.64844,71252.642578125,68.00585938,0.0009535227296004631,0.002,1
1851,71320.64844,71252.642578125,68.00585938,0.0009535227296004631,0.002,1
1852,71320.64844,71252.642578125,68.00585938,0.0009535227296004631,0.002,1
1853,71320.64844,71252.642578125,68.00585938,0.0009535227296004631,0.002,1
1854,71320.64844,71252.642578125,68.00585938,0.0009535227296004631,0.002,1
1855,71320.64844,71252.642578125,68.00585938,0.0009535227296004631,0.002,1
1856,71320.64844,71252.642578125,68.00585938,0.0009535227296004631,0.002,1
1857,71320.64844,71252.642578125,68.00585938,0.0009535227296004631,0.002,1
1858,71320.64844,71252.642578125,68.00585938,0.0009535227296004631,0.002,1
1859,71320.64844,71252.642578125,68.00585938,0.0009535227296004631,0.002,1
1860,71320.64844,71252.642578125,68.00585938,0.0009535227296004631,0.002,1
1861,71320.64844,71252.642578125,68.00585938,0.0009535227296004631,0.002,1
1862,71320.64844,71252.642578125,68.00585938,0.0009535227296004631,0.002,1
1863,71320.64844,71252.642578125,68.00585938,0.0009535227296004631,0.002,1
1864,71320.64844,71252.642578125,68.00585938,0.0009535227296004631,0.002,1
1865,71320.64844,71252.642578125,68.00585938,0.0009535227296004631,0.002,1
1866,71320.64844,71252.642578125,68.00585938,0.0009535227296004631,0.002,1
1867,71320.64844,71252.642578125,68.00585938,0.0009535227296004631,0.002,1
1868,71320.64844,71252.642578125,68.00585938,0.0009535227296004631,0.002,1
1869,71320.64844,71252.642578125,68.00585938,0.0009535227296004631,0.002,1
1870,71320.64844,71252.642578125,68.00585938,0.0009535227296004631,0.002,1
1871,71320.64844,71252.642578125,68.00585938,0.0009535227296004631,0.002,1
1872,71320.64844,71252.642578125,68.00585938,0.0009535227296004631,0.002,1
1873,71320.64844,71252.642578125,68.00585938,0.0009535227296004631,0.002,1
1874,71320.64844,71252.642578125,68.00585938,0.0009535227296004631,0.002,1
1875,71320.64844,71252.642578125,68.00585938,0.0009535227296004631,0.002,1
1876,71320.64844,71252.642578125,68.00585938,0.0009535227296004631,0.002,1
1877,71320.64844,71252.642578125,68.00585938,0.0009535227296004631,0.002,1
1878,71320.64844,71252.642578125,68.00585938,0.0009535227296004631,0.002,1
1879,71320.64844,71252.642578125,68.00585938,0.0009535227296004631,0.002,1
1880,71320.64844,71252.642578125,68.00585938,0.0009535227296004631,0.002,1
1881,71320.64844,71252.642578125,68.00585938,0.0009535227296004631,0.002,1
1882,71320.64844,71252.642578125,68.00585938,0.0009535227296004631,0.002,1
1883,71320.64844,71252.642578125,68.00585938,0.0009535227296004631,0.002,1
1884,71320.64844,71252.642578125,68.00585938,0.0009535227296004631,0.002,1
1885,71320.64844,71252.642578125,68.00585938,0.0009535227296004631,0.002,1
1886,71320.64844,71252.642578125,68.00585938,0.0009535227296004631,0.002,1
1887,71320.64844,71252.642578125,68.00585938,0.0009535227296004631,0.002,1
1888,71320.64844,71252.642578125,68.00585938,0.0009535227296004631,0.002,1
1889,71320.64844,71252.642578125,68.00585938,0.0009535227296004631,0.002,1
1890,71320.64844,71252.642578125,68.00585938,0.0009535227296004631,0.002,1
1891,71320.64844,71252.642578125,68.00585938,0.0009535227296004631,0.002,1
1892,71320.64844,71252.642578125,68.00585938,0.0009535227296004631,0.002,1
1893,71320.64844,71252.642578125,68.00585938,0.0009535227296004631,0.002,1
1894,71320.64844,71252.642578125,68.00585938,0.0009535227296004631,0.002,1
1895,71320.64844,71252.642578125,68.00585938,0.0009535227296004631,0.002,1
1896,71320.64844,71252.642578125,68.00585938,0.0009535227296004631,0.002,1
1897,71320.64844,71252.642578125,68.00585938,0.0009535227296004631,0.002,1
1898,71320.64844,71252.642578125,68.00585938,0.0009535227296004631,0.002,1
1899,71320.64844,71252.642578125,68.00585938,0.0009535227296004631,0.002,1
1900,71320.64844,71252.642578125,68.00585938,0.0009535227296004631,0.002,1
1901,71320.64844,71252.642578125,68.00585938,0.0009535227296004631,0.002,1
1902,71320.64844,71252.642578125,68.00585938,0.0009535227296004631,0.002,1
1903,71320.64844,71252.642578125,68.00585938,0.0009535227296004631,0.002,1
1904,71320.64844,71252.642578125,68.00585938,0.0009535227296004631,0.002,1
1905,71320.64844,71252.642578125,68.00585938,0.0009535227296004631,0.002,1
1906,71320.64844,71252.642578125,68.00585938,0.0009535227296004631,0.002,1
1907,71320.64844,71252.642578125,68.00585938,0.0009535227296004631,0.002,1
1908,71320.64844,71252.642578125,68.00585938,0.0009535227296004631,0.002,1
1909,71320.64844,71252.642578125,68.00585938,0.0009535227296004631,0.002,1
1910,71320.64844,71252.642578125,68.00585938,0.0009535227296004631,0.002,1
1911,71320.64844,71252.642578125,68.00585938,0.0009535227296004631,0.002,1
1912,71320.64844,71252.642578125,68.00585938,0.0009535227296004631,0.002,1
1913,71320.64844,71252.642578125,68.00585938,0.0009535227296004631,0.002,1
1914,71320.64844,71252.642578125,68.00585938,0.0009535227296004631,0.002,1
1915,71320.64844,71252.642578125,68.00585938,0.0009535227296004631,0.002,1
1916,71320.64844,71252.642578125,68.00585938,0.0009535227296004631,0.002,1
1917,71320.64844,71252.642578125,68.00585938,0.0009535227296004631,0.002,1
1918,71320.64844,71252.642578125,68.00585938,0.0009535227296004631,0.002,1
1919,71320.64844,71252.642578125,68.00585938,0.0009535227296004631,0.002,1
1920,71320.64844,71252.642578125,68.00585938,0.0009535227296004631,0.002,1
1921,71320.64844,71252.642578125,68.00585938,0.0009535227296004631,0.002,1
1922,71320.64844,71252.642578125,68.00585938,0.0009535227296004631,0.002,1
1923,71320.64844,71252.642578125,68.00585938,0.0009535227296004631,0.002,1
1924,71320.64844,71252.642578125,68.00585938,0.0009535227296004631,0.002,1
1925,71320.64844,71252.642578125,68.00585938,0.0009535227296004631,0.002,1
1926,71320.64844,71252.642578125,68.00585938,0.0009535227296004631,0.002,1
1927,71320.64844,71252.642578125,68.00585938,0.0009535227296004631,0.002,1
1928,71320.64844,71252.642578125,68.00585938,0.0009535227296004631,0.002,1
1929,71320.64844,71252.642578125,68.00585938,0.0009535227296004631,0.002,1
1930,71320.64844,71252.642578125,68.00585938,0.0009535227296004631,0.002,1
1931,71320.64844,71252.642578125,68.00585938,0.0009535227296004631,0.002,1
1932,71320.64844,71252.642578125,68.00585938,0.0009535227296004631,0.002,1
1933,71320.64844,71252.642578125,68.00585938,0.0009535227296004631,0.002,1
1934,71320.64844,71252.642578125,68.00585938,0.0009535227296004631,0.002,1
1935,71320.64844,71252.642578125,68.00585938,0.0009535227296004631,0.002,1
1936,71320.64844,71252.642578125,68.00585938,0.0009535227296004631,0.002,1
1937,71320.64844,71252.642578125,68.00585938,0.0009535227296004631,0.002,1
1938,71320.64844,71252.642578125,68.00585938,0.0009535227296004631,0.002,1
1939,71320.64844,71252.642578125,68.00585938,0.0009535227296004631,0.002,1
1940,71320.64844,71252.642578125,68.00585938,0.0009535227296004631,0.002,1
1941,71320.64844,71252.642578125,68.00585938,0.0009535227296004631,0.002,1
1942,71320.64844,71252.642578125,68.00585938,0.0009535227296004631,0.002,1
1943,71320.64844,71252.642578125,68.00585938,0.0009535227296004631,0.002,1
1944,71320.64844,71252.642578125,68.00585938,0.0009535227296004631,0.002,1
1945,71320.64844,71252.642578125,68.00585938,0.0009535227296004631,0.002,1
1946,71320.64844,71252.642578125,68.00585938,0.0009535227296004631,0.002,1
1947,71320.64844,71252.642578125,68.00585938,0.0009535227296004631,0.002,1
1948,71320.64844,71252.642578125,68.00585938,0.0009535227296004631,0.002,1
1949,71320.64844,71252.642578125,68.00585938,0.0009535227296004631,0.002,1
1950,71320.64844,71252.642578125,68.00585938,0.0009535227296004631,0.002,1
1951,71320.64844,71252.642578125,68.00585938,0.0009535227296004631,0.002,1
1952,71320.64844,71252.642578125,68.00585938,0.0009535227296004631,0.002,1
1953,71320.64844,71252.642578125,68.00585938,0.0009535227296004631,0.002,1
1954,71320.64844,71252.642578125,68.00585938,0.0009535227296004631,0.002,1
1955,71320.64844,71252.642578125,68.00585938,0.0009535227296004631,0.002,1
1956,71320.64844,71252.642578125,68.00585938,0.0009535227296004631,0.002,1
1957,71320.64844,71252.642578125,68.00585938,0.0009535227296004631,0.002,1
1958,71320.64844,71252.642578125,68.00585938,0.0009535227296004631,0.002,1
1959,71320.64844,71252.642578125,68.00585938,0.0009535227296004631,0.002,1
1960,71320.64844,71252.642578125,68.00585938,0.0009535227296004631,0.002,1
1961,71320.64844,71252.642578125,68.00585938,0.0009535227296004631,0.002,1
1962,71320.64844,71252.642578125,68.00585938,0.0009535227296004631,0.002,1
1963,71320.64844,71252.642578125,68.00585938,0.0009535227296004631,0.002,1
1964,71320.64844,71252.642578125,68.00585938,0.0009535227296004631,0.002,1
1965,71320.64844,71252.642578125,68.00585938,0.0009535227296004631,0.002,1
1966,71320.64844,71252.642578125,68.00585938,0.0009535227296004631,0.002,1
1967,71320.64844,71252.642578125,68.00585938,0.0009535227296004631,0.002,1
1968,71320.64844,71252.642578125,68.00585938,0.0009535227296004631,0.002,1
1969,71320.64844,71252.642578125,68.00585938,0.0009535227296004631,0.002,1
1970,71320.64844,71252.642578125,68.00585938,0.0009535227296004631,0.002,1
1971,71320.64844,71252.642578125,68.00585938,0.0009535227296004631,0.002,1
1972,71320.64844,71252.642578125,68.00585938,0.0009535227296004631,0.002,1
1973,71320.64844,71252.642578125,68.00585938,0.0009535227296004631,0.002,1
1974,71320.64844,71252.642578125,68.00585938,0.0009535227296004631,0.002,1
1975,71320.64844,71252.642578125,68.00585938,0.0009535227296004631,0.002,1
1976,71320.64844,71252.642578125,68.00585938,0.0009535227296004631,0.002,1
1977,71320.64844,71252.642578125,68.00585938,0.0009535227296004631,0.002,1
1978,71320.64844,71252.642578125,68.00585938,0.0009535227296004631,0.002,1
1979,71320.64844,71252.642578125,68.00585938,0.0009535227296004631,0.002,1
1980,71320.64844,71252.642578125,68.00585938,0.0009535227296004631,0.002,1
1981,71320.64844,71252.642578125,68.00585938,0.0009535227296004631,0.002,1
1982,71320.64844,71252.642578125,68.00585938,0.0009535227296004631,0.002,1
1983,71320.64844,71252.642578125,68.00585938,0.0009535227296004631,0.002,1
1984,71320.64844,71252.642578125,68.00585938,0.0009535227296004631,0.002,1
1985,71320.64844,71252.642578125,68.00585938,0.0009535227296004631,0.002,1
1986,71320.64844,71252.642578125,68.00585938,0.0009535227296004631,0.002,1
1987,71320.64844,71252.642578125,68.00585938,0.0009535227296004631,0.002,1
1988,71320.64844,71252.642578125,68.00585938,0.0009535227296004631,0.002,1
1989,71320.64844,71252.642578125,68.00585938,0.0009535227296004631,0.002,1
1990,71320.64844,71252.642578125,68.00585938,0.0009535227296004631,0.002,1
1991,71320.64844,71252.642578125,68.00585938,0.0009535227296004631,0.002,1
1992,71320.64844,71252.642578125,68.00585938,0.0009535227296004631,0.002,1
1993,71320.64844,71252.642578125,68.00585938,0.0009535227296004631,0.002,1
1994,71320.64844,71252.642578125,68.00585938,0.0009535227296004631,0.002,1
1995,71320.64844,71252.642578125,68.00585938,0.0009535227296004631,0.002,1
1996,71320.64844,71252.642578125,68.00585938,0.0009535227296004631,0.002,1
1997,71320.64844,71252.642578125,68.00585938,0.0009535227296004631,0.002,1
1998,71320.64844,71252.642578125,68.00585938,0.0009535227296004631,0.002,1
1999,71320.64844,71252.642578125,68.00585938,0.0009535227296004631,0.002,1
2000,71320.64844,71252.642578125,68.00585938,0.0009535227296004631,0.002,1
