step,base-mem,mlu-mem,diff_abs,diff_relative,max_error_range,success
1,64712,64576,136,0.0021016194832488566,0.002,1
2,65496,65184,312,0.004763649688530597,0.002,1
3,69898,69856,42,0.0006008755615325188,0.002,1
4,69898,69856,42,0.0006008755615325188,0.002,1
5,69898,69856,42,0.0006008755615325188,0.002,1
6,69898,69856,42,0.0006008755615325188,0.002,1
7,69898,69856,42,0.0006008755615325188,0.002,1
8,69898,69856,42,0.0006008755615325188,0.002,1
9,69898,69856,42,0.0006008755615325188,0.002,1
10,69898,69856,42,0.0006008755615325188,0.002,1
11,69898,69856,42,0.0006008755615325188,0.002,1
12,69898,69856,42,0.0006008755615325188,0.002,1
13,69898,69856,42,0.0006008755615325188,0.002,1
14,69898,69856,42,0.0006008755615325188,0.002,1
15,69898,69856,42,0.0006008755615325188,0.002,1
16,69898,69856,42,0.0006008755615325188,0.002,1
17,69898,69856,42,0.0006008755615325188,0.002,1
18,69898,69856,42,0.0006008755615325188,0.002,1
19,69898,69856,42,0.0006008755615325188,0.002,1
20,69898,69856,42,0.0006008755615325188,0.002,1
21,69898,69856,42,0.0006008755615325188,0.002,1
22,69898,69856,42,0.0006008755615325188,0.002,1
23,69898,69856,42,0.0006008755615325188,0.002,1
24,69898,69856,42,0.0006008755615325188,0.002,1
25,69898,69856,42,0.0006008755615325188,0.002,1
26,69898,69856,42,0.0006008755615325188,0.002,1
27,69898,69856,42,0.0006008755615325188,0.002,1
28,69898,69856,42,0.0006008755615325188,0.002,1
29,69898,69856,42,0.0006008755615325188,0.002,1
30,69898,69856,42,0.0006008755615325188,0.002,1
31,69898,69856,42,0.0006008755615325188,0.002,1
32,69898,69856,42,0.0006008755615325188,0.002,1
33,69898,69856,42,0.0006008755615325188,0.002,1
34,69898,69856,42,0.0006008755615325188,0.002,1
35,69898,69856,42,0.0006008755615325188,0.002,1
36,69898,69856,42,0.0006008755615325188,0.002,1
37,69898,69856,42,0.0006008755615325188,0.002,1
38,69898,69856,42,0.0006008755615325188,0.002,1
39,69898,69856,42,0.0006008755615325188,0.002,1
40,69898,69856,42,0.0006008755615325188,0.002,1
41,69898,69856,42,0.0006008755615325188,0.002,1
42,69898,69856,42,0.0006008755615325188,0.002,1
43,69898,69856,42,0.0006008755615325188,0.002,1
44,69898,69856,42,0.0006008755615325188,0.002,1
45,69898,69856,42,0.0006008755615325188,0.002,1
46,69898,69856,42,0.0006008755615325188,0.002,1
47,69898,69856,42,0.0006008755615325188,0.002,1
48,69898,69856,42,0.0006008755615325188,0.002,1
49,69898,69856,42,0.0006008755615325188,0.002,1
50,69898,69856,42,0.0006008755615325188,0.002,1
51,69898,69856,42,0.0006008755615325188,0.002,1
52,69898,69856,42,0.0006008755615325188,0.002,1
53,69898,69856,42,0.0006008755615325188,0.002,1
54,69898,69856,42,0.0006008755615325188,0.002,1
55,69898,69856,42,0.0006008755615325188,0.002,1
56,69898,69856,42,0.0006008755615325188,0.002,1
57,69898,69856,42,0.0006008755615325188,0.002,1
58,69898,69856,42,0.0006008755615325188,0.002,1
59,69898,69856,42,0.0006008755615325188,0.002,1
60,69898,69856,42,0.0006008755615325188,0.002,1
61,69898,69856,42,0.0006008755615325188,0.002,1
62,69898,69856,42,0.0006008755615325188,0.002,1
63,69898,69856,42,0.0006008755615325188,0.002,1
64,69898,69856,42,0.0006008755615325188,0.002,1
65,69898,69856,42,0.0006008755615325188,0.002,1
66,69898,69856,42,0.0006008755615325188,0.002,1
67,69898,69856,42,0.0006008755615325188,0.002,1
68,69898,69856,42,0.0006008755615325188,0.002,1
69,69898,69856,42,0.0006008755615325188,0.002,1
70,69898,69856,42,0.0006008755615325188,0.002,1
71,69898,69856,42,0.0006008755615325188,0.002,1
72,69898,69856,42,0.0006008755615325188,0.002,1
73,69898,69856,42,0.0006008755615325188,0.002,1
74,69898,69856,42,0.0006008755615325188,0.002,1
75,69898,69856,42,0.0006008755615325188,0.002,1
76,69898,69856,42,0.0006008755615325188,0.002,1
77,69898,69856,42,0.0006008755615325188,0.002,1
78,69898,69856,42,0.0006008755615325188,0.002,1
79,69898,69856,42,0.0006008755615325188,0.002,1
80,69898,69856,42,0.0006008755615325188,0.002,1
81,69898,69856,42,0.0006008755615325188,0.002,1
82,69898,69856,42,0.0006008755615325188,0.002,1
83,69898,69856,42,0.0006008755615325188,0.002,1
84,69898,69856,42,0.0006008755615325188,0.002,1
85,69898,69856,42,0.0006008755615325188,0.002,1
86,69898,69856,42,0.0006008755615325188,0.002,1
87,69898,69856,42,0.0006008755615325188,0.002,1
88,69898,69856,42,0.0006008755615325188,0.002,1
89,69898,69856,42,0.0006008755615325188,0.002,1
90,69898,69856,42,0.0006008755615325188,0.002,1
91,69898,69856,42,0.0006008755615325188,0.002,1
92,69898,69856,42,0.0006008755615325188,0.002,1
93,69898,69856,42,0.0006008755615325188,0.002,1
94,69898,69856,42,0.0006008755615325188,0.002,1
95,69898,69856,42,0.0006008755615325188,0.002,1
96,69898,69856,42,0.0006008755615325188,0.002,1
97,69898,69856,42,0.0006008755615325188,0.002,1
98,69898,69856,42,0.0006008755615325188,0.002,1
99,69898,69856,42,0.0006008755615325188,0.002,1
100,69898,69856,42,0.0006008755615325188,0.002,1
101,69898,69856,42,0.0006008755615325188,0.002,1
102,69898,69856,42,0.0006008755615325188,0.002,1
103,69898,69856,42,0.0006008755615325188,0.002,1
104,69898,69856,42,0.0006008755615325188,0.002,1
105,69898,69856,42,0.0006008755615325188,0.002,1
106,69898,69856,42,0.0006008755615325188,0.002,1
107,69898,69856,42,0.0006008755615325188,0.002,1
108,69898,69856,42,0.0006008755615325188,0.002,1
109,69898,69856,42,0.0006008755615325188,0.002,1
110,69898,69856,42,0.0006008755615325188,0.002,1
111,69898,69856,42,0.0006008755615325188,0.002,1
112,69898,69856,42,0.0006008755615325188,0.002,1
113,69898,69856,42,0.0006008755615325188,0.002,1
114,69898,69856,42,0.0006008755615325188,0.002,1
115,69898,69856,42,0.0006008755615325188,0.002,1
116,69898,69856,42,0.0006008755615325188,0.002,1
117,69898,69856,42,0.0006008755615325188,0.002,1
118,69898,69856,42,0.0006008755615325188,0.002,1
119,69898,69856,42,0.0006008755615325188,0.002,1
120,69898,69856,42,0.0006008755615325188,0.002,1
121,69898,69856,42,0.0006008755615325188,0.002,1
122,69898,69856,42,0.0006008755615325188,0.002,1
123,69898,69856,42,0.0006008755615325188,0.002,1
124,69898,69856,42,0.0006008755615325188,0.002,1
125,69898,69856,42,0.0006008755615325188,0.002,1
126,69898,69856,42,0.0006008755615325188,0.002,1
127,69898,69856,42,0.0006008755615325188,0.002,1
128,69898,69856,42,0.0006008755615325188,0.002,1
129,69898,69856,42,0.0006008755615325188,0.002,1
130,69898,69856,42,0.0006008755615325188,0.002,1
131,69898,69856,42,0.0006008755615325188,0.002,1
132,69898,69856,42,0.0006008755615325188,0.002,1
133,69898,69856,42,0.0006008755615325188,0.002,1
134,69898,69856,42,0.0006008755615325188,0.002,1
135,69898,69856,42,0.0006008755615325188,0.002,1
136,69898,69856,42,0.0006008755615325188,0.002,1
137,69898,69856,42,0.0006008755615325188,0.002,1
138,69898,69856,42,0.0006008755615325188,0.002,1
139,69898,69856,42,0.0006008755615325188,0.002,1
140,69898,69856,42,0.0006008755615325188,0.002,1
141,69898,69856,42,0.0006008755615325188,0.002,1
142,69898,69856,42,0.0006008755615325188,0.002,1
143,69898,69856,42,0.0006008755615325188,0.002,1
144,69898,69856,42,0.0006008755615325188,0.002,1
145,69898,69856,42,0.0006008755615325188,0.002,1
146,69898,69856,42,0.0006008755615325188,0.002,1
147,69898,69856,42,0.0006008755615325188,0.002,1
148,69898,69856,42,0.0006008755615325188,0.002,1
149,69898,69856,42,0.0006008755615325188,0.002,1
150,69898,69856,42,0.0006008755615325188,0.002,1
151,69898,69856,42,0.0006008755615325188,0.002,1
152,69898,69856,42,0.0006008755615325188,0.002,1
153,69898,69856,42,0.0006008755615325188,0.002,1
154,69898,69856,42,0.0006008755615325188,0.002,1
155,69898,69856,42,0.0006008755615325188,0.002,1
156,69898,69856,42,0.0006008755615325188,0.002,1
157,69898,69856,42,0.0006008755615325188,0.002,1
158,69898,69856,42,0.0006008755615325188,0.002,1
159,69898,69856,42,0.0006008755615325188,0.002,1
160,69898,69856,42,0.0006008755615325188,0.002,1
161,69898,69856,42,0.0006008755615325188,0.002,1
162,69898,69856,42,0.0006008755615325188,0.002,1
163,69898,69856,42,0.0006008755615325188,0.002,1
164,69898,69856,42,0.0006008755615325188,0.002,1
165,69898,69856,42,0.0006008755615325188,0.002,1
166,69898,69856,42,0.0006008755615325188,0.002,1
167,69898,69856,42,0.0006008755615325188,0.002,1
168,69898,69856,42,0.0006008755615325188,0.002,1
169,69898,69856,42,0.0006008755615325188,0.002,1
170,69898,69856,42,0.0006008755615325188,0.002,1
171,69898,69856,42,0.0006008755615325188,0.002,1
172,69898,69856,42,0.0006008755615325188,0.002,1
173,69898,69856,42,0.0006008755615325188,0.002,1
174,69898,69856,42,0.0006008755615325188,0.002,1
175,69898,69856,42,0.0006008755615325188,0.002,1
176,69898,69856,42,0.0006008755615325188,0.002,1
177,69898,69856,42,0.0006008755615325188,0.002,1
178,69898,69856,42,0.0006008755615325188,0.002,1
179,69898,69856,42,0.0006008755615325188,0.002,1
180,69898,69856,42,0.0006008755615325188,0.002,1
181,69898,69856,42,0.0006008755615325188,0.002,1
182,69898,69856,42,0.0006008755615325188,0.002,1
183,69898,69856,42,0.0006008755615325188,0.002,1
184,69898,69856,42,0.0006008755615325188,0.002,1
185,69898,69856,42,0.0006008755615325188,0.002,1
186,69898,69856,42,0.0006008755615325188,0.002,1
187,69898,69856,42,0.0006008755615325188,0.002,1
188,69898,69856,42,0.0006008755615325188,0.002,1
189,69898,69856,42,0.0006008755615325188,0.002,1
190,69898,69856,42,0.0006008755615325188,0.002,1
191,69898,69856,42,0.0006008755615325188,0.002,1
192,69898,69856,42,0.0006008755615325188,0.002,1
193,69898,69856,42,0.0006008755615325188,0.002,1
194,69898,69856,42,0.0006008755615325188,0.002,1
195,69898,69856,42,0.0006008755615325188,0.002,1
196,69898,69856,42,0.0006008755615325188,0.002,1
197,69898,69856,42,0.0006008755615325188,0.002,1
198,69898,69856,42,0.0006008755615325188,0.002,1
199,69898,69856,42,0.0006008755615325188,0.002,1
200,69898,69856,42,0.0006008755615325188,0.002,1
201,69898,69856,42,0.0006008755615325188,0.002,1
202,69898,69856,42,0.0006008755615325188,0.002,1
203,69898,69856,42,0.0006008755615325188,0.002,1
204,69898,69856,42,0.0006008755615325188,0.002,1
205,69898,69856,42,0.0006008755615325188,0.002,1
206,69898,69856,42,0.0006008755615325188,0.002,1
207,69898,69856,42,0.0006008755615325188,0.002,1
208,69898,69856,42,0.0006008755615325188,0.002,1
209,69898,69856,42,0.0006008755615325188,0.002,1
210,69898,69856,42,0.0006008755615325188,0.002,1
211,69898,69856,42,0.0006008755615325188,0.002,1
212,69898,69856,42,0.0006008755615325188,0.002,1
213,69898,69856,42,0.0006008755615325188,0.002,1
214,69898,69856,42,0.0006008755615325188,0.002,1
215,69898,69856,42,0.0006008755615325188,0.002,1
216,69898,69856,42,0.0006008755615325188,0.002,1
217,69898,69856,42,0.0006008755615325188,0.002,1
218,69898,69856,42,0.0006008755615325188,0.002,1
219,69898,69856,42,0.0006008755615325188,0.002,1
220,69898,69856,42,0.0006008755615325188,0.002,1
221,69898,69856,42,0.0006008755615325188,0.002,1
222,69898,69856,42,0.0006008755615325188,0.002,1
223,69898,69856,42,0.0006008755615325188,0.002,1
224,69898,69856,42,0.0006008755615325188,0.002,1
225,69898,69856,42,0.0006008755615325188,0.002,1
226,69898,69856,42,0.0006008755615325188,0.002,1
227,69898,69856,42,0.0006008755615325188,0.002,1
228,69898,69856,42,0.0006008755615325188,0.002,1
229,69898,69856,42,0.0006008755615325188,0.002,1
230,69898,69856,42,0.0006008755615325188,0.002,1
231,69898,69856,42,0.0006008755615325188,0.002,1
232,69898,69856,42,0.0006008755615325188,0.002,1
233,69898,69856,42,0.0006008755615325188,0.002,1
234,69898,69856,42,0.0006008755615325188,0.002,1
235,69898,69856,42,0.0006008755615325188,0.002,1
236,69898,69856,42,0.0006008755615325188,0.002,1
237,69898,69856,42,0.0006008755615325188,0.002,1
238,69898,69856,42,0.0006008755615325188,0.002,1
239,69898,69856,42,0.0006008755615325188,0.002,1
240,69898,69856,42,0.0006008755615325188,0.002,1
241,69898,69856,42,0.0006008755615325188,0.002,1
242,69898,69856,42,0.0006008755615325188,0.002,1
243,69898,69856,42,0.0006008755615325188,0.002,1
244,69898,69856,42,0.0006008755615325188,0.002,1
245,69898,69856,42,0.0006008755615325188,0.002,1
246,69898,69856,42,0.0006008755615325188,0.002,1
247,69898,69856,42,0.0006008755615325188,0.002,1
248,69898,69856,42,0.0006008755615325188,0.002,1
249,69898,69856,42,0.0006008755615325188,0.002,1
250,69898,69856,42,0.0006008755615325188,0.002,1
251,69898,69856,42,0.0006008755615325188,0.002,1
252,69898,69856,42,0.0006008755615325188,0.002,1
253,69898,69856,42,0.0006008755615325188,0.002,1
254,69898,69856,42,0.0006008755615325188,0.002,1
255,69898,69856,42,0.0006008755615325188,0.002,1
256,69898,69856,42,0.0006008755615325188,0.002,1
257,69898,69856,42,0.0006008755615325188,0.002,1
258,69898,69856,42,0.0006008755615325188,0.002,1
259,69898,69856,42,0.0006008755615325188,0.002,1
260,69898,69856,42,0.0006008755615325188,0.002,1
261,69898,69856,42,0.0006008755615325188,0.002,1
262,69898,69856,42,0.0006008755615325188,0.002,1
263,69898,69856,42,0.0006008755615325188,0.002,1
264,69898,69856,42,0.0006008755615325188,0.002,1
265,69898,69856,42,0.0006008755615325188,0.002,1
266,69898,69856,42,0.0006008755615325188,0.002,1
267,69898,69856,42,0.0006008755615325188,0.002,1
268,69898,69856,42,0.0006008755615325188,0.002,1
269,69898,69856,42,0.0006008755615325188,0.002,1
270,69898,69856,42,0.0006008755615325188,0.002,1
271,69898,69856,42,0.0006008755615325188,0.002,1
272,69898,69856,42,0.0006008755615325188,0.002,1
273,69898,69856,42,0.0006008755615325188,0.002,1
274,69898,69856,42,0.0006008755615325188,0.002,1
275,69898,69856,42,0.0006008755615325188,0.002,1
276,69898,69856,42,0.0006008755615325188,0.002,1
277,69898,69856,42,0.0006008755615325188,0.002,1
278,69898,69856,42,0.0006008755615325188,0.002,1
279,69898,69856,42,0.0006008755615325188,0.002,1
280,69898,69856,42,0.0006008755615325188,0.002,1
281,69898,69856,42,0.0006008755615325188,0.002,1
282,69898,69856,42,0.0006008755615325188,0.002,1
283,69898,69856,42,0.0006008755615325188,0.002,1
284,69898,69856,42,0.0006008755615325188,0.002,1
285,69898,69856,42,0.0006008755615325188,0.002,1
286,69898,69856,42,0.0006008755615325188,0.002,1
287,69898,69856,42,0.0006008755615325188,0.002,1
288,69898,69856,42,0.0006008755615325188,0.002,1
289,69898,69856,42,0.0006008755615325188,0.002,1
290,69898,69856,42,0.0006008755615325188,0.002,1
291,69898,69856,42,0.0006008755615325188,0.002,1
292,69898,69856,42,0.0006008755615325188,0.002,1
293,69898,69856,42,0.0006008755615325188,0.002,1
294,69898,69856,42,0.0006008755615325188,0.002,1
295,69898,69856,42,0.0006008755615325188,0.002,1
296,69898,69856,42,0.0006008755615325188,0.002,1
297,69898,69856,42,0.0006008755615325188,0.002,1
298,69898,69856,42,0.0006008755615325188,0.002,1
299,69898,69856,42,0.0006008755615325188,0.002,1
300,69898,69856,42,0.0006008755615325188,0.002,1
301,69898,69856,42,0.0006008755615325188,0.002,1
302,69898,69856,42,0.0006008755615325188,0.002,1
303,69898,69856,42,0.0006008755615325188,0.002,1
304,69898,69856,42,0.0006008755615325188,0.002,1
305,69898,69856,42,0.0006008755615325188,0.002,1
306,69898,69856,42,0.0006008755615325188,0.002,1
307,69898,69856,42,0.0006008755615325188,0.002,1
308,69898,69856,42,0.0006008755615325188,0.002,1
309,69898,69856,42,0.0006008755615325188,0.002,1
310,69898,69856,42,0.0006008755615325188,0.002,1
311,69898,69856,42,0.0006008755615325188,0.002,1
312,69898,69856,42,0.0006008755615325188,0.002,1
313,69898,69856,42,0.0006008755615325188,0.002,1
314,69898,69856,42,0.0006008755615325188,0.002,1
315,69898,69856,42,0.0006008755615325188,0.002,1
316,69898,69856,42,0.0006008755615325188,0.002,1
317,69898,69856,42,0.0006008755615325188,0.002,1
318,69898,69856,42,0.0006008755615325188,0.002,1
319,69898,69856,42,0.0006008755615325188,0.002,1
320,69898,69856,42,0.0006008755615325188,0.002,1
321,69898,69856,42,0.0006008755615325188,0.002,1
322,69898,69856,42,0.0006008755615325188,0.002,1
323,69898,69856,42,0.0006008755615325188,0.002,1
324,69898,69856,42,0.0006008755615325188,0.002,1
325,69898,69856,42,0.0006008755615325188,0.002,1
326,69898,69856,42,0.0006008755615325188,0.002,1
327,69898,69856,42,0.0006008755615325188,0.002,1
328,69898,69856,42,0.0006008755615325188,0.002,1
329,69898,69856,42,0.0006008755615325188,0.002,1
330,69898,69856,42,0.0006008755615325188,0.002,1
331,69898,69856,42,0.0006008755615325188,0.002,1
332,69898,69856,42,0.0006008755615325188,0.002,1
333,69898,69856,42,0.0006008755615325188,0.002,1
334,69898,69856,42,0.0006008755615325188,0.002,1
335,69898,69856,42,0.0006008755615325188,0.002,1
336,69898,69856,42,0.0006008755615325188,0.002,1
337,69898,69856,42,0.0006008755615325188,0.002,1
338,69898,69856,42,0.0006008755615325188,0.002,1
339,69898,69856,42,0.0006008755615325188,0.002,1
340,69898,69856,42,0.0006008755615325188,0.002,1
341,69898,69856,42,0.0006008755615325188,0.002,1
342,69898,69856,42,0.0006008755615325188,0.002,1
343,69898,69856,42,0.0006008755615325188,0.002,1
344,69898,69856,42,0.0006008755615325188,0.002,1
345,69898,69856,42,0.0006008755615325188,0.002,1
346,69898,69856,42,0.0006008755615325188,0.002,1
347,69898,69856,42,0.0006008755615325188,0.002,1
348,69898,69856,42,0.0006008755615325188,0.002,1
349,69898,69856,42,0.0006008755615325188,0.002,1
350,69898,69856,42,0.0006008755615325188,0.002,1
351,69898,69856,42,0.0006008755615325188,0.002,1
352,69898,69856,42,0.0006008755615325188,0.002,1
353,69898,69856,42,0.0006008755615325188,0.002,1
354,69898,69856,42,0.0006008755615325188,0.002,1
355,69898,69856,42,0.0006008755615325188,0.002,1
356,69898,69856,42,0.0006008755615325188,0.002,1
357,69898,69856,42,0.0006008755615325188,0.002,1
358,69898,69856,42,0.0006008755615325188,0.002,1
359,69898,69856,42,0.0006008755615325188,0.002,1
360,69898,69856,42,0.0006008755615325188,0.002,1
361,69898,69856,42,0.0006008755615325188,0.002,1
362,69898,69856,42,0.0006008755615325188,0.002,1
363,69898,69856,42,0.0006008755615325188,0.002,1
364,69898,69856,42,0.0006008755615325188,0.002,1
365,69898,69856,42,0.0006008755615325188,0.002,1
366,69898,69856,42,0.0006008755615325188,0.002,1
367,69898,69856,42,0.0006008755615325188,0.002,1
368,69898,69856,42,0.0006008755615325188,0.002,1
369,69898,69856,42,0.0006008755615325188,0.002,1
370,69898,69856,42,0.0006008755615325188,0.002,1
371,69898,69856,42,0.0006008755615325188,0.002,1
372,69898,69856,42,0.0006008755615325188,0.002,1
373,69898,69856,42,0.0006008755615325188,0.002,1
374,69898,69856,42,0.0006008755615325188,0.002,1
375,69898,69856,42,0.0006008755615325188,0.002,1
376,69898,69856,42,0.0006008755615325188,0.002,1
377,69898,69856,42,0.0006008755615325188,0.002,1
378,69898,69856,42,0.0006008755615325188,0.002,1
379,69898,69856,42,0.0006008755615325188,0.002,1
380,69898,69856,42,0.0006008755615325188,0.002,1
381,69898,69856,42,0.0006008755615325188,0.002,1
382,69898,69856,42,0.0006008755615325188,0.002,1
383,69898,69856,42,0.0006008755615325188,0.002,1
384,69898,69856,42,0.0006008755615325188,0.002,1
385,69898,69856,42,0.0006008755615325188,0.002,1
386,69898,69856,42,0.0006008755615325188,0.002,1
387,69898,69856,42,0.0006008755615325188,0.002,1
388,69898,69856,42,0.0006008755615325188,0.002,1
389,69898,69856,42,0.0006008755615325188,0.002,1
390,69898,69856,42,0.0006008755615325188,0.002,1
391,69898,69856,42,0.0006008755615325188,0.002,1
392,69898,69856,42,0.0006008755615325188,0.002,1
393,69898,69856,42,0.0006008755615325188,0.002,1
394,69898,69856,42,0.0006008755615325188,0.002,1
395,69898,69856,42,0.0006008755615325188,0.002,1
396,69898,69856,42,0.0006008755615325188,0.002,1
397,69898,69856,42,0.0006008755615325188,0.002,1
398,69898,69856,42,0.0006008755615325188,0.002,1
399,69898,69856,42,0.0006008755615325188,0.002,1
400,69898,69856,42,0.0006008755615325188,0.002,1
401,69898,69856,42,0.0006008755615325188,0.002,1
402,69898,69856,42,0.0006008755615325188,0.002,1
403,69898,69856,42,0.0006008755615325188,0.002,1
404,69898,69856,42,0.0006008755615325188,0.002,1
405,69898,69856,42,0.0006008755615325188,0.002,1
406,69898,69856,42,0.0006008755615325188,0.002,1
407,69898,69856,42,0.0006008755615325188,0.002,1
408,69898,69856,42,0.0006008755615325188,0.002,1
409,69898,69856,42,0.0006008755615325188,0.002,1
410,69898,69856,42,0.0006008755615325188,0.002,1
411,69898,69856,42,0.0006008755615325188,0.002,1
412,69898,69856,42,0.0006008755615325188,0.002,1
413,69898,69856,42,0.0006008755615325188,0.002,1
414,69898,69856,42,0.0006008755615325188,0.002,1
415,69898,69856,42,0.0006008755615325188,0.002,1
416,69898,69856,42,0.0006008755615325188,0.002,1
417,69898,69856,42,0.0006008755615325188,0.002,1
418,69898,69856,42,0.0006008755615325188,0.002,1
419,69898,69856,42,0.0006008755615325188,0.002,1
420,69898,69856,42,0.0006008755615325188,0.002,1
421,69898,69856,42,0.0006008755615325188,0.002,1
422,69898,69856,42,0.0006008755615325188,0.002,1
423,69898,69856,42,0.0006008755615325188,0.002,1
424,69898,69856,42,0.0006008755615325188,0.002,1
425,69898,69856,42,0.0006008755615325188,0.002,1
426,69898,69856,42,0.0006008755615325188,0.002,1
427,69898,69856,42,0.0006008755615325188,0.002,1
428,69898,69856,42,0.0006008755615325188,0.002,1
429,69898,69856,42,0.0006008755615325188,0.002,1
430,69898,69856,42,0.0006008755615325188,0.002,1
431,69898,69856,42,0.0006008755615325188,0.002,1
432,69898,69856,42,0.0006008755615325188,0.002,1
433,69898,69856,42,0.0006008755615325188,0.002,1
434,69898,69856,42,0.0006008755615325188,0.002,1
435,69898,69856,42,0.0006008755615325188,0.002,1
436,69898,69856,42,0.0006008755615325188,0.002,1
437,69898,69856,42,0.0006008755615325188,0.002,1
438,69898,69856,42,0.0006008755615325188,0.002,1
439,69898,69856,42,0.0006008755615325188,0.002,1
440,69898,69856,42,0.0006008755615325188,0.002,1
441,69898,69856,42,0.0006008755615325188,0.002,1
442,69898,69856,42,0.0006008755615325188,0.002,1
443,69898,69856,42,0.0006008755615325188,0.002,1
444,69898,69856,42,0.0006008755615325188,0.002,1
445,69898,69856,42,0.0006008755615325188,0.002,1
446,69898,69856,42,0.0006008755615325188,0.002,1
447,69898,69856,42,0.0006008755615325188,0.002,1
448,69898,69856,42,0.0006008755615325188,0.002,1
449,69898,69856,42,0.0006008755615325188,0.002,1
450,69898,69856,42,0.0006008755615325188,0.002,1
451,69898,69856,42,0.0006008755615325188,0.002,1
452,69898,69856,42,0.0006008755615325188,0.002,1
453,69898,69856,42,0.0006008755615325188,0.002,1
454,69898,69856,42,0.0006008755615325188,0.002,1
455,69898,69856,42,0.0006008755615325188,0.002,1
456,69898,69856,42,0.0006008755615325188,0.002,1
457,69898,69856,42,0.0006008755615325188,0.002,1
458,69898,69856,42,0.0006008755615325188,0.002,1
459,69898,69856,42,0.0006008755615325188,0.002,1
460,69898,69856,42,0.0006008755615325188,0.002,1
461,69898,69856,42,0.0006008755615325188,0.002,1
462,69898,69856,42,0.0006008755615325188,0.002,1
463,69898,69856,42,0.0006008755615325188,0.002,1
464,69898,69856,42,0.0006008755615325188,0.002,1
465,69898,69856,42,0.0006008755615325188,0.002,1
466,69898,69856,42,0.0006008755615325188,0.002,1
467,69898,69856,42,0.0006008755615325188,0.002,1
468,69898,69856,42,0.0006008755615325188,0.002,1
469,69898,69856,42,0.0006008755615325188,0.002,1
470,69898,69856,42,0.0006008755615325188,0.002,1
471,69898,69856,42,0.0006008755615325188,0.002,1
472,69898,69856,42,0.0006008755615325188,0.002,1
473,69898,69856,42,0.0006008755615325188,0.002,1
474,69898,69856,42,0.0006008755615325188,0.002,1
475,69898,69856,42,0.0006008755615325188,0.002,1
476,69898,69856,42,0.0006008755615325188,0.002,1
477,69898,69856,42,0.0006008755615325188,0.002,1
478,69898,69856,42,0.0006008755615325188,0.002,1
479,69898,69856,42,0.0006008755615325188,0.002,1
480,69898,69856,42,0.0006008755615325188,0.002,1
481,69898,69856,42,0.0006008755615325188,0.002,1
482,69898,69856,42,0.0006008755615325188,0.002,1
483,69898,69856,42,0.0006008755615325188,0.002,1
484,69898,69856,42,0.0006008755615325188,0.002,1
485,69898,69856,42,0.0006008755615325188,0.002,1
486,69898,69856,42,0.0006008755615325188,0.002,1
487,69898,69856,42,0.0006008755615325188,0.002,1
488,69898,69856,42,0.0006008755615325188,0.002,1
489,69898,69856,42,0.0006008755615325188,0.002,1
490,69898,69856,42,0.0006008755615325188,0.002,1
491,69898,69856,42,0.0006008755615325188,0.002,1
492,69898,69856,42,0.0006008755615325188,0.002,1
493,69898,69856,42,0.0006008755615325188,0.002,1
494,69898,69856,42,0.0006008755615325188,0.002,1
495,69898,69856,42,0.0006008755615325188,0.002,1
496,69898,69856,42,0.0006008755615325188,0.002,1
497,69898,69856,42,0.0006008755615325188,0.002,1
498,69898,69856,42,0.0006008755615325188,0.002,1
499,69898,69856,42,0.0006008755615325188,0.002,1
500,69898,69856,42,0.0006008755615325188,0.002,1
501,69898,69856,42,0.0006008755615325188,0.002,1
502,69898,69856,42,0.0006008755615325188,0.002,1
503,69898,69856,42,0.0006008755615325188,0.002,1
504,69898,69856,42,0.0006008755615325188,0.002,1
505,69898,69856,42,0.0006008755615325188,0.002,1
506,69898,69856,42,0.0006008755615325188,0.002,1
507,69898,69856,42,0.0006008755615325188,0.002,1
508,69898,69856,42,0.0006008755615325188,0.002,1
509,69898,69856,42,0.0006008755615325188,0.002,1
510,69898,69856,42,0.0006008755615325188,0.002,1
511,69898,69856,42,0.0006008755615325188,0.002,1
512,69898,69856,42,0.0006008755615325188,0.002,1
513,69898,69856,42,0.0006008755615325188,0.002,1
514,69898,69856,42,0.0006008755615325188,0.002,1
515,69898,69856,42,0.0006008755615325188,0.002,1
516,69898,69856,42,0.0006008755615325188,0.002,1
517,69898,69856,42,0.0006008755615325188,0.002,1
518,69898,69856,42,0.0006008755615325188,0.002,1
519,69898,69856,42,0.0006008755615325188,0.002,1
520,69898,69856,42,0.0006008755615325188,0.002,1
521,69898,69856,42,0.0006008755615325188,0.002,1
522,69898,69856,42,0.0006008755615325188,0.002,1
523,69898,69856,42,0.0006008755615325188,0.002,1
524,69898,69856,42,0.0006008755615325188,0.002,1
525,69898,69856,42,0.0006008755615325188,0.002,1
526,69898,69856,42,0.0006008755615325188,0.002,1
527,69898,69856,42,0.0006008755615325188,0.002,1
528,69898,69856,42,0.0006008755615325188,0.002,1
529,69898,69856,42,0.0006008755615325188,0.002,1
530,69898,69856,42,0.0006008755615325188,0.002,1
531,69898,69856,42,0.0006008755615325188,0.002,1
532,69898,69856,42,0.0006008755615325188,0.002,1
533,69898,69856,42,0.0006008755615325188,0.002,1
534,69898,69856,42,0.0006008755615325188,0.002,1
535,69898,69856,42,0.0006008755615325188,0.002,1
536,69898,69856,42,0.0006008755615325188,0.002,1
537,69898,69856,42,0.0006008755615325188,0.002,1
538,69898,69856,42,0.0006008755615325188,0.002,1
539,69898,69856,42,0.0006008755615325188,0.002,1
540,69898,69856,42,0.0006008755615325188,0.002,1
541,69898,69856,42,0.0006008755615325188,0.002,1
542,69898,69856,42,0.0006008755615325188,0.002,1
543,69898,69856,42,0.0006008755615325188,0.002,1
544,69898,69856,42,0.0006008755615325188,0.002,1
545,69898,69856,42,0.0006008755615325188,0.002,1
546,69898,69856,42,0.0006008755615325188,0.002,1
547,69898,69856,42,0.0006008755615325188,0.002,1
548,69898,69856,42,0.0006008755615325188,0.002,1
549,69898,69856,42,0.0006008755615325188,0.002,1
550,69898,69856,42,0.0006008755615325188,0.002,1
551,69898,69856,42,0.0006008755615325188,0.002,1
552,69898,69856,42,0.0006008755615325188,0.002,1
553,69898,69856,42,0.0006008755615325188,0.002,1
554,69898,69856,42,0.0006008755615325188,0.002,1
555,69898,69856,42,0.0006008755615325188,0.002,1
556,69898,69856,42,0.0006008755615325188,0.002,1
557,69898,69856,42,0.0006008755615325188,0.002,1
558,69898,69856,42,0.0006008755615325188,0.002,1
559,69898,69856,42,0.0006008755615325188,0.002,1
560,69898,69856,42,0.0006008755615325188,0.002,1
561,69898,69856,42,0.0006008755615325188,0.002,1
562,69898,69856,42,0.0006008755615325188,0.002,1
563,69898,69856,42,0.0006008755615325188,0.002,1
564,69898,69856,42,0.0006008755615325188,0.002,1
565,69898,69856,42,0.0006008755615325188,0.002,1
566,69898,69856,42,0.0006008755615325188,0.002,1
567,69898,69856,42,0.0006008755615325188,0.002,1
568,69898,69856,42,0.0006008755615325188,0.002,1
569,69898,69856,42,0.0006008755615325188,0.002,1
570,69898,69856,42,0.0006008755615325188,0.002,1
571,69898,69856,42,0.0006008755615325188,0.002,1
572,69898,69856,42,0.0006008755615325188,0.002,1
573,69898,69856,42,0.0006008755615325188,0.002,1
574,69898,69856,42,0.0006008755615325188,0.002,1
575,69898,69856,42,0.0006008755615325188,0.002,1
576,69898,69856,42,0.0006008755615325188,0.002,1
577,69898,69856,42,0.0006008755615325188,0.002,1
578,69898,69856,42,0.0006008755615325188,0.002,1
579,69898,69856,42,0.0006008755615325188,0.002,1
580,69898,69856,42,0.0006008755615325188,0.002,1
581,69898,69856,42,0.0006008755615325188,0.002,1
582,69898,69856,42,0.0006008755615325188,0.002,1
583,69898,69856,42,0.0006008755615325188,0.002,1
584,69898,69856,42,0.0006008755615325188,0.002,1
585,69898,69856,42,0.0006008755615325188,0.002,1
586,69898,69856,42,0.0006008755615325188,0.002,1
587,69898,69856,42,0.0006008755615325188,0.002,1
588,69898,69856,42,0.0006008755615325188,0.002,1
589,69898,69856,42,0.0006008755615325188,0.002,1
590,69898,69856,42,0.0006008755615325188,0.002,1
591,69898,69856,42,0.0006008755615325188,0.002,1
592,69898,69856,42,0.0006008755615325188,0.002,1
593,69898,69856,42,0.0006008755615325188,0.002,1
594,69898,69856,42,0.0006008755615325188,0.002,1
595,69898,69856,42,0.0006008755615325188,0.002,1
596,69898,69856,42,0.0006008755615325188,0.002,1
597,69898,69856,42,0.0006008755615325188,0.002,1
598,69898,69856,42,0.0006008755615325188,0.002,1
599,69898,69856,42,0.0006008755615325188,0.002,1
600,69898,69856,42,0.0006008755615325188,0.002,1
601,69898,69856,42,0.0006008755615325188,0.002,1
602,69898,69856,42,0.0006008755615325188,0.002,1
603,69898,69856,42,0.0006008755615325188,0.002,1
604,69898,69856,42,0.0006008755615325188,0.002,1
605,69898,69856,42,0.0006008755615325188,0.002,1
606,69898,69856,42,0.0006008755615325188,0.002,1
607,69898,69856,42,0.0006008755615325188,0.002,1
608,69898,69856,42,0.0006008755615325188,0.002,1
609,69898,69856,42,0.0006008755615325188,0.002,1
610,69898,69856,42,0.0006008755615325188,0.002,1
611,69898,69856,42,0.0006008755615325188,0.002,1
612,69898,69856,42,0.0006008755615325188,0.002,1
613,69898,69856,42,0.0006008755615325188,0.002,1
614,69898,69856,42,0.0006008755615325188,0.002,1
615,69898,69856,42,0.0006008755615325188,0.002,1
616,69898,69856,42,0.0006008755615325188,0.002,1
617,69898,69856,42,0.0006008755615325188,0.002,1
618,69898,69856,42,0.0006008755615325188,0.002,1
619,69898,69856,42,0.0006008755615325188,0.002,1
620,69898,69856,42,0.0006008755615325188,0.002,1
621,69898,69856,42,0.0006008755615325188,0.002,1
622,69898,69856,42,0.0006008755615325188,0.002,1
623,69898,69856,42,0.0006008755615325188,0.002,1
624,69898,69856,42,0.0006008755615325188,0.002,1
625,69898,69856,42,0.0006008755615325188,0.002,1
626,69898,69856,42,0.0006008755615325188,0.002,1
627,69898,69856,42,0.0006008755615325188,0.002,1
628,69898,69856,42,0.0006008755615325188,0.002,1
629,69898,69856,42,0.0006008755615325188,0.002,1
630,69898,69856,42,0.0006008755615325188,0.002,1
631,69898,69856,42,0.0006008755615325188,0.002,1
632,69898,69856,42,0.0006008755615325188,0.002,1
633,69898,69856,42,0.0006008755615325188,0.002,1
634,69898,69856,42,0.0006008755615325188,0.002,1
635,69898,69856,42,0.0006008755615325188,0.002,1
636,69898,69856,42,0.0006008755615325188,0.002,1
637,69898,69856,42,0.0006008755615325188,0.002,1
638,69898,69856,42,0.0006008755615325188,0.002,1
639,69898,69856,42,0.0006008755615325188,0.002,1
640,69898,69856,42,0.0006008755615325188,0.002,1
641,69898,69856,42,0.0006008755615325188,0.002,1
642,69898,69856,42,0.0006008755615325188,0.002,1
643,69898,69856,42,0.0006008755615325188,0.002,1
644,69898,69856,42,0.0006008755615325188,0.002,1
645,69898,69856,42,0.0006008755615325188,0.002,1
646,69898,69856,42,0.0006008755615325188,0.002,1
647,69898,69856,42,0.0006008755615325188,0.002,1
648,69898,69856,42,0.0006008755615325188,0.002,1
649,69898,69856,42,0.0006008755615325188,0.002,1
650,69898,69856,42,0.0006008755615325188,0.002,1
651,69898,69856,42,0.0006008755615325188,0.002,1
652,69898,69856,42,0.0006008755615325188,0.002,1
653,69898,69856,42,0.0006008755615325188,0.002,1
654,69898,69856,42,0.0006008755615325188,0.002,1
655,69898,69856,42,0.0006008755615325188,0.002,1
656,69898,69856,42,0.0006008755615325188,0.002,1
657,69898,69856,42,0.0006008755615325188,0.002,1
658,69898,69856,42,0.0006008755615325188,0.002,1
659,69898,69856,42,0.0006008755615325188,0.002,1
660,69898,69856,42,0.0006008755615325188,0.002,1
661,69898,69856,42,0.0006008755615325188,0.002,1
662,69898,69856,42,0.0006008755615325188,0.002,1
663,69898,69856,42,0.0006008755615325188,0.002,1
664,69898,69856,42,0.0006008755615325188,0.002,1
665,69898,69856,42,0.0006008755615325188,0.002,1
666,69898,69856,42,0.0006008755615325188,0.002,1
667,69898,69856,42,0.0006008755615325188,0.002,1
668,69898,69856,42,0.0006008755615325188,0.002,1
669,69898,69856,42,0.0006008755615325188,0.002,1
670,69898,69856,42,0.0006008755615325188,0.002,1
671,69898,69856,42,0.0006008755615325188,0.002,1
672,69898,69856,42,0.0006008755615325188,0.002,1
673,69898,69856,42,0.0006008755615325188,0.002,1
674,69898,69856,42,0.0006008755615325188,0.002,1
675,69898,69856,42,0.0006008755615325188,0.002,1
676,69898,69856,42,0.0006008755615325188,0.002,1
677,69898,69856,42,0.0006008755615325188,0.002,1
678,69898,69856,42,0.0006008755615325188,0.002,1
679,69898,69856,42,0.0006008755615325188,0.002,1
680,69898,69856,42,0.0006008755615325188,0.002,1
681,69898,69856,42,0.0006008755615325188,0.002,1
682,69898,69856,42,0.0006008755615325188,0.002,1
683,69898,69856,42,0.0006008755615325188,0.002,1
684,69898,69856,42,0.0006008755615325188,0.002,1
685,69898,69856,42,0.0006008755615325188,0.002,1
686,69898,69856,42,0.0006008755615325188,0.002,1
687,69898,69856,42,0.0006008755615325188,0.002,1
688,69898,69856,42,0.0006008755615325188,0.002,1
689,69898,69856,42,0.0006008755615325188,0.002,1
690,69898,69856,42,0.0006008755615325188,0.002,1
691,69898,69856,42,0.0006008755615325188,0.002,1
692,69898,69856,42,0.0006008755615325188,0.002,1
693,69898,69856,42,0.0006008755615325188,0.002,1
694,69898,69856,42,0.0006008755615325188,0.002,1
695,69898,69856,42,0.0006008755615325188,0.002,1
696,69898,69856,42,0.0006008755615325188,0.002,1
697,69898,69856,42,0.0006008755615325188,0.002,1
698,69898,69856,42,0.0006008755615325188,0.002,1
699,69898,69856,42,0.0006008755615325188,0.002,1
700,69898,69856,42,0.0006008755615325188,0.002,1
701,69898,69856,42,0.0006008755615325188,0.002,1
702,69898,69856,42,0.0006008755615325188,0.002,1
703,69898,69856,42,0.0006008755615325188,0.002,1
704,69898,69856,42,0.0006008755615325188,0.002,1
705,69898,69856,42,0.0006008755615325188,0.002,1
706,69898,69856,42,0.0006008755615325188,0.002,1
707,69898,69856,42,0.0006008755615325188,0.002,1
708,69898,69856,42,0.0006008755615325188,0.002,1
709,69898,69856,42,0.0006008755615325188,0.002,1
710,69898,69856,42,0.0006008755615325188,0.002,1
711,69898,69856,42,0.0006008755615325188,0.002,1
712,69898,69856,42,0.0006008755615325188,0.002,1
713,69898,69856,42,0.0006008755615325188,0.002,1
714,69898,69856,42,0.0006008755615325188,0.002,1
715,69898,69856,42,0.0006008755615325188,0.002,1
716,69898,69856,42,0.0006008755615325188,0.002,1
717,69898,69856,42,0.0006008755615325188,0.002,1
718,69898,69856,42,0.0006008755615325188,0.002,1
719,69898,69856,42,0.0006008755615325188,0.002,1
720,69898,69856,42,0.0006008755615325188,0.002,1
721,69898,69856,42,0.0006008755615325188,0.002,1
722,69898,69856,42,0.0006008755615325188,0.002,1
723,69898,69856,42,0.0006008755615325188,0.002,1
724,69898,69856,42,0.0006008755615325188,0.002,1
725,69898,69856,42,0.0006008755615325188,0.002,1
726,69898,69856,42,0.0006008755615325188,0.002,1
727,69898,69856,42,0.0006008755615325188,0.002,1
728,69898,69856,42,0.0006008755615325188,0.002,1
729,69898,69856,42,0.0006008755615325188,0.002,1
730,69898,69856,42,0.0006008755615325188,0.002,1
731,69898,69856,42,0.0006008755615325188,0.002,1
732,69898,69856,42,0.0006008755615325188,0.002,1
733,69898,69856,42,0.0006008755615325188,0.002,1
734,69898,69856,42,0.0006008755615325188,0.002,1
735,69898,69856,42,0.0006008755615325188,0.002,1
736,69898,69856,42,0.0006008755615325188,0.002,1
737,69898,69856,42,0.0006008755615325188,0.002,1
738,69898,69856,42,0.0006008755615325188,0.002,1
739,69898,69856,42,0.0006008755615325188,0.002,1
740,69898,69856,42,0.0006008755615325188,0.002,1
741,69898,69856,42,0.0006008755615325188,0.002,1
742,69898,69856,42,0.0006008755615325188,0.002,1
743,69898,69856,42,0.0006008755615325188,0.002,1
744,69898,69856,42,0.0006008755615325188,0.002,1
745,69898,69856,42,0.0006008755615325188,0.002,1
746,69898,69856,42,0.0006008755615325188,0.002,1
747,69898,69856,42,0.0006008755615325188,0.002,1
748,69898,69856,42,0.0006008755615325188,0.002,1
749,69898,69856,42,0.0006008755615325188,0.002,1
750,69898,69856,42,0.0006008755615325188,0.002,1
751,69898,69856,42,0.0006008755615325188,0.002,1
752,69898,69856,42,0.0006008755615325188,0.002,1
753,69898,69856,42,0.0006008755615325188,0.002,1
754,69898,69856,42,0.0006008755615325188,0.002,1
755,69898,69856,42,0.0006008755615325188,0.002,1
756,69898,69856,42,0.0006008755615325188,0.002,1
757,69898,69856,42,0.0006008755615325188,0.002,1
758,69898,69856,42,0.0006008755615325188,0.002,1
759,69898,69856,42,0.0006008755615325188,0.002,1
760,69898,69856,42,0.0006008755615325188,0.002,1
761,69898,69856,42,0.0006008755615325188,0.002,1
762,69898,69856,42,0.0006008755615325188,0.002,1
763,69898,69856,42,0.0006008755615325188,0.002,1
764,69898,69856,42,0.0006008755615325188,0.002,1
765,69898,69856,42,0.0006008755615325188,0.002,1
766,69898,69856,42,0.0006008755615325188,0.002,1
767,69898,69856,42,0.0006008755615325188,0.002,1
768,69898,69856,42,0.0006008755615325188,0.002,1
769,69898,69856,42,0.0006008755615325188,0.002,1
770,69898,69856,42,0.0006008755615325188,0.002,1
771,69898,69856,42,0.0006008755615325188,0.002,1
772,69898,69856,42,0.0006008755615325188,0.002,1
773,69898,69856,42,0.0006008755615325188,0.002,1
774,69898,69856,42,0.0006008755615325188,0.002,1
775,69898,69856,42,0.0006008755615325188,0.002,1
776,69898,69856,42,0.0006008755615325188,0.002,1
777,69898,69856,42,0.0006008755615325188,0.002,1
778,69898,69856,42,0.0006008755615325188,0.002,1
779,69898,69856,42,0.0006008755615325188,0.002,1
780,69898,69856,42,0.0006008755615325188,0.002,1
781,69898,69856,42,0.0006008755615325188,0.002,1
782,69898,69856,42,0.0006008755615325188,0.002,1
783,69898,69856,42,0.0006008755615325188,0.002,1
784,69898,69856,42,0.0006008755615325188,0.002,1
785,69898,69856,42,0.0006008755615325188,0.002,1
786,69898,69856,42,0.0006008755615325188,0.002,1
787,69898,69856,42,0.0006008755615325188,0.002,1
788,69898,69856,42,0.0006008755615325188,0.002,1
789,69898,69856,42,0.0006008755615325188,0.002,1
790,69898,69856,42,0.0006008755615325188,0.002,1
791,69898,69856,42,0.0006008755615325188,0.002,1
792,69898,69856,42,0.0006008755615325188,0.002,1
793,69898,69856,42,0.0006008755615325188,0.002,1
794,69898,69856,42,0.0006008755615325188,0.002,1
795,69898,69856,42,0.0006008755615325188,0.002,1
796,69898,69856,42,0.0006008755615325188,0.002,1
797,69898,69856,42,0.0006008755615325188,0.002,1
798,69898,69856,42,0.0006008755615325188,0.002,1
799,69898,69856,42,0.0006008755615325188,0.002,1
800,69898,69856,42,0.0006008755615325188,0.002,1
801,69898,69856,42,0.0006008755615325188,0.002,1
802,69898,69856,42,0.0006008755615325188,0.002,1
803,69898,69856,42,0.0006008755615325188,0.002,1
804,69898,69856,42,0.0006008755615325188,0.002,1
805,69898,69856,42,0.0006008755615325188,0.002,1
806,69898,69856,42,0.0006008755615325188,0.002,1
807,69898,69856,42,0.0006008755615325188,0.002,1
808,69898,69856,42,0.0006008755615325188,0.002,1
809,69898,69856,42,0.0006008755615325188,0.002,1
810,69898,69856,42,0.0006008755615325188,0.002,1
811,69898,69856,42,0.0006008755615325188,0.002,1
812,69898,69856,42,0.0006008755615325188,0.002,1
813,69898,69856,42,0.0006008755615325188,0.002,1
814,69898,69856,42,0.0006008755615325188,0.002,1
815,69898,69856,42,0.0006008755615325188,0.002,1
816,69898,69856,42,0.0006008755615325188,0.002,1
817,69898,69856,42,0.0006008755615325188,0.002,1
818,69898,69856,42,0.0006008755615325188,0.002,1
819,69898,69856,42,0.0006008755615325188,0.002,1
820,69898,69856,42,0.0006008755615325188,0.002,1
821,69898,69856,42,0.0006008755615325188,0.002,1
822,69898,69856,42,0.0006008755615325188,0.002,1
823,69898,69856,42,0.0006008755615325188,0.002,1
824,69898,69856,42,0.0006008755615325188,0.002,1
825,69898,69856,42,0.0006008755615325188,0.002,1
826,69898,69856,42,0.0006008755615325188,0.002,1
827,69898,69856,42,0.0006008755615325188,0.002,1
828,69898,69856,42,0.0006008755615325188,0.002,1
829,69898,69856,42,0.0006008755615325188,0.002,1
830,69898,69856,42,0.0006008755615325188,0.002,1
831,69898,69856,42,0.0006008755615325188,0.002,1
832,69898,69856,42,0.0006008755615325188,0.002,1
833,69898,69856,42,0.0006008755615325188,0.002,1
834,69898,69856,42,0.0006008755615325188,0.002,1
835,69898,69856,42,0.0006008755615325188,0.002,1
836,69898,69856,42,0.0006008755615325188,0.002,1
837,69898,69856,42,0.0006008755615325188,0.002,1
838,69898,69856,42,0.0006008755615325188,0.002,1
839,69898,69856,42,0.0006008755615325188,0.002,1
840,69898,69856,42,0.0006008755615325188,0.002,1
841,69898,69856,42,0.0006008755615325188,0.002,1
842,69898,69856,42,0.0006008755615325188,0.002,1
843,69898,69856,42,0.0006008755615325188,0.002,1
844,69898,69856,42,0.0006008755615325188,0.002,1
845,69898,69856,42,0.0006008755615325188,0.002,1
846,69898,69856,42,0.0006008755615325188,0.002,1
847,69898,69856,42,0.0006008755615325188,0.002,1
848,69898,69856,42,0.0006008755615325188,0.002,1
849,69898,69856,42,0.0006008755615325188,0.002,1
850,69898,69856,42,0.0006008755615325188,0.002,1
851,69898,69856,42,0.0006008755615325188,0.002,1
852,69898,69856,42,0.0006008755615325188,0.002,1
853,69898,69856,42,0.0006008755615325188,0.002,1
854,69898,69856,42,0.0006008755615325188,0.002,1
855,69898,69856,42,0.0006008755615325188,0.002,1
856,69898,69856,42,0.0006008755615325188,0.002,1
857,69898,69856,42,0.0006008755615325188,0.002,1
858,69898,69856,42,0.0006008755615325188,0.002,1
859,69898,69856,42,0.0006008755615325188,0.002,1
860,69898,69856,42,0.0006008755615325188,0.002,1
861,69898,69856,42,0.0006008755615325188,0.002,1
862,69898,69856,42,0.0006008755615325188,0.002,1
863,69898,69856,42,0.0006008755615325188,0.002,1
864,69898,69856,42,0.0006008755615325188,0.002,1
865,69898,69856,42,0.0006008755615325188,0.002,1
866,69898,69856,42,0.0006008755615325188,0.002,1
867,69898,69856,42,0.0006008755615325188,0.002,1
868,69898,69856,42,0.0006008755615325188,0.002,1
869,69898,69856,42,0.0006008755615325188,0.002,1
870,69898,69856,42,0.0006008755615325188,0.002,1
871,69898,69856,42,0.0006008755615325188,0.002,1
872,69898,69856,42,0.0006008755615325188,0.002,1
873,69898,69856,42,0.0006008755615325188,0.002,1
874,69898,69856,42,0.0006008755615325188,0.002,1
875,69898,69856,42,0.0006008755615325188,0.002,1
876,69898,69856,42,0.0006008755615325188,0.002,1
877,69898,69856,42,0.0006008755615325188,0.002,1
878,69898,69856,42,0.0006008755615325188,0.002,1
879,69898,69856,42,0.0006008755615325188,0.002,1
880,69898,69856,42,0.0006008755615325188,0.002,1
881,69898,69856,42,0.0006008755615325188,0.002,1
882,69898,69856,42,0.0006008755615325188,0.002,1
883,69898,69856,42,0.0006008755615325188,0.002,1
884,69898,69856,42,0.0006008755615325188,0.002,1
885,69898,69856,42,0.0006008755615325188,0.002,1
886,69898,69856,42,0.0006008755615325188,0.002,1
887,69898,69856,42,0.0006008755615325188,0.002,1
888,69898,69856,42,0.0006008755615325188,0.002,1
889,69898,69856,42,0.0006008755615325188,0.002,1
890,69898,69856,42,0.0006008755615325188,0.002,1
891,69898,69856,42,0.0006008755615325188,0.002,1
892,69898,69856,42,0.0006008755615325188,0.002,1
893,69898,69856,42,0.0006008755615325188,0.002,1
894,69898,69856,42,0.0006008755615325188,0.002,1
895,69898,69856,42,0.0006008755615325188,0.002,1
896,69898,69856,42,0.0006008755615325188,0.002,1
897,69898,69856,42,0.0006008755615325188,0.002,1
898,69898,69856,42,0.0006008755615325188,0.002,1
899,69898,69856,42,0.0006008755615325188,0.002,1
900,69898,69856,42,0.0006008755615325188,0.002,1
901,69898,69856,42,0.0006008755615325188,0.002,1
902,69898,69856,42,0.0006008755615325188,0.002,1
903,69898,69856,42,0.0006008755615325188,0.002,1
904,69898,69856,42,0.0006008755615325188,0.002,1
905,69898,69856,42,0.0006008755615325188,0.002,1
906,69898,69856,42,0.0006008755615325188,0.002,1
907,69898,69856,42,0.0006008755615325188,0.002,1
908,69898,69856,42,0.0006008755615325188,0.002,1
909,69898,69856,42,0.0006008755615325188,0.002,1
910,69898,69856,42,0.0006008755615325188,0.002,1
911,69898,69856,42,0.0006008755615325188,0.002,1
912,69898,69856,42,0.0006008755615325188,0.002,1
913,69898,69856,42,0.0006008755615325188,0.002,1
914,69898,69856,42,0.0006008755615325188,0.002,1
915,69898,69856,42,0.0006008755615325188,0.002,1
916,69898,69856,42,0.0006008755615325188,0.002,1
917,69898,69856,42,0.0006008755615325188,0.002,1
918,69898,69856,42,0.0006008755615325188,0.002,1
919,69898,69856,42,0.0006008755615325188,0.002,1
920,69898,69856,42,0.0006008755615325188,0.002,1
921,69898,69856,42,0.0006008755615325188,0.002,1
922,69898,69856,42,0.0006008755615325188,0.002,1
923,69898,69856,42,0.0006008755615325188,0.002,1
924,69898,69856,42,0.0006008755615325188,0.002,1
925,69898,69856,42,0.0006008755615325188,0.002,1
926,69898,69856,42,0.0006008755615325188,0.002,1
927,69898,69856,42,0.0006008755615325188,0.002,1
928,69898,69856,42,0.0006008755615325188,0.002,1
929,69898,69856,42,0.0006008755615325188,0.002,1
930,69898,69856,42,0.0006008755615325188,0.002,1
931,69898,69856,42,0.0006008755615325188,0.002,1
932,69898,69856,42,0.0006008755615325188,0.002,1
933,69898,69856,42,0.0006008755615325188,0.002,1
934,69898,69856,42,0.0006008755615325188,0.002,1
935,69898,69856,42,0.0006008755615325188,0.002,1
936,69898,69856,42,0.0006008755615325188,0.002,1
937,69898,69856,42,0.0006008755615325188,0.002,1
938,69898,69856,42,0.0006008755615325188,0.002,1
939,69898,69856,42,0.0006008755615325188,0.002,1
940,69898,69856,42,0.0006008755615325188,0.002,1
941,69898,69856,42,0.0006008755615325188,0.002,1
942,69898,69856,42,0.0006008755615325188,0.002,1
943,69898,69856,42,0.0006008755615325188,0.002,1
944,69898,69856,42,0.0006008755615325188,0.002,1
945,69898,69856,42,0.0006008755615325188,0.002,1
946,69898,69856,42,0.0006008755615325188,0.002,1
947,69898,69856,42,0.0006008755615325188,0.002,1
948,69898,69856,42,0.0006008755615325188,0.002,1
949,69898,69856,42,0.0006008755615325188,0.002,1
950,69898,69856,42,0.0006008755615325188,0.002,1
951,69898,69856,42,0.0006008755615325188,0.002,1
952,69898,69856,42,0.0006008755615325188,0.002,1
953,69898,69856,42,0.0006008755615325188,0.002,1
954,69898,69856,42,0.0006008755615325188,0.002,1
955,69898,69856,42,0.0006008755615325188,0.002,1
956,69898,69856,42,0.0006008755615325188,0.002,1
957,69898,69856,42,0.0006008755615325188,0.002,1
958,69898,69856,42,0.0006008755615325188,0.002,1
959,69898,69856,42,0.0006008755615325188,0.002,1
960,69898,69856,42,0.0006008755615325188,0.002,1
961,69898,69856,42,0.0006008755615325188,0.002,1
962,69898,69856,42,0.0006008755615325188,0.002,1
963,69898,69856,42,0.0006008755615325188,0.002,1
964,69898,69856,42,0.0006008755615325188,0.002,1
965,69898,69856,42,0.0006008755615325188,0.002,1
966,69898,69856,42,0.0006008755615325188,0.002,1
967,69898,69856,42,0.0006008755615325188,0.002,1
968,69898,69856,42,0.0006008755615325188,0.002,1
969,69898,69856,42,0.0006008755615325188,0.002,1
970,69898,69856,42,0.0006008755615325188,0.002,1
971,69898,69856,42,0.0006008755615325188,0.002,1
972,69898,69856,42,0.0006008755615325188,0.002,1
973,69898,69856,42,0.0006008755615325188,0.002,1
974,69898,69856,42,0.0006008755615325188,0.002,1
975,69898,69856,42,0.0006008755615325188,0.002,1
976,69898,69856,42,0.0006008755615325188,0.002,1
977,69898,69856,42,0.0006008755615325188,0.002,1
978,69898,69856,42,0.0006008755615325188,0.002,1
979,69898,69856,42,0.0006008755615325188,0.002,1
980,69898,69856,42,0.0006008755615325188,0.002,1
981,69898,69856,42,0.0006008755615325188,0.002,1
982,69898,69856,42,0.0006008755615325188,0.002,1
983,69898,69856,42,0.0006008755615325188,0.002,1
984,69898,69856,42,0.0006008755615325188,0.002,1
985,69898,69856,42,0.0006008755615325188,0.002,1
986,69898,69856,42,0.0006008755615325188,0.002,1
987,69898,69856,42,0.0006008755615325188,0.002,1
988,69898,69856,42,0.0006008755615325188,0.002,1
989,69898,69856,42,0.0006008755615325188,0.002,1
990,69898,69856,42,0.0006008755615325188,0.002,1
991,69898,69856,42,0.0006008755615325188,0.002,1
992,69898,69856,42,0.0006008755615325188,0.002,1
993,69898,69856,42,0.0006008755615325188,0.002,1
994,69898,69856,42,0.0006008755615325188,0.002,1
995,69898,69856,42,0.0006008755615325188,0.002,1
996,69898,69856,42,0.0006008755615325188,0.002,1
997,69898,69856,42,0.0006008755615325188,0.002,1
998,69898,69856,42,0.0006008755615325188,0.002,1
999,69898,69856,42,0.0006008755615325188,0.002,1
1000,69898,69856,42,0.0006008755615325188,0.002,1
1001,69898,69856,42,0.0006008755615325188,0.002,1
1002,69898,69856,42,0.0006008755615325188,0.002,1
1003,69898,69856,42,0.0006008755615325188,0.002,1
1004,69898,69856,42,0.0006008755615325188,0.002,1
1005,69898,69856,42,0.0006008755615325188,0.002,1
1006,69898,69856,42,0.0006008755615325188,0.002,1
1007,69898,69856,42,0.0006008755615325188,0.002,1
1008,69898,69856,42,0.0006008755615325188,0.002,1
1009,69898,69856,42,0.0006008755615325188,0.002,1
1010,69898,69856,42,0.0006008755615325188,0.002,1
1011,69898,69856,42,0.0006008755615325188,0.002,1
1012,69898,69856,42,0.0006008755615325188,0.002,1
1013,69898,69856,42,0.0006008755615325188,0.002,1
1014,69898,69856,42,0.0006008755615325188,0.002,1
1015,69898,69856,42,0.0006008755615325188,0.002,1
1016,69898,69856,42,0.0006008755615325188,0.002,1
1017,69898,69856,42,0.0006008755615325188,0.002,1
1018,69898,69856,42,0.0006008755615325188,0.002,1
1019,69898,69856,42,0.0006008755615325188,0.002,1
1020,69898,69856,42,0.0006008755615325188,0.002,1
1021,69898,69856,42,0.0006008755615325188,0.002,1
1022,69898,69856,42,0.0006008755615325188,0.002,1
1023,69898,69856,42,0.0006008755615325188,0.002,1
1024,69898,69856,42,0.0006008755615325188,0.002,1
1025,69898,69856,42,0.0006008755615325188,0.002,1
1026,69898,69856,42,0.0006008755615325188,0.002,1
1027,69898,69856,42,0.0006008755615325188,0.002,1
1028,69898,69856,42,0.0006008755615325188,0.002,1
1029,69898,69856,42,0.0006008755615325188,0.002,1
1030,69898,69856,42,0.0006008755615325188,0.002,1
1031,69898,69856,42,0.0006008755615325188,0.002,1
1032,69898,69856,42,0.0006008755615325188,0.002,1
1033,69898,69856,42,0.0006008755615325188,0.002,1
1034,69898,69856,42,0.0006008755615325188,0.002,1
1035,69898,69856,42,0.0006008755615325188,0.002,1
1036,69898,69856,42,0.0006008755615325188,0.002,1
1037,69898,69856,42,0.0006008755615325188,0.002,1
1038,69898,69856,42,0.0006008755615325188,0.002,1
1039,69898,69856,42,0.0006008755615325188,0.002,1
1040,69898,69856,42,0.0006008755615325188,0.002,1
1041,69898,69856,42,0.0006008755615325188,0.002,1
1042,69898,69856,42,0.0006008755615325188,0.002,1
1043,69898,69856,42,0.0006008755615325188,0.002,1
1044,69898,69856,42,0.0006008755615325188,0.002,1
1045,69898,69856,42,0.0006008755615325188,0.002,1
1046,69898,69856,42,0.0006008755615325188,0.002,1
1047,69898,69856,42,0.0006008755615325188,0.002,1
1048,69898,69856,42,0.0006008755615325188,0.002,1
1049,69898,69856,42,0.0006008755615325188,0.002,1
1050,69898,69856,42,0.0006008755615325188,0.002,1
1051,69898,69856,42,0.0006008755615325188,0.002,1
1052,69898,69856,42,0.0006008755615325188,0.002,1
1053,69898,69856,42,0.0006008755615325188,0.002,1
1054,69898,69856,42,0.0006008755615325188,0.002,1
1055,69898,69856,42,0.0006008755615325188,0.002,1
1056,69898,69856,42,0.0006008755615325188,0.002,1
1057,69898,69856,42,0.0006008755615325188,0.002,1
1058,69898,69856,42,0.0006008755615325188,0.002,1
1059,69898,69856,42,0.0006008755615325188,0.002,1
1060,69898,69856,42,0.0006008755615325188,0.002,1
1061,69898,69856,42,0.0006008755615325188,0.002,1
1062,69898,69856,42,0.0006008755615325188,0.002,1
1063,69898,69856,42,0.0006008755615325188,0.002,1
1064,69898,69856,42,0.0006008755615325188,0.002,1
1065,69898,69856,42,0.0006008755615325188,0.002,1
1066,69898,69856,42,0.0006008755615325188,0.002,1
1067,69898,69856,42,0.0006008755615325188,0.002,1
1068,69898,69856,42,0.0006008755615325188,0.002,1
1069,69898,69856,42,0.0006008755615325188,0.002,1
1070,69898,69856,42,0.0006008755615325188,0.002,1
1071,69898,69856,42,0.0006008755615325188,0.002,1
1072,69898,69856,42,0.0006008755615325188,0.002,1
1073,69898,69856,42,0.0006008755615325188,0.002,1
1074,69898,69856,42,0.0006008755615325188,0.002,1
1075,69898,69856,42,0.0006008755615325188,0.002,1
1076,69898,69856,42,0.0006008755615325188,0.002,1
1077,69898,69856,42,0.0006008755615325188,0.002,1
1078,69898,69856,42,0.0006008755615325188,0.002,1
1079,69898,69856,42,0.0006008755615325188,0.002,1
1080,69898,69856,42,0.0006008755615325188,0.002,1
1081,69898,69856,42,0.0006008755615325188,0.002,1
1082,69898,69856,42,0.0006008755615325188,0.002,1
1083,69898,69856,42,0.0006008755615325188,0.002,1
1084,69898,69856,42,0.0006008755615325188,0.002,1
1085,69898,69856,42,0.0006008755615325188,0.002,1
1086,69898,69856,42,0.0006008755615325188,0.002,1
1087,69898,69856,42,0.0006008755615325188,0.002,1
1088,69898,69856,42,0.0006008755615325188,0.002,1
1089,69898,69856,42,0.0006008755615325188,0.002,1
1090,69898,69856,42,0.0006008755615325188,0.002,1
1091,69898,69856,42,0.0006008755615325188,0.002,1
1092,69898,69856,42,0.0006008755615325188,0.002,1
1093,69898,69856,42,0.0006008755615325188,0.002,1
1094,69898,69856,42,0.0006008755615325188,0.002,1
1095,69898,69856,42,0.0006008755615325188,0.002,1
1096,69898,69856,42,0.0006008755615325188,0.002,1
1097,69898,69856,42,0.0006008755615325188,0.002,1
1098,69898,69856,42,0.0006008755615325188,0.002,1
1099,69898,69856,42,0.0006008755615325188,0.002,1
1100,69898,69856,42,0.0006008755615325188,0.002,1
1101,69898,69856,42,0.0006008755615325188,0.002,1
1102,69898,69856,42,0.0006008755615325188,0.002,1
1103,69898,69856,42,0.0006008755615325188,0.002,1
1104,69898,69856,42,0.0006008755615325188,0.002,1
1105,69898,69856,42,0.0006008755615325188,0.002,1
1106,69898,69856,42,0.0006008755615325188,0.002,1
1107,69898,69856,42,0.0006008755615325188,0.002,1
1108,69898,69856,42,0.0006008755615325188,0.002,1
1109,69898,69856,42,0.0006008755615325188,0.002,1
1110,69898,69856,42,0.0006008755615325188,0.002,1
1111,69898,69856,42,0.0006008755615325188,0.002,1
1112,69898,69856,42,0.0006008755615325188,0.002,1
1113,69898,69856,42,0.0006008755615325188,0.002,1
1114,69898,69856,42,0.0006008755615325188,0.002,1
1115,69898,69856,42,0.0006008755615325188,0.002,1
1116,69898,69856,42,0.0006008755615325188,0.002,1
1117,69898,69856,42,0.0006008755615325188,0.002,1
1118,69898,69856,42,0.0006008755615325188,0.002,1
1119,69898,69856,42,0.0006008755615325188,0.002,1
1120,69898,69856,42,0.0006008755615325188,0.002,1
1121,69898,69856,42,0.0006008755615325188,0.002,1
1122,69898,69856,42,0.0006008755615325188,0.002,1
1123,69898,69856,42,0.0006008755615325188,0.002,1
1124,69898,69856,42,0.0006008755615325188,0.002,1
1125,69898,69856,42,0.0006008755615325188,0.002,1
1126,69898,69856,42,0.0006008755615325188,0.002,1
1127,69898,69856,42,0.0006008755615325188,0.002,1
1128,69898,69856,42,0.0006008755615325188,0.002,1
1129,69898,69856,42,0.0006008755615325188,0.002,1
1130,69898,69856,42,0.0006008755615325188,0.002,1
1131,69898,69856,42,0.0006008755615325188,0.002,1
1132,69898,69856,42,0.0006008755615325188,0.002,1
1133,69898,69856,42,0.0006008755615325188,0.002,1
1134,69898,69856,42,0.0006008755615325188,0.002,1
1135,69898,69856,42,0.0006008755615325188,0.002,1
1136,69898,69856,42,0.0006008755615325188,0.002,1
1137,69898,69856,42,0.0006008755615325188,0.002,1
1138,69898,69856,42,0.0006008755615325188,0.002,1
1139,69898,69856,42,0.0006008755615325188,0.002,1
1140,69898,69856,42,0.0006008755615325188,0.002,1
1141,69898,69856,42,0.0006008755615325188,0.002,1
1142,69898,69856,42,0.0006008755615325188,0.002,1
1143,69898,69856,42,0.0006008755615325188,0.002,1
1144,69898,69856,42,0.0006008755615325188,0.002,1
1145,69898,69856,42,0.0006008755615325188,0.002,1
1146,69898,69856,42,0.0006008755615325188,0.002,1
1147,69898,69856,42,0.0006008755615325188,0.002,1
1148,69898,69856,42,0.0006008755615325188,0.002,1
1149,69898,69856,42,0.0006008755615325188,0.002,1
1150,69898,69856,42,0.0006008755615325188,0.002,1
1151,69898,69856,42,0.0006008755615325188,0.002,1
1152,69898,69856,42,0.0006008755615325188,0.002,1
1153,69898,69856,42,0.0006008755615325188,0.002,1
1154,69898,69856,42,0.0006008755615325188,0.002,1
1155,69898,69856,42,0.0006008755615325188,0.002,1
1156,69898,69856,42,0.0006008755615325188,0.002,1
1157,69898,69856,42,0.0006008755615325188,0.002,1
1158,69898,69856,42,0.0006008755615325188,0.002,1
1159,69898,69856,42,0.0006008755615325188,0.002,1
1160,69898,69856,42,0.0006008755615325188,0.002,1
1161,69898,69856,42,0.0006008755615325188,0.002,1
1162,69898,69856,42,0.0006008755615325188,0.002,1
1163,69898,69856,42,0.0006008755615325188,0.002,1
1164,69898,69856,42,0.0006008755615325188,0.002,1
1165,69898,69856,42,0.0006008755615325188,0.002,1
1166,69898,69856,42,0.0006008755615325188,0.002,1
1167,69898,69856,42,0.0006008755615325188,0.002,1
1168,69898,69856,42,0.0006008755615325188,0.002,1
1169,69898,69856,42,0.0006008755615325188,0.002,1
1170,69898,69856,42,0.0006008755615325188,0.002,1
1171,69898,69856,42,0.0006008755615325188,0.002,1
1172,69898,69856,42,0.0006008755615325188,0.002,1
1173,69898,69856,42,0.0006008755615325188,0.002,1
1174,69898,69856,42,0.0006008755615325188,0.002,1
1175,69898,69856,42,0.0006008755615325188,0.002,1
1176,69898,69856,42,0.0006008755615325188,0.002,1
1177,69898,69856,42,0.0006008755615325188,0.002,1
1178,69898,69856,42,0.0006008755615325188,0.002,1
1179,69898,69856,42,0.0006008755615325188,0.002,1
1180,69898,69856,42,0.0006008755615325188,0.002,1
1181,69898,69856,42,0.0006008755615325188,0.002,1
1182,69898,69856,42,0.0006008755615325188,0.002,1
1183,69898,69856,42,0.0006008755615325188,0.002,1
1184,69898,69856,42,0.0006008755615325188,0.002,1
1185,69898,69856,42,0.0006008755615325188,0.002,1
1186,69898,69856,42,0.0006008755615325188,0.002,1
1187,69898,69856,42,0.0006008755615325188,0.002,1
1188,69898,69856,42,0.0006008755615325188,0.002,1
1189,69898,69856,42,0.0006008755615325188,0.002,1
1190,69898,69856,42,0.0006008755615325188,0.002,1
1191,69898,69856,42,0.0006008755615325188,0.002,1
1192,69898,69856,42,0.0006008755615325188,0.002,1
1193,69898,69856,42,0.0006008755615325188,0.002,1
1194,69898,69856,42,0.0006008755615325188,0.002,1
1195,69898,69856,42,0.0006008755615325188,0.002,1
1196,69898,69856,42,0.0006008755615325188,0.002,1
1197,69898,69856,42,0.0006008755615325188,0.002,1
1198,69898,69856,42,0.0006008755615325188,0.002,1
1199,69898,69856,42,0.0006008755615325188,0.002,1
1200,69898,69856,42,0.0006008755615325188,0.002,1
1201,69898,69856,42,0.0006008755615325188,0.002,1
1202,69898,69856,42,0.0006008755615325188,0.002,1
1203,69898,69856,42,0.0006008755615325188,0.002,1
1204,69898,69856,42,0.0006008755615325188,0.002,1
1205,69898,69856,42,0.0006008755615325188,0.002,1
1206,69898,69856,42,0.0006008755615325188,0.002,1
1207,69898,69856,42,0.0006008755615325188,0.002,1
1208,69898,69856,42,0.0006008755615325188,0.002,1
1209,69898,69856,42,0.0006008755615325188,0.002,1
1210,69898,69856,42,0.0006008755615325188,0.002,1
1211,69898,69856,42,0.0006008755615325188,0.002,1
1212,69898,69856,42,0.0006008755615325188,0.002,1
1213,69898,69856,42,0.0006008755615325188,0.002,1
1214,69898,69856,42,0.0006008755615325188,0.002,1
1215,69898,69856,42,0.0006008755615325188,0.002,1
1216,69898,69856,42,0.0006008755615325188,0.002,1
1217,69898,69856,42,0.0006008755615325188,0.002,1
1218,69898,69856,42,0.0006008755615325188,0.002,1
1219,69898,69856,42,0.0006008755615325188,0.002,1
1220,69898,69856,42,0.0006008755615325188,0.002,1
1221,69898,69856,42,0.0006008755615325188,0.002,1
1222,69898,69856,42,0.0006008755615325188,0.002,1
1223,69898,69856,42,0.0006008755615325188,0.002,1
1224,69898,69856,42,0.0006008755615325188,0.002,1
1225,69898,69856,42,0.0006008755615325188,0.002,1
1226,69898,69856,42,0.0006008755615325188,0.002,1
1227,69898,69856,42,0.0006008755615325188,0.002,1
1228,69898,69856,42,0.0006008755615325188,0.002,1
1229,69898,69856,42,0.0006008755615325188,0.002,1
1230,69898,69856,42,0.0006008755615325188,0.002,1
1231,69898,69856,42,0.0006008755615325188,0.002,1
1232,69898,69856,42,0.0006008755615325188,0.002,1
1233,69898,69856,42,0.0006008755615325188,0.002,1
1234,69898,69856,42,0.0006008755615325188,0.002,1
1235,69898,69856,42,0.0006008755615325188,0.002,1
1236,69898,69856,42,0.0006008755615325188,0.002,1
1237,69898,69856,42,0.0006008755615325188,0.002,1
1238,69898,69856,42,0.0006008755615325188,0.002,1
1239,69898,69856,42,0.0006008755615325188,0.002,1
1240,69898,69856,42,0.0006008755615325188,0.002,1
1241,69898,69856,42,0.0006008755615325188,0.002,1
1242,69898,69856,42,0.0006008755615325188,0.002,1
1243,69898,69856,42,0.0006008755615325188,0.002,1
1244,69898,69856,42,0.0006008755615325188,0.002,1
1245,69898,69856,42,0.0006008755615325188,0.002,1
1246,69898,69856,42,0.0006008755615325188,0.002,1
1247,69898,69856,42,0.0006008755615325188,0.002,1
1248,69898,69856,42,0.0006008755615325188,0.002,1
1249,69898,69856,42,0.0006008755615325188,0.002,1
1250,69898,69856,42,0.0006008755615325188,0.002,1
1251,69898,69856,42,0.0006008755615325188,0.002,1
1252,69898,69856,42,0.0006008755615325188,0.002,1
1253,69898,69856,42,0.0006008755615325188,0.002,1
1254,69898,69856,42,0.0006008755615325188,0.002,1
1255,69898,69856,42,0.0006008755615325188,0.002,1
1256,69898,69856,42,0.0006008755615325188,0.002,1
1257,69898,69856,42,0.0006008755615325188,0.002,1
1258,69898,69856,42,0.0006008755615325188,0.002,1
1259,69898,69856,42,0.0006008755615325188,0.002,1
1260,69898,69856,42,0.0006008755615325188,0.002,1
1261,69898,69856,42,0.0006008755615325188,0.002,1
1262,69898,69856,42,0.0006008755615325188,0.002,1
1263,69898,69856,42,0.0006008755615325188,0.002,1
1264,69898,69856,42,0.0006008755615325188,0.002,1
1265,69898,69856,42,0.0006008755615325188,0.002,1
1266,69898,69856,42,0.0006008755615325188,0.002,1
1267,69898,69856,42,0.0006008755615325188,0.002,1
1268,69898,69856,42,0.0006008755615325188,0.002,1
1269,69898,69856,42,0.0006008755615325188,0.002,1
1270,69898,69856,42,0.0006008755615325188,0.002,1
1271,69898,69856,42,0.0006008755615325188,0.002,1
1272,69898,69856,42,0.0006008755615325188,0.002,1
1273,69898,69856,42,0.0006008755615325188,0.002,1
1274,69898,69856,42,0.0006008755615325188,0.002,1
1275,69898,69856,42,0.0006008755615325188,0.002,1
1276,69898,69856,42,0.0006008755615325188,0.002,1
1277,69898,69856,42,0.0006008755615325188,0.002,1
1278,69898,69856,42,0.0006008755615325188,0.002,1
1279,69898,69856,42,0.0006008755615325188,0.002,1
1280,69898,69856,42,0.0006008755615325188,0.002,1
1281,69898,69856,42,0.0006008755615325188,0.002,1
1282,69898,69856,42,0.0006008755615325188,0.002,1
1283,69898,69856,42,0.0006008755615325188,0.002,1
1284,69898,69856,42,0.0006008755615325188,0.002,1
1285,69898,69856,42,0.0006008755615325188,0.002,1
1286,69898,69856,42,0.0006008755615325188,0.002,1
1287,69898,69856,42,0.0006008755615325188,0.002,1
1288,69898,69856,42,0.0006008755615325188,0.002,1
1289,69898,69856,42,0.0006008755615325188,0.002,1
1290,69898,69856,42,0.0006008755615325188,0.002,1
1291,69898,69856,42,0.0006008755615325188,0.002,1
1292,69898,69856,42,0.0006008755615325188,0.002,1
1293,69898,69856,42,0.0006008755615325188,0.002,1
1294,69898,69856,42,0.0006008755615325188,0.002,1
1295,69898,69856,42,0.0006008755615325188,0.002,1
1296,69898,69856,42,0.0006008755615325188,0.002,1
1297,69898,69856,42,0.0006008755615325188,0.002,1
1298,69898,69856,42,0.0006008755615325188,0.002,1
1299,69898,69856,42,0.0006008755615325188,0.002,1
1300,69898,69856,42,0.0006008755615325188,0.002,1
1301,69898,69856,42,0.0006008755615325188,0.002,1
1302,69898,69856,42,0.0006008755615325188,0.002,1
1303,69898,69856,42,0.0006008755615325188,0.002,1
1304,69898,69856,42,0.0006008755615325188,0.002,1
1305,69898,69856,42,0.0006008755615325188,0.002,1
1306,69898,69856,42,0.0006008755615325188,0.002,1
1307,69898,69856,42,0.0006008755615325188,0.002,1
1308,69898,69856,42,0.0006008755615325188,0.002,1
1309,69898,69856,42,0.0006008755615325188,0.002,1
1310,69898,69856,42,0.0006008755615325188,0.002,1
1311,69898,69856,42,0.0006008755615325188,0.002,1
1312,69898,69856,42,0.0006008755615325188,0.002,1
1313,69898,69856,42,0.0006008755615325188,0.002,1
1314,69898,69856,42,0.0006008755615325188,0.002,1
1315,69898,69856,42,0.0006008755615325188,0.002,1
1316,69898,69856,42,0.0006008755615325188,0.002,1
1317,69898,69856,42,0.0006008755615325188,0.002,1
1318,69898,69856,42,0.0006008755615325188,0.002,1
1319,69898,69856,42,0.0006008755615325188,0.002,1
1320,69898,69856,42,0.0006008755615325188,0.002,1
1321,69898,69856,42,0.0006008755615325188,0.002,1
1322,69898,69856,42,0.0006008755615325188,0.002,1
1323,69898,69856,42,0.0006008755615325188,0.002,1
1324,69898,69856,42,0.0006008755615325188,0.002,1
1325,69898,69856,42,0.0006008755615325188,0.002,1
1326,69898,69856,42,0.0006008755615325188,0.002,1
1327,69898,69856,42,0.0006008755615325188,0.002,1
1328,69898,69856,42,0.0006008755615325188,0.002,1
1329,69898,69856,42,0.0006008755615325188,0.002,1
1330,69898,69856,42,0.0006008755615325188,0.002,1
1331,69898,69856,42,0.0006008755615325188,0.002,1
1332,69898,69856,42,0.0006008755615325188,0.002,1
1333,69898,69856,42,0.0006008755615325188,0.002,1
1334,69898,69856,42,0.0006008755615325188,0.002,1
1335,69898,69856,42,0.0006008755615325188,0.002,1
1336,69898,69856,42,0.0006008755615325188,0.002,1
1337,69898,69856,42,0.0006008755615325188,0.002,1
1338,69898,69856,42,0.0006008755615325188,0.002,1
1339,69898,69856,42,0.0006008755615325188,0.002,1
1340,69898,69856,42,0.0006008755615325188,0.002,1
1341,69898,69856,42,0.0006008755615325188,0.002,1
1342,69898,69856,42,0.0006008755615325188,0.002,1
1343,69898,69856,42,0.0006008755615325188,0.002,1
1344,69898,69856,42,0.0006008755615325188,0.002,1
1345,69898,69856,42,0.0006008755615325188,0.002,1
1346,69898,69856,42,0.0006008755615325188,0.002,1
1347,69898,69856,42,0.0006008755615325188,0.002,1
1348,69898,69856,42,0.0006008755615325188,0.002,1
1349,69898,69856,42,0.0006008755615325188,0.002,1
1350,69898,69856,42,0.0006008755615325188,0.002,1
1351,69898,69856,42,0.0006008755615325188,0.002,1
1352,69898,69856,42,0.0006008755615325188,0.002,1
1353,69898,69856,42,0.0006008755615325188,0.002,1
1354,69898,69856,42,0.0006008755615325188,0.002,1
1355,69898,69856,42,0.0006008755615325188,0.002,1
1356,69898,69856,42,0.0006008755615325188,0.002,1
1357,69898,69856,42,0.0006008755615325188,0.002,1
1358,69898,69856,42,0.0006008755615325188,0.002,1
1359,69898,69856,42,0.0006008755615325188,0.002,1
1360,69898,69856,42,0.0006008755615325188,0.002,1
1361,69898,69856,42,0.0006008755615325188,0.002,1
1362,69898,69856,42,0.0006008755615325188,0.002,1
1363,69898,69856,42,0.0006008755615325188,0.002,1
1364,69898,69856,42,0.0006008755615325188,0.002,1
1365,69898,69856,42,0.0006008755615325188,0.002,1
1366,69898,69856,42,0.0006008755615325188,0.002,1
1367,69898,69856,42,0.0006008755615325188,0.002,1
1368,69898,69856,42,0.0006008755615325188,0.002,1
1369,69898,69856,42,0.0006008755615325188,0.002,1
1370,69898,69856,42,0.0006008755615325188,0.002,1
1371,69898,69856,42,0.0006008755615325188,0.002,1
1372,69898,69856,42,0.0006008755615325188,0.002,1
1373,69898,69856,42,0.0006008755615325188,0.002,1
1374,69898,69856,42,0.0006008755615325188,0.002,1
1375,69898,69856,42,0.0006008755615325188,0.002,1
1376,69898,69856,42,0.0006008755615325188,0.002,1
1377,69898,69856,42,0.0006008755615325188,0.002,1
1378,69898,69856,42,0.0006008755615325188,0.002,1
1379,69898,69856,42,0.0006008755615325188,0.002,1
1380,69898,69856,42,0.0006008755615325188,0.002,1
1381,69898,69856,42,0.0006008755615325188,0.002,1
1382,69898,69856,42,0.0006008755615325188,0.002,1
1383,69898,69856,42,0.0006008755615325188,0.002,1
1384,69898,69856,42,0.0006008755615325188,0.002,1
1385,69898,69856,42,0.0006008755615325188,0.002,1
1386,69898,69856,42,0.0006008755615325188,0.002,1
1387,69898,69856,42,0.0006008755615325188,0.002,1
1388,69898,69856,42,0.0006008755615325188,0.002,1
1389,69898,69856,42,0.0006008755615325188,0.002,1
1390,69898,69856,42,0.0006008755615325188,0.002,1
1391,69898,69856,42,0.0006008755615325188,0.002,1
1392,69898,69856,42,0.0006008755615325188,0.002,1
1393,69898,69856,42,0.0006008755615325188,0.002,1
1394,69898,69856,42,0.0006008755615325188,0.002,1
1395,69898,69856,42,0.0006008755615325188,0.002,1
1396,69898,69856,42,0.0006008755615325188,0.002,1
1397,69898,69856,42,0.0006008755615325188,0.002,1
1398,69898,69856,42,0.0006008755615325188,0.002,1
1399,69898,69856,42,0.0006008755615325188,0.002,1
1400,69898,69856,42,0.0006008755615325188,0.002,1
1401,69898,69856,42,0.0006008755615325188,0.002,1
1402,69898,69856,42,0.0006008755615325188,0.002,1
1403,69898,69856,42,0.0006008755615325188,0.002,1
1404,69898,69856,42,0.0006008755615325188,0.002,1
1405,69898,69856,42,0.0006008755615325188,0.002,1
1406,69898,69856,42,0.0006008755615325188,0.002,1
1407,69898,69856,42,0.0006008755615325188,0.002,1
1408,69898,69856,42,0.0006008755615325188,0.002,1
1409,69898,69856,42,0.0006008755615325188,0.002,1
1410,69898,69856,42,0.0006008755615325188,0.002,1
1411,69898,69856,42,0.0006008755615325188,0.002,1
1412,69898,69856,42,0.0006008755615325188,0.002,1
1413,69898,69856,42,0.0006008755615325188,0.002,1
1414,69898,69856,42,0.0006008755615325188,0.002,1
1415,69898,69856,42,0.0006008755615325188,0.002,1
1416,69898,69856,42,0.0006008755615325188,0.002,1
1417,69898,69856,42,0.0006008755615325188,0.002,1
1418,69898,69856,42,0.0006008755615325188,0.002,1
1419,69898,69856,42,0.0006008755615325188,0.002,1
1420,69898,69856,42,0.0006008755615325188,0.002,1
1421,69898,69856,42,0.0006008755615325188,0.002,1
1422,69898,69856,42,0.0006008755615325188,0.002,1
1423,69898,69856,42,0.0006008755615325188,0.002,1
1424,69898,69856,42,0.0006008755615325188,0.002,1
1425,69898,69856,42,0.0006008755615325188,0.002,1
1426,69898,69856,42,0.0006008755615325188,0.002,1
1427,69898,69856,42,0.0006008755615325188,0.002,1
1428,69898,69856,42,0.0006008755615325188,0.002,1
1429,69898,69856,42,0.0006008755615325188,0.002,1
1430,69898,69856,42,0.0006008755615325188,0.002,1
1431,69898,69856,42,0.0006008755615325188,0.002,1
1432,69898,69856,42,0.0006008755615325188,0.002,1
1433,69898,69856,42,0.0006008755615325188,0.002,1
1434,69898,69856,42,0.0006008755615325188,0.002,1
1435,69898,69856,42,0.0006008755615325188,0.002,1
1436,69898,69856,42,0.0006008755615325188,0.002,1
1437,69898,69856,42,0.0006008755615325188,0.002,1
1438,69898,69856,42,0.0006008755615325188,0.002,1
1439,69898,69856,42,0.0006008755615325188,0.002,1
1440,69898,69856,42,0.0006008755615325188,0.002,1
1441,69898,69856,42,0.0006008755615325188,0.002,1
1442,69898,69856,42,0.0006008755615325188,0.002,1
1443,69898,69856,42,0.0006008755615325188,0.002,1
1444,69898,69856,42,0.0006008755615325188,0.002,1
1445,69898,69856,42,0.0006008755615325188,0.002,1
1446,69898,69856,42,0.0006008755615325188,0.002,1
1447,69898,69856,42,0.0006008755615325188,0.002,1
1448,69898,69856,42,0.0006008755615325188,0.002,1
1449,69898,69856,42,0.0006008755615325188,0.002,1
1450,69898,69856,42,0.0006008755615325188,0.002,1
1451,69898,69856,42,0.0006008755615325188,0.002,1
1452,69898,69856,42,0.0006008755615325188,0.002,1
1453,69898,69856,42,0.0006008755615325188,0.002,1
1454,69898,69856,42,0.0006008755615325188,0.002,1
1455,69898,69856,42,0.0006008755615325188,0.002,1
1456,69898,69856,42,0.0006008755615325188,0.002,1
1457,69898,69856,42,0.0006008755615325188,0.002,1
1458,69898,69856,42,0.0006008755615325188,0.002,1
1459,69898,69856,42,0.0006008755615325188,0.002,1
1460,69898,69856,42,0.0006008755615325188,0.002,1
1461,69898,69856,42,0.0006008755615325188,0.002,1
1462,69898,69856,42,0.0006008755615325188,0.002,1
1463,69898,69856,42,0.0006008755615325188,0.002,1
1464,69898,69856,42,0.0006008755615325188,0.002,1
1465,69898,69856,42,0.0006008755615325188,0.002,1
1466,69898,69856,42,0.0006008755615325188,0.002,1
1467,69898,69856,42,0.0006008755615325188,0.002,1
1468,69898,69856,42,0.0006008755615325188,0.002,1
1469,69898,69856,42,0.0006008755615325188,0.002,1
1470,69898,69856,42,0.0006008755615325188,0.002,1
1471,69898,69856,42,0.0006008755615325188,0.002,1
1472,69898,69856,42,0.0006008755615325188,0.002,1
1473,69898,69856,42,0.0006008755615325188,0.002,1
1474,69898,69856,42,0.0006008755615325188,0.002,1
1475,69898,69856,42,0.0006008755615325188,0.002,1
1476,69898,69856,42,0.0006008755615325188,0.002,1
1477,69898,69856,42,0.0006008755615325188,0.002,1
1478,69898,69856,42,0.0006008755615325188,0.002,1
1479,69898,69856,42,0.0006008755615325188,0.002,1
1480,69898,69856,42,0.0006008755615325188,0.002,1
1481,69898,69856,42,0.0006008755615325188,0.002,1
1482,69898,69856,42,0.0006008755615325188,0.002,1
1483,69898,69856,42,0.0006008755615325188,0.002,1
1484,69898,69856,42,0.0006008755615325188,0.002,1
1485,69898,69856,42,0.0006008755615325188,0.002,1
1486,69898,69856,42,0.0006008755615325188,0.002,1
1487,69898,69856,42,0.0006008755615325188,0.002,1
1488,69898,69856,42,0.0006008755615325188,0.002,1
1489,69898,69856,42,0.0006008755615325188,0.002,1
1490,69898,69856,42,0.0006008755615325188,0.002,1
1491,69898,69856,42,0.0006008755615325188,0.002,1
1492,69898,69856,42,0.0006008755615325188,0.002,1
1493,69898,69856,42,0.0006008755615325188,0.002,1
1494,69898,69856,42,0.0006008755615325188,0.002,1
1495,69898,69856,42,0.0006008755615325188,0.002,1
1496,69898,69856,42,0.0006008755615325188,0.002,1
1497,69898,69856,42,0.0006008755615325188,0.002,1
1498,69898,69856,42,0.0006008755615325188,0.002,1
1499,69898,69856,42,0.0006008755615325188,0.002,1
1500,69898,69856,42,0.0006008755615325188,0.002,1
1501,69898,69856,42,0.0006008755615325188,0.002,1
1502,69898,69856,42,0.0006008755615325188,0.002,1
1503,69898,69856,42,0.0006008755615325188,0.002,1
1504,69898,69856,42,0.0006008755615325188,0.002,1
1505,69898,69856,42,0.0006008755615325188,0.002,1
1506,69898,69856,42,0.0006008755615325188,0.002,1
1507,69898,69856,42,0.0006008755615325188,0.002,1
1508,69898,69856,42,0.0006008755615325188,0.002,1
1509,69898,69856,42,0.0006008755615325188,0.002,1
1510,69898,69856,42,0.0006008755615325188,0.002,1
1511,69898,69856,42,0.0006008755615325188,0.002,1
1512,69898,69856,42,0.0006008755615325188,0.002,1
1513,69898,69856,42,0.0006008755615325188,0.002,1
1514,69898,69856,42,0.0006008755615325188,0.002,1
1515,69898,69856,42,0.0006008755615325188,0.002,1
1516,69898,69856,42,0.0006008755615325188,0.002,1
1517,69898,69856,42,0.0006008755615325188,0.002,1
1518,69898,69856,42,0.0006008755615325188,0.002,1
1519,69898,69856,42,0.0006008755615325188,0.002,1
1520,69898,69856,42,0.0006008755615325188,0.002,1
1521,69898,69856,42,0.0006008755615325188,0.002,1
1522,69898,69856,42,0.0006008755615325188,0.002,1
1523,69898,69856,42,0.0006008755615325188,0.002,1
1524,69898,69856,42,0.0006008755615325188,0.002,1
1525,69898,69856,42,0.0006008755615325188,0.002,1
1526,69898,69856,42,0.0006008755615325188,0.002,1
1527,69898,69856,42,0.0006008755615325188,0.002,1
1528,69898,69856,42,0.0006008755615325188,0.002,1
1529,69898,69856,42,0.0006008755615325188,0.002,1
1530,69898,69856,42,0.0006008755615325188,0.002,1
1531,69898,69856,42,0.0006008755615325188,0.002,1
1532,69898,69856,42,0.0006008755615325188,0.002,1
1533,69898,69856,42,0.0006008755615325188,0.002,1
1534,69898,69856,42,0.0006008755615325188,0.002,1
1535,69898,69856,42,0.0006008755615325188,0.002,1
1536,69898,69856,42,0.0006008755615325188,0.002,1
1537,69898,69856,42,0.0006008755615325188,0.002,1
1538,69898,69856,42,0.0006008755615325188,0.002,1
1539,69898,69856,42,0.0006008755615325188,0.002,1
1540,69898,69856,42,0.0006008755615325188,0.002,1
1541,69898,69856,42,0.0006008755615325188,0.002,1
1542,69898,69856,42,0.0006008755615325188,0.002,1
1543,69898,69856,42,0.0006008755615325188,0.002,1
1544,69898,69856,42,0.0006008755615325188,0.002,1
1545,69898,69856,42,0.0006008755615325188,0.002,1
1546,69898,69856,42,0.0006008755615325188,0.002,1
1547,69898,69856,42,0.0006008755615325188,0.002,1
1548,69898,69856,42,0.0006008755615325188,0.002,1
1549,69898,69856,42,0.0006008755615325188,0.002,1
1550,69898,69856,42,0.0006008755615325188,0.002,1
1551,69898,69856,42,0.0006008755615325188,0.002,1
1552,69898,69856,42,0.0006008755615325188,0.002,1
1553,69898,69856,42,0.0006008755615325188,0.002,1
1554,69898,69856,42,0.0006008755615325188,0.002,1
1555,69898,69856,42,0.0006008755615325188,0.002,1
1556,69898,69856,42,0.0006008755615325188,0.002,1
1557,69898,69856,42,0.0006008755615325188,0.002,1
1558,69898,69856,42,0.0006008755615325188,0.002,1
1559,69898,69856,42,0.0006008755615325188,0.002,1
1560,69898,69856,42,0.0006008755615325188,0.002,1
1561,69898,69856,42,0.0006008755615325188,0.002,1
1562,69898,69856,42,0.0006008755615325188,0.002,1
1563,69898,69856,42,0.0006008755615325188,0.002,1
1564,69898,69856,42,0.0006008755615325188,0.002,1
1565,69898,69856,42,0.0006008755615325188,0.002,1
1566,69898,69856,42,0.0006008755615325188,0.002,1
1567,69898,69856,42,0.0006008755615325188,0.002,1
1568,69898,69856,42,0.0006008755615325188,0.002,1
1569,69898,69856,42,0.0006008755615325188,0.002,1
1570,69898,69856,42,0.0006008755615325188,0.002,1
1571,69898,69856,42,0.0006008755615325188,0.002,1
1572,69898,69856,42,0.0006008755615325188,0.002,1
1573,69898,69856,42,0.0006008755615325188,0.002,1
1574,69898,69856,42,0.0006008755615325188,0.002,1
1575,69898,69856,42,0.0006008755615325188,0.002,1
1576,69898,69856,42,0.0006008755615325188,0.002,1
1577,69898,69856,42,0.0006008755615325188,0.002,1
1578,69898,69856,42,0.0006008755615325188,0.002,1
1579,69898,69856,42,0.0006008755615325188,0.002,1
1580,69898,69856,42,0.0006008755615325188,0.002,1
1581,69898,69856,42,0.0006008755615325188,0.002,1
1582,69898,69856,42,0.0006008755615325188,0.002,1
1583,69898,69856,42,0.0006008755615325188,0.002,1
1584,69898,69856,42,0.0006008755615325188,0.002,1
1585,69898,69856,42,0.0006008755615325188,0.002,1
1586,69898,69856,42,0.0006008755615325188,0.002,1
1587,69898,69856,42,0.0006008755615325188,0.002,1
1588,69898,69856,42,0.0006008755615325188,0.002,1
1589,69898,69856,42,0.0006008755615325188,0.002,1
1590,69898,69856,42,0.0006008755615325188,0.002,1
1591,69898,69856,42,0.0006008755615325188,0.002,1
1592,69898,69856,42,0.0006008755615325188,0.002,1
1593,69898,69856,42,0.0006008755615325188,0.002,1
1594,69898,69856,42,0.0006008755615325188,0.002,1
1595,69898,69856,42,0.0006008755615325188,0.002,1
1596,69898,69856,42,0.0006008755615325188,0.002,1
1597,69898,69856,42,0.0006008755615325188,0.002,1
1598,69898,69856,42,0.0006008755615325188,0.002,1
1599,69898,69856,42,0.0006008755615325188,0.002,1
1600,69898,69856,42,0.0006008755615325188,0.002,1
1601,69898,69856,42,0.0006008755615325188,0.002,1
1602,69898,69856,42,0.0006008755615325188,0.002,1
1603,69898,69856,42,0.0006008755615325188,0.002,1
1604,69898,69856,42,0.0006008755615325188,0.002,1
1605,69898,69856,42,0.0006008755615325188,0.002,1
1606,69898,69856,42,0.0006008755615325188,0.002,1
1607,69898,69856,42,0.0006008755615325188,0.002,1
1608,69898,69856,42,0.0006008755615325188,0.002,1
1609,69898,69856,42,0.0006008755615325188,0.002,1
1610,69898,69856,42,0.0006008755615325188,0.002,1
1611,69898,69856,42,0.0006008755615325188,0.002,1
1612,69898,69856,42,0.0006008755615325188,0.002,1
1613,69898,69856,42,0.0006008755615325188,0.002,1
1614,69898,69856,42,0.0006008755615325188,0.002,1
1615,69898,69856,42,0.0006008755615325188,0.002,1
1616,69898,69856,42,0.0006008755615325188,0.002,1
1617,69898,69856,42,0.0006008755615325188,0.002,1
1618,69898,69856,42,0.0006008755615325188,0.002,1
1619,69898,69856,42,0.0006008755615325188,0.002,1
1620,69898,69856,42,0.0006008755615325188,0.002,1
1621,69898,69856,42,0.0006008755615325188,0.002,1
1622,69898,69856,42,0.0006008755615325188,0.002,1
1623,69898,69856,42,0.0006008755615325188,0.002,1
1624,69898,69856,42,0.0006008755615325188,0.002,1
1625,69898,69856,42,0.0006008755615325188,0.002,1
1626,69898,69856,42,0.0006008755615325188,0.002,1
1627,69898,69856,42,0.0006008755615325188,0.002,1
1628,69898,69856,42,0.0006008755615325188,0.002,1
1629,69898,69856,42,0.0006008755615325188,0.002,1
1630,69898,69856,42,0.0006008755615325188,0.002,1
1631,69898,69856,42,0.0006008755615325188,0.002,1
1632,69898,69856,42,0.0006008755615325188,0.002,1
1633,69898,69856,42,0.0006008755615325188,0.002,1
1634,69898,69856,42,0.0006008755615325188,0.002,1
1635,69898,69856,42,0.0006008755615325188,0.002,1
1636,69898,69856,42,0.0006008755615325188,0.002,1
1637,69898,69856,42,0.0006008755615325188,0.002,1
1638,69898,69856,42,0.0006008755615325188,0.002,1
1639,69898,69856,42,0.0006008755615325188,0.002,1
1640,69898,69856,42,0.0006008755615325188,0.002,1
1641,69898,69856,42,0.0006008755615325188,0.002,1
1642,69898,69856,42,0.0006008755615325188,0.002,1
1643,69898,69856,42,0.0006008755615325188,0.002,1
1644,69898,69856,42,0.0006008755615325188,0.002,1
1645,69898,69856,42,0.0006008755615325188,0.002,1
1646,69898,69856,42,0.0006008755615325188,0.002,1
1647,69898,69856,42,0.0006008755615325188,0.002,1
1648,69898,69856,42,0.0006008755615325188,0.002,1
1649,69898,69856,42,0.0006008755615325188,0.002,1
1650,69898,69856,42,0.0006008755615325188,0.002,1
1651,69898,69856,42,0.0006008755615325188,0.002,1
1652,69898,69856,42,0.0006008755615325188,0.002,1
1653,69898,69856,42,0.0006008755615325188,0.002,1
1654,69898,69856,42,0.0006008755615325188,0.002,1
1655,69898,69856,42,0.0006008755615325188,0.002,1
1656,69898,69856,42,0.0006008755615325188,0.002,1
1657,69898,69856,42,0.0006008755615325188,0.002,1
1658,69898,69856,42,0.0006008755615325188,0.002,1
1659,69898,69856,42,0.0006008755615325188,0.002,1
1660,69898,69856,42,0.0006008755615325188,0.002,1
1661,69898,69856,42,0.0006008755615325188,0.002,1
1662,69898,69856,42,0.0006008755615325188,0.002,1
1663,69898,69856,42,0.0006008755615325188,0.002,1
1664,69898,69856,42,0.0006008755615325188,0.002,1
1665,69898,69856,42,0.0006008755615325188,0.002,1
1666,69898,69856,42,0.0006008755615325188,0.002,1
1667,69898,69856,42,0.0006008755615325188,0.002,1
1668,69898,69856,42,0.0006008755615325188,0.002,1
1669,69898,69856,42,0.0006008755615325188,0.002,1
1670,69898,69856,42,0.0006008755615325188,0.002,1
1671,69898,69856,42,0.0006008755615325188,0.002,1
1672,69898,69856,42,0.0006008755615325188,0.002,1
1673,69898,69856,42,0.0006008755615325188,0.002,1
1674,69898,69856,42,0.0006008755615325188,0.002,1
1675,69898,69856,42,0.0006008755615325188,0.002,1
1676,69898,69856,42,0.0006008755615325188,0.002,1
1677,69898,69856,42,0.0006008755615325188,0.002,1
1678,69898,69856,42,0.0006008755615325188,0.002,1
1679,69898,69856,42,0.0006008755615325188,0.002,1
1680,69898,69856,42,0.0006008755615325188,0.002,1
1681,69898,69856,42,0.0006008755615325188,0.002,1
1682,69898,69856,42,0.0006008755615325188,0.002,1
1683,69898,69856,42,0.0006008755615325188,0.002,1
1684,69898,69856,42,0.0006008755615325188,0.002,1
1685,69898,69856,42,0.0006008755615325188,0.002,1
1686,69898,69856,42,0.0006008755615325188,0.002,1
1687,69898,69856,42,0.0006008755615325188,0.002,1
1688,69898,69856,42,0.0006008755615325188,0.002,1
1689,69898,69856,42,0.0006008755615325188,0.002,1
1690,69898,69856,42,0.0006008755615325188,0.002,1
1691,69898,69856,42,0.0006008755615325188,0.002,1
1692,69898,69856,42,0.0006008755615325188,0.002,1
1693,69898,69856,42,0.0006008755615325188,0.002,1
1694,69898,69856,42,0.0006008755615325188,0.002,1
1695,69898,69856,42,0.0006008755615325188,0.002,1
1696,69898,69856,42,0.0006008755615325188,0.002,1
1697,69898,69856,42,0.0006008755615325188,0.002,1
1698,69898,69856,42,0.0006008755615325188,0.002,1
1699,69898,69856,42,0.0006008755615325188,0.002,1
1700,69898,69856,42,0.0006008755615325188,0.002,1
1701,69898,69856,42,0.0006008755615325188,0.002,1
1702,69898,69856,42,0.0006008755615325188,0.002,1
1703,69898,69856,42,0.0006008755615325188,0.002,1
1704,69898,69856,42,0.0006008755615325188,0.002,1
1705,69898,69856,42,0.0006008755615325188,0.002,1
1706,69898,69856,42,0.0006008755615325188,0.002,1
1707,69898,69856,42,0.0006008755615325188,0.002,1
1708,69898,69856,42,0.0006008755615325188,0.002,1
1709,69898,69856,42,0.0006008755615325188,0.002,1
1710,69898,69856,42,0.0006008755615325188,0.002,1
1711,69898,69856,42,0.0006008755615325188,0.002,1
1712,69898,69856,42,0.0006008755615325188,0.002,1
1713,69898,69856,42,0.0006008755615325188,0.002,1
1714,69898,69856,42,0.0006008755615325188,0.002,1
1715,69898,69856,42,0.0006008755615325188,0.002,1
1716,69898,69856,42,0.0006008755615325188,0.002,1
1717,69898,69856,42,0.0006008755615325188,0.002,1
1718,69898,69856,42,0.0006008755615325188,0.002,1
1719,69898,69856,42,0.0006008755615325188,0.002,1
1720,69898,69856,42,0.0006008755615325188,0.002,1
1721,69898,69856,42,0.0006008755615325188,0.002,1
1722,69898,69856,42,0.0006008755615325188,0.002,1
1723,69898,69856,42,0.0006008755615325188,0.002,1
1724,69898,69856,42,0.0006008755615325188,0.002,1
1725,69898,69856,42,0.0006008755615325188,0.002,1
1726,69898,69856,42,0.0006008755615325188,0.002,1
1727,69898,69856,42,0.0006008755615325188,0.002,1
1728,69898,69856,42,0.0006008755615325188,0.002,1
1729,69898,69856,42,0.0006008755615325188,0.002,1
1730,69898,69856,42,0.0006008755615325188,0.002,1
1731,69898,69856,42,0.0006008755615325188,0.002,1
1732,69898,69856,42,0.0006008755615325188,0.002,1
1733,69898,69856,42,0.0006008755615325188,0.002,1
1734,69898,69856,42,0.0006008755615325188,0.002,1
1735,69898,69856,42,0.0006008755615325188,0.002,1
1736,69898,69856,42,0.0006008755615325188,0.002,1
1737,69898,69856,42,0.0006008755615325188,0.002,1
1738,69898,69856,42,0.0006008755615325188,0.002,1
1739,69898,69856,42,0.0006008755615325188,0.002,1
1740,69898,69856,42,0.0006008755615325188,0.002,1
1741,69898,69856,42,0.0006008755615325188,0.002,1
1742,69898,69856,42,0.0006008755615325188,0.002,1
1743,69898,69856,42,0.0006008755615325188,0.002,1
1744,69898,69856,42,0.0006008755615325188,0.002,1
1745,69898,69856,42,0.0006008755615325188,0.002,1
1746,69898,69856,42,0.0006008755615325188,0.002,1
1747,69898,69856,42,0.0006008755615325188,0.002,1
1748,69898,69856,42,0.0006008755615325188,0.002,1
1749,69898,69856,42,0.0006008755615325188,0.002,1
1750,69898,69856,42,0.0006008755615325188,0.002,1
1751,69898,69856,42,0.0006008755615325188,0.002,1
1752,69898,69856,42,0.0006008755615325188,0.002,1
1753,69898,69856,42,0.0006008755615325188,0.002,1
1754,69898,69856,42,0.0006008755615325188,0.002,1
1755,69898,69856,42,0.0006008755615325188,0.002,1
1756,69898,69856,42,0.0006008755615325188,0.002,1
1757,69898,69856,42,0.0006008755615325188,0.002,1
1758,69898,69856,42,0.0006008755615325188,0.002,1
1759,69898,69856,42,0.0006008755615325188,0.002,1
1760,69898,69856,42,0.0006008755615325188,0.002,1
1761,69898,69856,42,0.0006008755615325188,0.002,1
1762,69898,69856,42,0.0006008755615325188,0.002,1
1763,69898,69856,42,0.0006008755615325188,0.002,1
1764,69898,69856,42,0.0006008755615325188,0.002,1
1765,69898,69856,42,0.0006008755615325188,0.002,1
1766,69898,69856,42,0.0006008755615325188,0.002,1
1767,69898,69856,42,0.0006008755615325188,0.002,1
1768,69898,69856,42,0.0006008755615325188,0.002,1
1769,69898,69856,42,0.0006008755615325188,0.002,1
1770,69898,69856,42,0.0006008755615325188,0.002,1
1771,69898,69856,42,0.0006008755615325188,0.002,1
1772,69898,69856,42,0.0006008755615325188,0.002,1
1773,69898,69856,42,0.0006008755615325188,0.002,1
1774,69898,69856,42,0.0006008755615325188,0.002,1
1775,69898,69856,42,0.0006008755615325188,0.002,1
1776,69898,69856,42,0.0006008755615325188,0.002,1
1777,69898,69856,42,0.0006008755615325188,0.002,1
1778,69898,69856,42,0.0006008755615325188,0.002,1
1779,69898,69856,42,0.0006008755615325188,0.002,1
1780,69898,69856,42,0.0006008755615325188,0.002,1
1781,69898,69856,42,0.0006008755615325188,0.002,1
1782,69898,69856,42,0.0006008755615325188,0.002,1
1783,69898,69856,42,0.0006008755615325188,0.002,1
1784,69898,69856,42,0.0006008755615325188,0.002,1
1785,69898,69856,42,0.0006008755615325188,0.002,1
1786,69898,69856,42,0.0006008755615325188,0.002,1
1787,69898,69856,42,0.0006008755615325188,0.002,1
1788,69898,69856,42,0.0006008755615325188,0.002,1
1789,69898,69856,42,0.0006008755615325188,0.002,1
1790,69898,69856,42,0.0006008755615325188,0.002,1
1791,69898,69856,42,0.0006008755615325188,0.002,1
1792,69898,69856,42,0.0006008755615325188,0.002,1
1793,69898,69856,42,0.0006008755615325188,0.002,1
1794,69898,69856,42,0.0006008755615325188,0.002,1
1795,69898,69856,42,0.0006008755615325188,0.002,1
1796,69898,69856,42,0.0006008755615325188,0.002,1
1797,69898,69856,42,0.0006008755615325188,0.002,1
1798,69898,69856,42,0.0006008755615325188,0.002,1
1799,69898,69856,42,0.0006008755615325188,0.002,1
1800,69898,69856,42,0.0006008755615325188,0.002,1
1801,69898,69856,42,0.0006008755615325188,0.002,1
1802,69898,69856,42,0.0006008755615325188,0.002,1
1803,69898,69856,42,0.0006008755615325188,0.002,1
1804,69898,69856,42,0.0006008755615325188,0.002,1
1805,69898,69856,42,0.0006008755615325188,0.002,1
1806,69898,69856,42,0.0006008755615325188,0.002,1
1807,69898,69856,42,0.0006008755615325188,0.002,1
1808,69898,69856,42,0.0006008755615325188,0.002,1
1809,69898,69856,42,0.0006008755615325188,0.002,1
1810,69898,69856,42,0.0006008755615325188,0.002,1
1811,69898,69856,42,0.0006008755615325188,0.002,1
1812,69898,69856,42,0.0006008755615325188,0.002,1
1813,69898,69856,42,0.0006008755615325188,0.002,1
1814,69898,69856,42,0.0006008755615325188,0.002,1
1815,69898,69856,42,0.0006008755615325188,0.002,1
1816,69898,69856,42,0.0006008755615325188,0.002,1
1817,69898,69856,42,0.0006008755615325188,0.002,1
1818,69898,69856,42,0.0006008755615325188,0.002,1
1819,69898,69856,42,0.0006008755615325188,0.002,1
1820,69898,69856,42,0.0006008755615325188,0.002,1
1821,69898,69856,42,0.0006008755615325188,0.002,1
1822,69898,69856,42,0.0006008755615325188,0.002,1
1823,69898,69856,42,0.0006008755615325188,0.002,1
1824,69898,69856,42,0.0006008755615325188,0.002,1
1825,69898,69856,42,0.0006008755615325188,0.002,1
1826,69898,69856,42,0.0006008755615325188,0.002,1
1827,69898,69856,42,0.0006008755615325188,0.002,1
1828,69898,69856,42,0.0006008755615325188,0.002,1
1829,69898,69856,42,0.0006008755615325188,0.002,1
1830,69898,69856,42,0.0006008755615325188,0.002,1
1831,69898,69856,42,0.0006008755615325188,0.002,1
1832,69898,69856,42,0.0006008755615325188,0.002,1
1833,69898,69856,42,0.0006008755615325188,0.002,1
1834,69898,69856,42,0.0006008755615325188,0.002,1
1835,69898,69856,42,0.0006008755615325188,0.002,1
1836,69898,69856,42,0.0006008755615325188,0.002,1
1837,69898,69856,42,0.0006008755615325188,0.002,1
1838,69898,69856,42,0.0006008755615325188,0.002,1
1839,69898,69856,42,0.0006008755615325188,0.002,1
1840,69898,69856,42,0.0006008755615325188,0.002,1
1841,69898,69856,42,0.0006008755615325188,0.002,1
1842,69898,69856,42,0.0006008755615325188,0.002,1
1843,69898,69856,42,0.0006008755615325188,0.002,1
1844,69898,69856,42,0.0006008755615325188,0.002,1
1845,69898,69856,42,0.0006008755615325188,0.002,1
1846,69898,69856,42,0.0006008755615325188,0.002,1
1847,69898,69856,42,0.0006008755615325188,0.002,1
1848,69898,69856,42,0.0006008755615325188,0.002,1
1849,69898,69856,42,0.0006008755615325188,0.002,1
1850,69898,69856,42,0.0006008755615325188,0.002,1
1851,69898,69856,42,0.0006008755615325188,0.002,1
1852,69898,69856,42,0.0006008755615325188,0.002,1
1853,69898,69856,42,0.0006008755615325188,0.002,1
1854,69898,69856,42,0.0006008755615325188,0.002,1
1855,69898,69856,42,0.0006008755615325188,0.002,1
1856,69898,69856,42,0.0006008755615325188,0.002,1
1857,69898,69856,42,0.0006008755615325188,0.002,1
1858,69898,69856,42,0.0006008755615325188,0.002,1
1859,69898,69856,42,0.0006008755615325188,0.002,1
1860,69898,69856,42,0.0006008755615325188,0.002,1
1861,69898,69856,42,0.0006008755615325188,0.002,1
1862,69898,69856,42,0.0006008755615325188,0.002,1
1863,69898,69856,42,0.0006008755615325188,0.002,1
1864,69898,69856,42,0.0006008755615325188,0.002,1
1865,69898,69856,42,0.0006008755615325188,0.002,1
1866,69898,69856,42,0.0006008755615325188,0.002,1
1867,69898,69856,42,0.0006008755615325188,0.002,1
1868,69898,69856,42,0.0006008755615325188,0.002,1
1869,69898,69856,42,0.0006008755615325188,0.002,1
1870,69898,69856,42,0.0006008755615325188,0.002,1
1871,69898,69856,42,0.0006008755615325188,0.002,1
1872,69898,69856,42,0.0006008755615325188,0.002,1
1873,69898,69856,42,0.0006008755615325188,0.002,1
1874,69898,69856,42,0.0006008755615325188,0.002,1
1875,69898,69856,42,0.0006008755615325188,0.002,1
1876,69898,69856,42,0.0006008755615325188,0.002,1
1877,69898,69856,42,0.0006008755615325188,0.002,1
1878,69898,69856,42,0.0006008755615325188,0.002,1
1879,69898,69856,42,0.0006008755615325188,0.002,1
1880,69898,69856,42,0.0006008755615325188,0.002,1
1881,69898,69856,42,0.0006008755615325188,0.002,1
1882,69898,69856,42,0.0006008755615325188,0.002,1
1883,69898,69856,42,0.0006008755615325188,0.002,1
1884,69898,69856,42,0.0006008755615325188,0.002,1
1885,69898,69856,42,0.0006008755615325188,0.002,1
1886,69898,69856,42,0.0006008755615325188,0.002,1
1887,69898,69856,42,0.0006008755615325188,0.002,1
1888,69898,69856,42,0.0006008755615325188,0.002,1
1889,69898,69856,42,0.0006008755615325188,0.002,1
1890,69898,69856,42,0.0006008755615325188,0.002,1
1891,69898,69856,42,0.0006008755615325188,0.002,1
1892,69898,69856,42,0.0006008755615325188,0.002,1
1893,69898,69856,42,0.0006008755615325188,0.002,1
1894,69898,69856,42,0.0006008755615325188,0.002,1
1895,69898,69856,42,0.0006008755615325188,0.002,1
1896,69898,69856,42,0.0006008755615325188,0.002,1
1897,69898,69856,42,0.0006008755615325188,0.002,1
1898,69898,69856,42,0.0006008755615325188,0.002,1
1899,69898,69856,42,0.0006008755615325188,0.002,1
1900,69898,69856,42,0.0006008755615325188,0.002,1
1901,69898,69856,42,0.0006008755615325188,0.002,1
1902,69898,69856,42,0.0006008755615325188,0.002,1
1903,69898,69856,42,0.0006008755615325188,0.002,1
1904,69898,69856,42,0.0006008755615325188,0.002,1
1905,69898,69856,42,0.0006008755615325188,0.002,1
1906,69898,69856,42,0.0006008755615325188,0.002,1
1907,69898,69856,42,0.0006008755615325188,0.002,1
1908,69898,69856,42,0.0006008755615325188,0.002,1
1909,69898,69856,42,0.0006008755615325188,0.002,1
1910,69898,69856,42,0.0006008755615325188,0.002,1
1911,69898,69856,42,0.0006008755615325188,0.002,1
1912,69898,69856,42,0.0006008755615325188,0.002,1
1913,69898,69856,42,0.0006008755615325188,0.002,1
1914,69898,69856,42,0.0006008755615325188,0.002,1
1915,69898,69856,42,0.0006008755615325188,0.002,1
1916,69898,69856,42,0.0006008755615325188,0.002,1
1917,69898,69856,42,0.0006008755615325188,0.002,1
1918,69898,69856,42,0.0006008755615325188,0.002,1
1919,69898,69856,42,0.0006008755615325188,0.002,1
1920,69898,69856,42,0.0006008755615325188,0.002,1
1921,69898,69856,42,0.0006008755615325188,0.002,1
1922,69898,69856,42,0.0006008755615325188,0.002,1
1923,69898,69856,42,0.0006008755615325188,0.002,1
1924,69898,69856,42,0.0006008755615325188,0.002,1
1925,69898,69856,42,0.0006008755615325188,0.002,1
1926,69898,69856,42,0.0006008755615325188,0.002,1
1927,69898,69856,42,0.0006008755615325188,0.002,1
1928,69898,69856,42,0.0006008755615325188,0.002,1
1929,69898,69856,42,0.0006008755615325188,0.002,1
1930,69898,69856,42,0.0006008755615325188,0.002,1
1931,69898,69856,42,0.0006008755615325188,0.002,1
1932,69898,69856,42,0.0006008755615325188,0.002,1
1933,69898,69856,42,0.0006008755615325188,0.002,1
1934,69898,69856,42,0.0006008755615325188,0.002,1
1935,69898,69856,42,0.0006008755615325188,0.002,1
1936,69898,69856,42,0.0006008755615325188,0.002,1
1937,69898,69856,42,0.0006008755615325188,0.002,1
1938,69898,69856,42,0.0006008755615325188,0.002,1
1939,69898,69856,42,0.0006008755615325188,0.002,1
1940,69898,69856,42,0.0006008755615325188,0.002,1
1941,69898,69856,42,0.0006008755615325188,0.002,1
1942,69898,69856,42,0.0006008755615325188,0.002,1
1943,69898,69856,42,0.0006008755615325188,0.002,1
1944,69898,69856,42,0.0006008755615325188,0.002,1
1945,69898,69856,42,0.0006008755615325188,0.002,1
1946,69898,69856,42,0.0006008755615325188,0.002,1
1947,69898,69856,42,0.0006008755615325188,0.002,1
1948,69898,69856,42,0.0006008755615325188,0.002,1
1949,69898,69856,42,0.0006008755615325188,0.002,1
1950,69898,69856,42,0.0006008755615325188,0.002,1
1951,69898,69856,42,0.0006008755615325188,0.002,1
1952,69898,69856,42,0.0006008755615325188,0.002,1
1953,69898,69856,42,0.0006008755615325188,0.002,1
1954,69898,69856,42,0.0006008755615325188,0.002,1
1955,69898,69856,42,0.0006008755615325188,0.002,1
1956,69898,69856,42,0.0006008755615325188,0.002,1
1957,69898,69856,42,0.0006008755615325188,0.002,1
1958,69898,69856,42,0.0006008755615325188,0.002,1
1959,69898,69856,42,0.0006008755615325188,0.002,1
1960,69898,69856,42,0.0006008755615325188,0.002,1
1961,69898,69856,42,0.0006008755615325188,0.002,1
1962,69898,69856,42,0.0006008755615325188,0.002,1
1963,69898,69856,42,0.0006008755615325188,0.002,1
1964,69898,69856,42,0.0006008755615325188,0.002,1
1965,69898,69856,42,0.0006008755615325188,0.002,1
1966,69898,69856,42,0.0006008755615325188,0.002,1
1967,69898,69856,42,0.0006008755615325188,0.002,1
1968,69898,69856,42,0.0006008755615325188,0.002,1
1969,69898,69856,42,0.0006008755615325188,0.002,1
1970,69898,69856,42,0.0006008755615325188,0.002,1
1971,69898,69856,42,0.0006008755615325188,0.002,1
1972,69898,69856,42,0.0006008755615325188,0.002,1
1973,69898,69856,42,0.0006008755615325188,0.002,1
1974,69898,69856,42,0.0006008755615325188,0.002,1
1975,69898,69856,42,0.0006008755615325188,0.002,1
1976,69898,69856,42,0.0006008755615325188,0.002,1
1977,69898,69856,42,0.0006008755615325188,0.002,1
1978,69898,69856,42,0.0006008755615325188,0.002,1
1979,69898,69856,42,0.0006008755615325188,0.002,1
1980,69898,69856,42,0.0006008755615325188,0.002,1
1981,69898,69856,42,0.0006008755615325188,0.002,1
1982,69898,69856,42,0.0006008755615325188,0.002,1
1983,69898,69856,42,0.0006008755615325188,0.002,1
1984,69898,69856,42,0.0006008755615325188,0.002,1
1985,69898,69856,42,0.0006008755615325188,0.002,1
1986,69898,69856,42,0.0006008755615325188,0.002,1
1987,69898,69856,42,0.0006008755615325188,0.002,1
1988,69898,69856,42,0.0006008755615325188,0.002,1
1989,69898,69856,42,0.0006008755615325188,0.002,1
1990,69898,69856,42,0.0006008755615325188,0.002,1
1991,69898,69856,42,0.0006008755615325188,0.002,1
1992,69898,69856,42,0.0006008755615325188,0.002,1
1993,69898,69856,42,0.0006008755615325188,0.002,1
1994,69898,69856,42,0.0006008755615325188,0.002,1
1995,69898,69856,42,0.0006008755615325188,0.002,1
1996,69898,69856,42,0.0006008755615325188,0.002,1
1997,69898,69856,42,0.0006008755615325188,0.002,1
1998,69898,69856,42,0.0006008755615325188,0.002,1
1999,69898,69856,42,0.0006008755615325188,0.002,1
2000,69898,69856,42,0.0006008755615325188,0.002,1
